0,1
0,2
0,3
0,4
0,5
0,6
7,1
7,2
7,3
7,4
7,5
7,6
8,3
8,9
8,1
8,5
10,11
10,9
10,12
10,1
10,2
10,5
10,13
14,1
14,2
14,3
14,4
14,5
14,6
15,9
15,5
15,13
16,5
16,1
16,17
16,13
18,13
18,19
20,13
20,19
21,13
21,19
22,13
22,19
23,13
23,19
24,13
24,19
25,13
25,19
26,9
26,1
27,3
27,9
27,5
28,29
28,9
28,1
30,29
30,9
30,1
31,29
31,9
31,1
32,29
32,9
32,1
33,3
33,5
34,3
34,5
35,3
35,5
36,5
36,9
36,1
37,3
38,3
38,5
39,40
39,9
39,29
39,1
39,17
39,6
41,40
41,9
41,29
41,1
41,17
41,6
42,3
42,5
43,3
43,5
44,29
44,1
44,5
45,2
45,1
46,47
46,29
46,4
46,3
46,6
48,29
48,9
48,1
48,5
49,29
49,1
50,5
50,9
50,1
51,5
51,9
51,1
52,3
53,4
53,1
54,5
54,1
54,17
54,13
55,9
55,1
55,4
55,56
55,6
57,9
57,5
58,9
58,5
59,9
59,1
59,4
59,56
59,6
60,2
60,9
60,1
60,5
61,9
61,5
62,2
62,9
62,1
62,5
63,3
63,5
64,3
64,9
64,1
64,5
65,9
65,5
65,13
66,3
66,5
67,3
67,5
68,3
69,9
69,5
70,3
70,5
71,3
71,5
72,3
73,1
73,4
73,74
73,75
73,17
76,3
76,5
77,3
77,5
78,29
78,9
78,1
79,29
79,9
79,1
80,3
81,4
81,3
81,1
81,5
82,9
82,1
82,83
82,5
82,6
84,3
85,2
85,9
85,1
85,5
86,3
86,5
87,2
87,9
87,1
87,5
88,3
88,5
89,9
89,12
89,1
89,5
89,13
90,3
90,5
91,3
92,3
93,2
93,1
93,13
94,29
94,9
94,1
95,11
95,5
96,3
96,13
96,6
97,11
97,3
97,5
98,3
99,3
100,3
101,3
102,3
103,3
103,5
104,9
104,1
104,4
104,56
104,6
105,2
105,29
106,3
107,3
108,9
108,1
109,47
109,29
109,4
109,3
109,6
110,29
110,9
110,1
110,111
112,3
112,9
112,13
113,11
113,3
113,5
114,3
114,5
115,3
115,11
116,3
116,1
116,5
117,9
117,1
117,5
118,11
118,3
118,5
119,9
119,5
120,11
120,3
120,5
121,3
121,5
122,3
122,1
122,5
123,9
123,5
124,3
124,5
125,3
125,11
126,47
126,29
126,4
126,3
126,6
127,29
127,1
128,3
128,5
129,3
130,11
130,3
130,5
131,5
131,1
131,17
131,13
132,5
132,17
132,13
133,29
133,1
134,29
134,1
135,9
135,5
136,29
136,1
136,5
137,3
137,5
137,13
137,6
138,3
138,1
138,5
139,29
139,1
140,4
140,1
140,6
141,3
142,3
143,2
144,3
144,5
145,9
145,5
146,29
146,9
146,1
147,3
148,29
148,9
148,1
149,29
149,1
150,3
150,5
150,13
151,1
151,5
152,3
152,5
153,2
153,1
154,3
154,5
154,13
155,40
155,9
155,29
155,1
155,5
155,13
156,9
156,1
157,9
157,1
158,9
158,1
159,11
159,5
160,3
160,161
160,5
160,83
162,3
162,5
163,3
163,5
164,9
164,83
164,2
164,3
164,17
165,166
165,19
167,3
167,161
168,9
168,12
168,1
168,5
168,13
169,3
169,9
169,1
169,5
170,3
170,5
170,6
171,9
172,9
172,83
172,2
172,3
172,17
173,3
174,3
174,5
175,29
175,9
176,40
176,9
176,29
176,1
176,2
176,4
176,56
176,13
176,6
177,3
177,1
177,5
178,2
178,3
178,1
178,5
179,9
179,5
180,9
181,4
181,1
181,6
182,3
182,5
183,9
183,5
183,13
184,9
184,1
184,4
184,56
184,6
185,4
185,1
185,6
186,3
186,5
187,3
187,9
187,5
188,9
188,5
189,29
189,1
189,5
190,9
190,1
191,9
191,5
192,9
193,9
194,3
194,5
195,11
195,9
195,2
195,4
195,5
196,3
196,1
196,5
197,3
197,9
197,5
198,9
199,3
199,9
199,5
200,9
201,3
201,9
201,5
202,3
202,9
202,5
203,9
203,1
204,9
204,12
204,1
204,5
204,13
205,9
205,5
206,9
206,5
206,13
207,29
207,9
207,1
208,3
209,47
209,29
209,4
209,3
209,6
210,9
210,1
210,4
210,56
210,6
211,4
211,1
211,6
212,29
212,9
212,1
213,4
213,1
213,6
214,9
214,5
215,4
215,1
215,6
216,3
216,5
217,4
217,1
217,6
218,3
218,5
219,47
219,29
219,4
219,3
219,6
220,29
220,9
220,1
221,1
221,3
221,5
221,13
221,17
222,3
223,29
223,9
223,1
224,3
224,161
225,9
225,83
225,2
225,3
225,17
226,29
226,1
227,3
227,161
228,3
228,5
229,29
229,1
229,5
230,9
230,5
231,4
231,1
231,6
232,40
232,9
232,29
232,1
232,2
232,4
232,56
232,13
232,6
233,3
234,47
234,29
234,4
234,3
234,6
235,29
235,9
235,1
235,5
236,4
236,11
236,1
237,9
237,1
238,3
238,5
239,9
239,1
240,9
240,5
241,4
241,1
241,6
242,9
242,5
243,9
243,5
244,3
244,161
245,3
245,5
246,3
246,5
246,13
247,40
247,9
247,29
247,1
247,5
247,13
248,9
248,1
249,9
249,1
250,11
250,5
251,3
251,161
251,5
251,83
252,3
252,5
253,3
253,5
254,2
254,3
254,9
255,29
255,1
256,3
257,2
257,3
257,1
257,5
258,40
258,1
258,3
258,5
258,6
259,40
259,1
259,3
259,5
259,6
260,9
260,5
261,1
261,2
261,3
261,4
261,5
261,6
262,3
262,9
262,5
263,3
263,1
263,5
264,2
264,3
264,1
264,5
265,3
265,9
265,5
266,9
266,1
267,9
267,5
268,9
268,5
269,3
269,13
270,3
270,13
271,3
271,5
272,29
272,9
272,1
273,3
273,5
274,3
274,5
275,9
275,5
276,13
276,19
277,9
277,5
278,29
278,9
278,1
279,29
279,9
279,1
280,29
280,9
280,1
281,29
281,9
281,1
282,3
282,5
283,9
283,5
284,3
284,1
284,5
285,2
285,3
285,1
285,5
286,3
287,3
288,4
288,3
288,1
288,5
289,3
289,9
289,5
290,3
291,9
291,5
292,3
292,13
293,9
293,5
294,9
295,3
295,1
295,5
296,9
296,5
297,9
297,5
298,9
298,5
299,9
299,5
300,4
300,11
300,1
301,29
301,9
301,1
302,29
302,9
302,1
303,4
303,11
303,1
304,3
305,3
305,1
305,5
306,9
306,5
307,9
307,5
308,3
308,1
308,5
309,4
309,11
309,1
310,4
310,11
310,1
311,11
311,5
312,12
312,3
312,56
312,5
312,74
312,17
313,9
313,5
314,9
314,5
315,40
315,9
315,316
315,47
315,29
315,1
315,83
315,317
315,56
315,5
315,74
315,13
315,17
315,318
315,6
319,40
319,1
319,5
320,29
320,9
320,1
321,3
322,3
323,3
323,9
323,5
324,3
324,9
324,5
325,29
325,9
325,1
326,3
326,5
327,4
327,11
327,1
328,3
329,47
329,29
329,4
329,3
329,6
330,29
330,9
330,1
331,3
331,1
332,3
333,9
333,5
333,13
334,9
334,5
335,29
335,9
335,1
336,2
336,9
337,29
337,9
337,1
338,5
338,9
338,1
339,29
339,13
339,6
340,2
340,3
340,1
340,5
341,4
341,11
341,1
342,3
342,5
343,3
343,9
343,5
344,9
344,5
345,3
345,9
345,5
346,3
346,5
347,29
347,1
348,29
348,9
348,1
349,3
349,1
349,5
350,3
350,1
350,5
351,9
351,5
352,5
352,17
352,13
353,3
353,9
353,5
354,3
354,5
355,29
355,9
355,1
356,29
356,9
356,1
357,29
357,9
357,1
358,47
358,29
358,4
358,3
358,6
359,29
359,9
359,1
360,3
360,5
361,9
361,5
362,9
362,1
363,3
363,9
363,1
363,5
364,3
364,9
364,5
365,29
365,9
365,1
366,3
367,3
367,5
368,1
368,5
369,3
369,5
370,3
370,5
371,29
371,9
371,1
372,3
372,5
373,9
373,5
374,3
374,5
375,3
375,9
375,5
376,29
376,1
376,5
377,9
377,5
378,9
378,5
379,3
379,5
380,9
380,5
381,9
381,5
382,3
382,5
383,29
383,9
383,1
384,9
384,5
385,3
385,9
385,5
386,9
386,5
387,9
387,5
388,9
388,5
389,3
389,5
390,3
390,5
391,3
392,29
392,9
392,1
393,9
393,5
394,9
394,5
395,3
396,9
396,5
397,3
398,9
398,5
399,29
399,9
399,1
400,9
400,5
401,29
401,9
401,1
402,3
402,1
402,5
403,29
403,9
403,1
404,9
404,5
405,1
405,5
406,40
406,9
406,316
406,47
406,29
406,1
406,83
406,317
406,56
406,5
406,74
406,13
406,17
406,318
406,6
407,3
407,13
408,9
408,5
409,29
409,9
409,1
410,3
410,9
410,5
411,3
411,1
411,5
412,3
412,1
412,5
413,9
413,5
414,9
414,5
415,9
415,5
416,9
416,5
417,3
417,5
417,13
417,6
418,9
418,5
419,3
419,9
419,1
420,40
420,9
420,29
420,1
420,17
420,6
421,40
421,1
421,3
421,5
421,6
422,9
422,83
422,2
422,3
422,17
423,9
423,5
424,3
424,9
424,5
425,9
425,5
426,3
426,1
426,5
427,9
427,5
428,3
428,9
428,1
429,3
429,5
430,9
430,5
431,9
431,5
432,3
432,5
433,29
433,9
433,1
433,111
434,9
434,5
435,9
435,5
436,3
436,1
437,3
437,5
438,9
438,5
439,3
439,1
440,47
440,29
440,4
440,3
440,6
441,3
441,5
442,3
442,5
443,5
443,9
443,1
444,3
444,5
445,9
445,5
446,9
446,5
447,3
448,9
448,5
449,4
449,11
449,1
450,29
450,9
450,1
451,3
451,5
452,29
452,1
453,4
453,1
453,6
454,3
455,9
455,5
456,9
456,5
457,3
458,9
458,5
459,3
460,3
460,9
460,5
461,3
461,5
462,9
462,5
463,9
463,5
464,9
464,5
465,29
465,9
465,1
466,3
466,5
467,29
467,9
467,1
468,9
468,5
469,9
469,5
470,9
470,5
471,9
471,5
472,3
472,1
472,5
473,40
473,5
474,9
474,1
474,5
475,9
475,1
475,5
476,29
476,9
476,1
477,9
477,5
478,9
478,5
479,9
479,5
480,29
480,9
480,1
481,29
481,9
481,1
482,9
482,5
483,47
483,29
483,4
483,3
483,6
484,9
484,5
485,3
485,5
486,11
486,3
486,5
487,9
487,1
487,4
487,56
487,6
488,47
488,29
488,4
488,3
488,6
489,11
489,3
489,5
490,11
490,3
490,5
491,9
491,13
492,3
492,5
493,9
493,5
494,3
494,9
494,5
495,3
495,5
496,9
496,1
496,83
496,5
496,6
497,11
497,5
498,11
498,5
499,11
499,5
500,11
500,5
501,3
501,5
502,3
502,5
503,29
503,1
503,5
504,47
504,29
504,4
504,3
504,6
505,47
505,29
505,4
505,3
505,6
506,9
506,5
507,1
507,5
507,13
508,3
509,9
509,83
509,2
509,3
509,17
510,3
511,2
511,1
512,9
513,3
513,11
514,40
514,1
514,3
514,5
514,6
515,3
516,3
517,3
518,5
518,1
518,17
518,13
519,5
519,1
519,17
519,13
520,11
520,9
520,2
520,4
520,5
521,2
521,11
521,5
522,29
522,1
522,5
523,9
523,5
523,13
524,29
524,1
525,29
525,1
526,29
526,9
526,1
527,9
527,5
528,3
528,5
529,29
529,1
530,3
531,9
531,83
531,2
531,3
531,17
532,3
532,1
532,5
533,29
533,1
533,5
534,9
534,1
535,9
535,1
536,4
536,1
536,6
537,3
537,5
537,13
538,40
538,9
538,29
538,1
538,5
538,13
539,9
539,1
540,9
540,1
541,9
541,1
542,11
542,5
543,3
543,161
543,5
543,83
544,9
544,1
545,29
545,9
545,1
545,13
546,2
546,3
546,47
546,83
547,9
547,12
547,1
547,5
547,13
548,9
548,12
548,1
548,5
548,13
549,9
549,1
549,83
549,4
549,2
549,5
549,17
550,3
550,5
551,40
551,9
551,29
551,1
551,2
551,4
551,56
551,13
551,6
552,3
552,5
553,9
553,5
554,3
555,9
555,5
556,2
556,3
556,1
556,5
557,3
557,5
558,29
558,1
558,5
559,1
559,2
559,3
559,4
559,5
559,6
560,1
560,2
560,3
560,4
560,5
560,6
561,3
561,5
562,3
562,1
562,5
563,1
563,5
564,3
564,5
564,6
565,3
565,5
566,3
566,1
566,5
567,4
567,3
567,1
567,5
568,3
568,5
569,4
569,11
569,1
570,2
570,3
570,5
571,9
571,5
572,3
572,5
573,4
573,5
574,5
574,9
574,1
575,3
576,9
576,5
577,1
577,5
577,13
578,9
578,83
578,2
578,3
578,17
579,2
579,3
579,5
580,3
581,9
581,13
582,3
582,5
583,9
583,5
584,3
584,5
585,9
585,5
586,3
586,5
587,166
587,19
588,47
588,83
588,2
588,13
588,17
588,6
589,3
589,13
589,6
590,317
590,2
590,5
590,4
591,2
591,1
592,3
592,1
593,2
593,9
593,1
593,5
594,3
594,5
595,9
595,83
595,3
595,111
595,13
595,6
596,29
596,9
596,1
597,3
597,5
598,12
598,3
598,56
598,5
598,74
598,17
599,3
600,3
601,4
601,9
601,1
601,5
602,9
602,1
602,4
602,56
602,6
603,3
603,5
604,3
604,5
605,9
605,1
606,47
606,29
606,2
606,5
606,17
607,3
607,5
608,12
608,3
608,56
608,5
608,74
608,17
609,3
609,5
610,3
610,5
611,3
611,5
612,3
612,5
613,9
613,5
614,9
614,5
615,29
615,9
615,1
616,3
616,5
617,9
617,1
618,1
618,17
619,3
619,5
620,3
620,5
621,3
621,5
622,9
622,5
623,3
623,5
624,9
624,1
625,9
625,5
626,3
626,9
626,5
626,13
627,9
627,1
628,9
628,13
629,29
629,1
629,5
630,29
630,1
630,5
631,9
632,2
632,1
633,3
633,5
634,3
634,5
635,3
636,29
636,13
636,6
637,9
637,5
638,3
638,1
638,5
639,3
640,3
640,5
641,9
641,5
642,3
642,161
643,3
643,5
644,1
644,2
644,3
644,4
644,5
644,6
645,29
645,1
645,5
646,47
646,29
646,4
646,3
646,6
647,1
647,5
648,29
648,1
648,5
649,3
649,161
650,3
650,9
650,5
651,29
651,9
651,1
652,9
652,5
653,9
654,29
654,1
654,5
655,9
655,1
656,3
656,5
657,3
657,5
658,29
658,9
658,1
659,9
659,1
659,4
659,56
659,6
660,9
660,5
661,9
661,5
662,9
662,5
663,9
663,5
664,9
664,5
665,9
665,83
665,3
665,111
665,13
665,6
666,9
666,5
667,9
667,5
668,3
668,5
669,9
669,5
670,3
671,3
671,161
672,9
672,5
673,9
673,5
674,3
674,5
675,29
675,1
675,5
676,9
677,3
677,1
677,5
678,9
678,5
679,9
679,1
680,9
680,5
681,9
681,1
682,9
682,1
683,9
684,29
684,9
684,1
685,3
685,5
686,3
686,5
687,5
687,17
687,13
688,3
688,5
689,9
689,83
689,2
689,3
689,17
690,3
690,5
691,11
691,3
691,5
692,3
692,5
693,9
693,5
694,3
694,5
695,29
695,9
695,1
696,3
696,5
697,3
697,5
698,1
698,2
698,3
698,4
698,5
698,6
699,9
699,5
700,9
700,12
700,1
700,5
700,13
701,12
701,3
701,56
701,5
701,74
701,17
702,4
702,1
702,6
703,9
703,5
704,4
704,3
704,1
704,5
705,9
705,5
706,1
706,4
706,74
706,75
706,17
707,9
707,5
708,3
708,5
709,40
709,1
709,5
710,3
711,29
711,6
711,17
711,83
712,3
712,161
712,17
713,40
713,9
713,29
713,1
713,17
713,6
714,3
714,5
715,317
715,2
715,5
715,4
716,1
716,3
716,5
716,13
716,17
717,9
717,1
718,3
718,5
719,29
719,1
719,5
720,11
720,5
721,29
721,1
721,5
722,3
722,5
723,3
723,5
724,29
724,9
724,1
725,3
725,5
726,3
726,5
727,3
727,5
728,40
728,9
728,29
728,1
728,2
728,4
728,56
728,13
728,6
729,11
729,3
729,5
730,47
730,29
730,2
730,5
730,17
731,29
731,9
731,1
732,3
732,9
732,5
733,29
733,1
733,5
734,3
735,3
736,3
736,9
736,5
737,9
737,1
738,40
738,9
738,29
738,1
738,2
738,4
738,56
738,13
738,6
739,3
739,9
739,5
740,3
740,1
740,5
741,9
741,5
742,29
742,9
742,1
743,4
743,11
743,1
744,3
744,1
744,5
745,29
745,6
745,17
745,83
746,3
746,161
746,17
747,9
747,1
747,4
747,56
747,6
748,3
748,5
749,11
749,5
750,3
750,9
750,5
751,4
751,11
751,1
752,4
752,11
752,1
753,9
753,1
753,83
753,5
753,6
754,3
754,9
754,5
755,3
755,5
756,3
756,5
757,4
757,11
757,1
758,9
758,13
759,9
759,5
760,3
760,5
761,12
761,2
761,3
761,5
761,17
762,3
762,9
762,5
763,3
763,5
764,3
765,9
765,5
766,9
766,5
767,3
767,9
767,5
768,29
768,9
768,1
769,3
769,5
770,3
771,3
771,5
772,2
772,9
772,1
772,5
773,3
773,9
773,5
774,1
775,3
775,5
776,3
776,5
777,5
777,9
777,1
778,3
778,5
779,29
779,9
779,1
780,9
780,5
781,11
781,3
781,5
782,9
782,83
782,2
782,3
782,17
783,4
783,9
783,1
783,5
784,9
784,1
784,5
785,40
785,1
785,3
785,5
785,6
786,9
786,5
787,9
787,5
788,3
788,5
789,2
789,29
790,2
790,1
791,29
791,1
791,5
792,3
792,9
792,1
792,5
793,3
793,9
793,1
793,5
794,3
794,5
795,11
795,3
795,5
796,3
797,9
797,1
798,29
798,1
799,9
799,5
800,3
801,1
801,4
801,74
801,75
801,17
802,9
802,5
803,3
803,161
804,9
804,5
805,12
805,3
805,56
805,5
805,74
805,17
806,9
806,5
807,4
807,1
807,6
808,4
808,1
808,6
809,9
809,5
810,3
810,1
811,29
811,1
812,29
812,9
812,1
812,5
813,29
813,9
813,1
813,5
814,29
814,9
814,1
814,111
815,4
815,1
815,6
816,2
816,9
816,1
816,5
817,9
817,1
818,9
818,5
818,13
819,2
819,29
820,9
820,5
821,9
821,5
822,2
822,9
822,1
822,5
823,4
823,1
823,6
824,4
824,3
824,1
824,5
825,29
825,9
825,1
826,5
826,17
826,13
827,3
827,9
827,5
828,4
828,1
828,6
829,2
829,1
830,4
830,1
830,6
831,4
831,1
831,6
832,40
832,9
832,316
832,47
832,29
832,1
832,83
832,317
832,56
832,5
832,74
832,13
832,17
832,318
832,6
833,3
833,161
834,29
834,9
834,1
834,111
835,1
835,4
835,74
835,75
835,17
836,9
836,1
836,5
837,29
837,6
837,17
837,83
838,9
838,5
839,2
839,29
840,9
841,29
841,9
842,29
842,9
842,1
842,111
843,40
843,9
843,29
843,1
843,17
843,6
844,29
844,6
844,17
844,83
845,1
845,2
845,3
845,4
845,5
845,6
846,9
846,5
847,9
847,5
848,17
848,5
848,83
849,2
849,1
850,3
850,5
851,3
851,9
851,1
852,9
852,5
853,2
853,29
854,9
854,1
855,29
855,9
855,1
856,3
856,5
857,3
857,1
857,5
858,9
858,5
859,9
859,5
860,9
860,5
861,9
861,5
862,9
862,5
863,9
863,5
864,9
864,5
865,9
865,5
866,9
866,5
867,9
868,4
868,9
868,1
868,5
869,9
869,5
870,3
870,1
870,5
871,4
871,1
871,6
872,9
872,5
873,29
873,9
874,29
874,1
874,5
875,2
875,1
876,1
876,4
876,74
876,75
876,17
877,9
877,5
878,3
878,5
879,29
879,1
879,5
880,2
880,1
881,1
881,4
881,74
881,75
881,17
882,3
882,161
883,3
883,5
884,3
885,47
885,83
885,2
885,13
885,17
885,6
886,3
886,5
887,2
887,29
888,2
888,1
889,3
889,5
890,2
890,29
891,2
891,1
892,29
892,9
892,1
892,111
893,9
893,1
894,2
894,29
895,29
895,1
895,5
896,9
896,5
897,29
897,1
897,5
898,9
898,5
899,47
899,29
899,4
899,3
899,6
900,3
900,5
901,3
901,5
902,3
902,5
903,29
903,9
904,1
904,4
904,74
904,75
904,17
905,9
905,5
906,2
906,1
907,9
907,5
908,9
908,1
908,4
908,56
908,6
909,9
909,1
910,29
910,1
911,29
911,1
912,1
912,5
913,2
913,29
914,29
914,6
914,17
914,83
915,9
915,1
916,4
916,1
916,6
917,4
917,1
917,6
918,3
918,5
919,3
920,3
920,5
921,2
921,29
922,3
922,5
922,13
922,6
923,3
923,5
924,9
924,1
924,5
925,3
926,2
926,29
927,3
928,3
929,3
930,4
930,40
930,1
930,75
931,3
931,5
932,9
932,1
932,5
933,2
933,29
934,3
935,3
936,3
937,3
938,4
938,40
938,1
938,75
939,1
939,5
940,3
940,9
940,5
941,9
941,5
942,3
942,9
942,1
942,5
943,2
943,1
944,1
944,5
944,13
945,29
945,1
946,9
947,40
947,9
947,316
947,47
947,29
947,1
947,83
947,317
947,56
947,5
947,74
947,13
947,17
947,318
947,6
948,29
948,1
949,29
949,1
950,40
950,9
950,29
950,1
950,2
950,4
950,56
950,13
950,6
951,3
951,11
951,1
951,5
952,3
953,3
953,5
954,3
954,5
955,4
955,1
955,6
956,2
956,9
956,1
956,5
957,29
957,1
958,3
958,1
958,5
959,3
960,166
960,19
961,9
961,5
962,9
962,5
963,4
963,11
963,1
964,3
964,11
964,1
964,5
965,3
966,3
966,5
967,3
967,5
968,3
968,11
968,1
968,5
969,3
969,5
970,29
970,1
971,3
971,5
972,2
972,29
973,9
973,1
973,5
973,13
974,3
974,5
975,3
975,5
976,3
976,5
977,1
977,5
978,3
978,5
979,2
979,29
980,3
980,5
981,9
981,5
982,2
982,29
983,4
983,9
983,1
983,5
984,4
984,9
984,1
984,5
985,4
985,9
985,1
985,5
986,4
986,9
986,1
986,5
987,9
987,1
987,5
987,13
988,9
988,5
989,9
989,1
989,5
989,13
990,9
990,1
990,5
990,13
991,9
991,5
992,29
992,1
992,5
993,2
993,1
994,29
994,1
995,3
996,29
996,1
997,29
997,1
998,9
998,5
999,4
999,1
999,6
1000,4
1000,1
1000,6
1001,4
1001,1
1001,6
1002,4
1002,1
1002,6
1003,29
1003,1
1004,29
1004,1
1005,29
1005,1
1006,29
1006,1
1007,29
1007,1
1008,29
1008,1
1009,3
1009,9
1009,5
1009,13
1010,3
1010,9
1010,5
1010,13
1011,3
1011,9
1011,5
1011,13
1012,3
1012,9
1012,5
1012,13
1013,3
1013,9
1013,5
1013,13
1014,3
1014,9
1014,5
1014,13
1015,3
1015,9
1015,5
1015,13
1016,3
1016,9
1016,5
1016,13
1017,29
1017,1
1018,4
1018,1
1018,6
1019,4
1019,1
1019,6
1020,166
1020,19
1021,40
1021,5
1022,9
1022,5
1023,9
1023,5
1024,2
1024,9
1024,1
1024,5
1025,9
1025,5
1026,40
1026,1
1026,5
1027,40
1027,1
1027,5
1028,29
1028,1
1029,29
1029,1
1030,29
1030,1
1031,29
1031,1
1032,9
1032,1
1032,5
1032,13
1033,9
1033,1
1033,5
1033,13
1034,4
1034,1
1034,6
1035,4
1035,1
1035,6
1036,2
1036,9
1036,1
1036,5
1037,5
1037,17
1037,13
1038,3
1038,9
1038,5
1038,13
1039,5
1039,17
1039,13
1040,9
1040,5
1041,2
1041,1
1042,5
1042,17
1042,13
1043,5
1043,17
1043,13
1044,29
1044,1
1045,29
1045,1
1046,29
1046,1
1047,29
1047,1
1048,9
1048,5
1049,2
1049,11
1049,5
1050,9
1050,83
1050,2
1050,3
1050,17
1051,4
1051,1
1051,6
1052,3
1052,5
1053,166
1053,19
1054,4
1054,1
1054,6
1055,3
1055,1
1055,5
1056,3
1056,5
1057,1
1057,5
1058,1
1058,5
1059,3
1059,5
1060,2
1060,29
1061,3
1061,9
1061,5
1061,13
1062,3
1062,161
1063,9
1063,5
1064,3
1064,9
1064,5
1064,13
1065,3
1065,161
1066,3
1066,161
1067,3
1067,9
1067,5
1067,13
1068,2
1068,1
1069,4
1069,9
1069,1
1069,5
1070,9
1070,5
1071,3
1071,161
1072,4
1072,9
1072,1
1072,5
1073,4
1073,9
1073,1
1073,5
1074,4
1074,1
1074,6
1075,166
1075,19
1076,9
1076,5
1077,9
1077,5
1078,9
1078,5
1079,3
1079,5
1080,3
1080,1
1081,1
1081,5
1082,9
1082,83
1082,2
1082,3
1082,17
1083,29
1083,1
1083,5
1084,1
1084,4
1084,74
1084,75
1084,17
1085,9
1085,5
1086,3
1086,9
1086,5
1086,13
1087,9
1087,5
1088,9
1088,1
1089,3
1089,5
1090,9
1090,1
1091,9
1091,1
1092,9
1092,5
1093,9
1093,5
1094,9
1094,5
1095,29
1095,1
1095,5
1096,9
1096,5
1097,9
1097,5
1098,4
1098,40
1098,1
1098,75
1099,3
1099,5
1099,13
1100,13
1100,6
1101,9
1101,5
1102,9
1102,5
1103,3
1103,9
1103,5
1104,3
1105,9
1105,83
1105,2
1105,3
1105,17
1106,3
1106,9
1106,5
1107,3
1107,1
1107,5
1108,9
1108,5
1109,3
1109,13
1109,6
1110,3
1110,13
1111,29
1111,9
1111,1
1111,111
1112,29
1112,1
1112,5
1113,12
1113,3
1113,56
1113,5
1113,74
1113,17
1114,9
1114,5
1115,2
1115,3
1115,1
1115,5
1116,9
1116,5
1117,3
1117,5
1118,9
1118,1
1119,9
1119,5
1120,9
1120,5
1121,3
1121,5
1121,13
1121,6
1122,29
1122,1
1122,5
1123,29
1123,1
1123,5
1124,29
1124,1
1124,5
1125,9
1125,5
1126,9
1126,5
1127,9
1127,5
1128,9
1128,5
1129,29
1129,1
1129,5
1130,9
1130,5
1131,4
1131,1
1131,6
1132,29
1132,1
1132,5
1133,9
1133,83
1133,3
1133,111
1133,13
1133,6
1134,9
1134,1
1134,5
1135,2
1135,1
1136,4
1136,9
1136,1
1136,5
1137,9
1137,1
1137,5
1138,2
1138,29
1139,2
1139,3
1139,9
1139,5
1140,9
1140,5
1141,9
1141,5
1142,3
1143,2
1143,1
1144,3
1144,1
1144,5
1145,9
1145,5
1146,9
1146,5
1147,29
1147,1
1147,5
1148,9
1148,1
1149,3
1149,5
1150,9
1150,5
1151,9
1151,5
1152,29
1152,1
1152,5
1153,29
1153,1
1153,5
1154,3
1154,5
1155,9
1155,5
1156,29
1156,1
1156,5
1157,3
1157,5
1158,29
1158,1
1158,5
1159,2
1159,1
1160,3
1160,5
1161,2
1161,29
1162,29
1162,5
1163,29
1163,5
1164,11
1164,5
1165,1
1165,5
1166,1
1166,5
1167,3
1167,161
1168,9
1168,5
1169,9
1169,1
1170,1
1170,4
1170,74
1170,75
1170,17
1171,2
1171,29
1172,40
1172,9
1172,29
1172,1
1172,2
1172,4
1172,56
1172,13
1172,6
1173,9
1173,5
1174,9
1174,5
1175,9
1175,5
1176,3
1177,9
1177,5
1178,4
1178,1
1178,6
1179,29
1179,1
1179,5
1179,13
1179,17
1180,9
1180,5
1181,1
1181,4
1181,74
1181,75
1181,17
1182,3
1182,5
1183,9
1183,5
1184,9
1184,5
1185,9
1185,5
1186,9
1186,5
1187,4
1187,1
1187,6
1188,3
1188,9
1188,5
1188,13
1189,2
1189,1
1190,4
1190,9
1190,1
1190,5
1191,1
1191,4
1191,74
1191,75
1191,17
1192,1
1192,4
1192,74
1192,75
1192,17
1193,9
1193,5
1194,3
1194,5
1195,2
1195,29
1196,3
1196,5
1197,3
1197,5
1198,3
1198,5
1199,3
1199,5
1200,3
1200,5
1201,29
1201,1
1201,5
1202,29
1202,3
1202,11
1202,5
1203,29
1203,3
1203,11
1203,5
1204,9
1204,5
1205,29
1205,3
1205,11
1205,5
1206,29
1206,3
1206,11
1206,5
1207,29
1207,3
1207,11
1207,5
1208,29
1208,3
1208,11
1208,5
1209,29
1209,3
1209,11
1209,5
1210,3
1210,13
1210,6
1211,4
1211,1
1211,6
1212,3
1212,5
1213,9
1213,5
1214,2
1214,29
1215,9
1215,83
1215,2
1215,3
1215,17
1216,9
1216,83
1216,2
1216,3
1216,17
1217,47
1217,29
1217,4
1217,3
1217,6
1218,47
1218,29
1218,4
1218,3
1218,6
1219,47
1219,29
1219,4
1219,3
1219,6
1220,40
1220,9
1220,29
1220,1
1220,2
1220,4
1220,56
1220,13
1220,6
1221,9
1221,83
1221,2
1221,3
1221,17
1222,9
1222,83
1222,2
1222,3
1222,17
1223,3
1223,5
1224,2
1224,1
1225,3
1225,161
1226,9
1226,83
1226,2
1226,3
1226,17
1227,4
1227,1
1227,6
1228,3
1228,5
1229,2
1229,29
1230,12
1230,3
1230,56
1230,5
1230,74
1230,17
1231,2
1231,1
1232,12
1232,3
1232,56
1232,5
1232,74
1232,17
1233,11
1233,3
1234,3
1234,9
1234,1
1235,29
1235,1
1235,5
1236,2
1236,1
1237,1
1237,4
1237,74
1237,75
1237,17
1238,3
1238,1
1239,2
1239,29
1240,1
1240,4
1240,74
1240,75
1240,17
1241,9
1241,13
1242,2
1242,1
1243,29
1243,1
1243,5
1244,3
1244,1
1244,5
1245,9
1245,5
1246,3
1247,9
1247,1
1248,9
1248,1
1249,3
1250,9
1250,1
1251,29
1251,9
1251,1
1251,111
1252,29
1252,9
1252,1
1252,5
1253,166
1253,19
1254,9
1254,5
1255,3
1255,9
1255,1
1256,3
1256,1
1256,5
1257,9
1257,1
1257,5
1257,13
1258,3
1258,5
1259,40
1259,9
1259,29
1259,1
1259,2
1259,4
1259,56
1259,13
1259,6
1260,4
1260,11
1260,1
1261,3
1261,9
1261,5
1262,3
1262,5
1263,3
1263,5
1264,9
1264,5
1265,3
1265,5
1266,29
1266,1
1266,5
1267,9
1267,5
1268,3
1268,9
1268,1
1269,2
1269,1
1270,3
1270,9
1270,5
1270,13
1271,3
1271,5
1272,2
1272,29
1273,9
1273,5
1274,9
1274,1
1275,9
1275,5
1276,9
1276,5
1277,9
1277,5
1278,3
1278,5
1279,9
1279,5
1280,9
1280,5
1281,3
1281,5
1282,29
1282,1
1282,5
1283,29
1283,1
1283,5
1284,3
1284,5
1285,3
1286,3
1287,9
1287,5
1288,3
1288,5
1289,2
1289,29
1290,9
1290,5
1291,166
1291,19
1292,40
1292,1
1292,5
1293,40
1293,1
1293,5
1294,40
1294,1
1294,5
1295,9
1295,5
1296,9
1296,5
1297,9
1297,5
1298,3
1298,1
1299,3
1299,1
1300,3
1300,5
1301,2
1301,1
1302,5
1302,17
1302,13
1303,3
1303,9
1303,5
1304,3
1304,5
1305,3
1305,5
1306,40
1306,5
1307,9
1307,5
1308,1
1308,4
1308,74
1308,75
1308,17
1309,2
1309,29
1310,3
1310,5
1311,3
1311,5
1312,3
1312,13
1313,1
1313,2
1313,3
1313,4
1313,5
1313,6
1314,1
1314,5
1315,3
1315,5
1316,3
1316,9
1316,5
1317,9
1317,5
1318,9
1318,5
1319,3
1319,5
1320,3
1320,9
1320,5
1321,11
1321,3
1321,5
1322,3
1322,5
1323,9
1323,1
1323,83
1323,5
1323,13
1323,17
1324,3
1324,5
1325,3
1325,9
1325,1
1325,5
1326,3
1326,161
1327,1
1328,9
1328,5
1329,3
1329,161
1330,29
1330,9
1330,1
1331,3
1331,5
1332,166
1332,19
1333,4
1333,1
1333,6
1334,40
1334,9
1334,29
1334,1
1334,17
1334,6
1335,3
1335,1
1335,5
1336,29
1336,6
1336,17
1336,83
1337,3
1337,5
1338,2
1338,3
1338,1
1338,5
1339,2
1339,1
1340,9
1340,5
1341,9
1341,5
1342,4
1342,11
1342,1
1343,3
1343,1
1344,9
1344,1
1345,9
1345,1
1346,9
1346,5
1347,29
1347,1
1348,5
1348,9
1348,1
1349,9
1349,5
1350,9
1350,5
1351,3
1351,1
1352,3
1352,1
1353,40
1353,9
1353,29
1353,1
1353,2
1353,4
1353,56
1353,13
1353,6
1354,3
1354,1
1354,5
1355,5
1355,9
1355,1
1356,9
1356,5
1357,29
1357,9
1357,1
1357,13
1358,9
1358,5
1359,3
1359,5
1360,2
1360,29
1361,9
1361,5
1362,3
1362,13
1363,3
1363,5
1364,9
1364,1
1364,4
1364,56
1364,6
1365,2
1365,1
1366,3
1366,13
1367,9
1367,5
1368,9
1368,83
1368,2
1368,3
1368,17
1369,29
1369,1
1370,9
1370,83
1370,2
1370,3
1370,17
1371,4
1371,11
1371,1
1372,2
1372,29
1373,3
1373,5
1374,11
1374,9
1374,2
1374,4
1374,5
1375,2
1375,1
1376,29
1376,9
1377,3
1377,5
1378,3
1378,5
1379,4
1379,9
1379,1
1379,5
1380,2
1380,29
1381,3
1381,5
1382,3
1382,5
1383,11
1383,3
1383,5
1384,1
1384,5
1384,13
1385,3
1385,5
1386,2
1386,29
1387,29
1387,9
1388,9
1388,5
1389,316
1389,29
1389,1
1389,4
1389,17
1390,9
1391,9
1391,5
1392,3
1392,5
1393,2
1393,29
1394,3
1394,161
1394,5
1394,83
1395,29
1395,1
1395,5
1396,5
1396,3
1396,9
1396,1
1397,29
1397,9
1397,1
1398,1
1399,5
1399,9
1399,1
1400,3
1400,5
1401,9
1401,5
1402,9
1402,5
1403,9
1403,5
1404,47
1404,29
1404,4
1404,3
1404,6
1405,3
1405,9
1405,5
1406,9
1406,5
1407,9
1407,5
1408,3
1408,9
1408,5
1409,9
1409,5
1410,3
1410,5
1411,29
1411,13
1411,6
1412,3
1412,5
1413,3
1413,5
1414,9
1414,5
1415,9
1416,2
1416,29
1417,9
1417,5
1418,9
1418,5
1419,13
1419,6
1420,3
1420,5
1420,6
1421,3
1421,9
1421,5
1422,3
1423,3
1424,9
1424,1
1425,3
1425,13
1426,3
1426,5
1427,40
1427,9
1427,29
1427,1
1427,2
1427,4
1427,56
1427,13
1427,6
1428,40
1428,9
1428,29
1428,1
1428,2
1428,4
1428,56
1428,13
1428,6
1429,3
1429,13
1430,2
1430,1
1431,3
1431,5
1432,9
1432,1
1432,5
1433,2
1433,29
1434,9
1434,5
1435,29
1435,13
1435,6
1436,11
1436,9
1436,2
1436,4
1436,5
1437,29
1437,13
1437,6
1438,9
1438,1
1439,3
1439,5
1440,9
1440,5
1441,2
1441,29
1442,29
1442,13
1442,6
1443,29
1443,13
1443,6
1444,3
1444,13
1445,9
1445,83
1445,2
1445,3
1445,17
1446,29
1446,1
1447,11
1447,3
1447,5
1448,9
1448,1
1449,1
1449,5
1450,2
1450,3
1450,1
1450,5
1451,3
1451,5
1452,4
1452,1
1452,6
1453,3
1453,5
1454,3
1454,5
1455,9
1455,5
1456,3
1456,9
1456,5
1456,13
1457,29
1457,6
1457,17
1457,83
1458,3
1458,9
1458,5
1458,13
1459,3
1459,9
1459,5
1459,13
1460,3
1460,9
1460,5
1460,13
1461,3
1461,9
1461,5
1461,13
1462,3
1462,9
1462,5
1462,13
1463,3
1463,9
1463,5
1463,13
1464,9
1464,5
1465,3
1465,9
1465,5
1465,13
1466,3
1466,9
1466,5
1466,13
1467,3
1467,5
1468,40
1468,5
1469,1
1469,5
1470,3
1470,5
1471,9
1471,5
1472,9
1472,5
1473,9
1473,5
1474,3
1475,9
1475,5
1476,12
1476,3
1476,56
1476,5
1476,74
1476,17
1477,9
1477,5
1478,12
1478,3
1478,56
1478,5
1478,74
1478,17
1479,12
1479,3
1479,56
1479,5
1479,74
1479,17
1480,12
1480,3
1480,56
1480,5
1480,74
1480,17
1481,9
1482,9
1483,9
1484,9
1485,2
1485,1
1486,40
1486,9
1486,29
1486,1
1486,2
1486,4
1486,56
1486,13
1486,6
1487,9
1488,5
1488,17
1488,13
1489,9
1489,5
1490,9
1490,5
1491,9
1491,5
1492,9
1492,5
1493,1
1493,4
1493,74
1493,75
1493,17
1494,3
1494,9
1494,5
1495,2
1495,29
1496,9
1496,5
1497,9
1497,5
1498,4
1498,11
1498,1
1499,3
1500,9
1500,5
1501,3
1501,5
1502,29
1502,9
1502,1
1503,12
1503,3
1503,56
1503,5
1503,74
1503,17
1504,3
1504,1
1504,5
1505,29
1505,9
1505,1
1505,111
1506,9
1506,5
1507,4
1507,1
1507,6
1508,3
1509,9
1509,5
1510,1
1510,5
1511,3
1511,9
1511,5
1512,2
1512,11
1512,5
1512,13
1513,3
1513,9
1513,5
1514,9
1514,1
1514,5
1515,2
1515,29
1516,2
1516,3
1516,1
1516,5
1517,5
1517,9
1517,1
1518,4
1518,1
1518,6
1519,9
1519,5
1520,12
1520,3
1520,56
1520,5
1520,74
1520,17
1521,1
1521,5
1522,1
1522,5
1523,12
1523,3
1523,56
1523,5
1523,74
1523,17
1524,166
1524,19
1525,3
1526,3
1527,2
1527,1
1528,3
1528,161
1528,17
1529,9
1530,3
1530,5
1531,3
1531,5
1532,4
1532,1
1533,9
1533,5
1534,166
1534,19
1535,166
1535,19
1536,3
1536,5
1537,3
1537,5
1538,3
1538,5
1539,9
1539,5
1540,5
1540,13
1541,3
1541,161
1542,3
1542,161
1543,9
1543,1
1544,29
1544,9
1544,1
1545,9
1545,1
1546,11
1546,5
1547,11
1547,5
1548,3
1548,9
1548,1
1548,5
1549,4
1549,40
1549,1
1549,75
1550,9
1550,1
1550,83
1550,4
1550,2
1550,5
1550,17
1551,3
1551,5
1552,317
1552,2
1552,5
1552,4
1553,4
1553,40
1553,1
1553,75
1554,3
1554,5
1555,11
1555,5
1556,3
1557,29
1557,5
1558,2
1558,3
1559,2
1559,3
1560,2
1560,3
1561,3
1561,5
1561,6
1562,9
1562,1
1563,3
1563,5
1564,4
1564,40
1564,1
1564,75
1565,9
1565,1
1566,4
1566,40
1566,1
1566,75
1567,40
1567,9
1567,29
1567,1
1567,2
1567,4
1567,56
1567,13
1567,6
1568,3
1568,5
1569,29
1569,1
1570,3
1570,9
1570,1
1571,3
1571,5
1572,4
1572,40
1572,1
1572,75
1573,29
1573,1
1574,4
1574,40
1574,1
1574,75
1575,3
1575,5
1576,9
1576,5
1577,9
1577,1
1578,29
1578,9
1579,3
1579,1
1579,5
1580,29
1580,9
1581,317
1581,2
1581,5
1581,4
1582,3
1582,1
1582,5
1583,3
1583,9
1583,1
1583,5
1584,3
1584,1
1584,5
1585,4
1585,11
1585,1
1586,29
1586,9
1586,1
1587,9
1587,5
1588,3
1588,5
1588,6
1589,40
1589,9
1589,29
1589,1
1589,2
1589,4
1589,56
1589,13
1589,6
1590,3
1590,5
1591,40
1591,9
1591,29
1591,1
1591,2
1591,4
1591,56
1591,13
1591,6
1592,9
1592,1
1592,5
1592,13
1593,9
1593,5
1593,13
1594,4
1594,11
1594,1
1595,3
1595,9
1595,1
1595,5
1596,3
1596,5
1597,29
1597,6
1597,17
1597,83
1598,3
1598,5
1599,3
1600,29
1600,1
1601,9
1601,5
1602,4
1602,9
1602,1
1602,5
1603,3
1603,1
1603,5
1604,4
1604,11
1604,1
1605,4
1605,40
1605,1
1605,75
1606,3
1606,5
1607,9
1608,3
1608,161
1608,5
1608,83
1609,9
1609,5
1609,13
1610,4
1610,11
1610,1
1611,3
1611,5
1612,3
1613,2
1613,3
1613,9
1613,5
1614,9
1614,12
1614,1
1614,5
1614,13
1615,9
1615,1
1616,29
1616,9
1617,3
1617,5
1618,2
1618,3
1618,5
1619,4
1619,11
1619,1
1620,3
1620,9
1620,5
1621,9
1621,1
1622,4
1622,11
1622,1
1623,3
1623,5
1624,4
1624,9
1624,1
1624,5
1625,9
1625,12
1625,1
1625,5
1625,13
1626,3
1626,5
1627,29
1627,9
1628,9
1629,13
1629,6
1630,317
1630,2
1630,5
1630,4
1631,4
1631,3
1631,1
1631,5
1632,3
1632,5
1633,1
1633,17
1634,40
1634,9
1634,29
1634,1
1634,2
1634,4
1634,56
1634,13
1634,6
1635,11
1635,3
1635,5
1636,3
1637,9
1637,5
1638,3
1638,5
1639,9
1639,1
1640,9
1640,5
1641,9
1641,12
1641,1
1641,5
1641,13
1642,11
1642,3
1642,5
1643,5
1643,9
1643,1
1644,29
1644,9
1644,1
1645,3
1646,2
1646,9
1646,1
1646,5
1647,9
1647,5
1648,3
1649,29
1649,9
1649,1
1650,40
1650,9
1650,29
1650,1
1650,2
1650,4
1650,56
1650,13
1650,6
1651,29
1651,9
1652,3
1652,9
1652,5
1653,29
1653,9
1654,40
1654,9
1654,29
1654,1
1654,2
1654,4
1654,56
1654,13
1654,6
1655,3
1655,5
1656,9
1657,4
1657,11
1657,1
1658,29
1658,9
1658,1
1659,40
1659,9
1659,29
1659,1
1659,2
1659,4
1659,56
1659,13
1659,6
1660,29
1660,6
1660,17
1660,83
1661,3
1661,5
1662,3
1663,3
1663,5
1664,3
1664,9
1664,5
1665,9
1665,5
1666,29
1666,9
1666,1
1667,2
1667,9
1667,1
1667,5
1668,9
1669,9
1670,3
1670,9
1670,1
1671,9
1671,5
1672,4
1672,11
1672,1
1673,40
1673,9
1673,29
1673,1
1673,17
1673,6
1674,3
1674,9
1674,5
1675,11
1675,3
1675,5
1676,3
1676,9
1676,1
1677,3
1677,5
1678,40
1678,9
1678,29
1678,1
1678,2
1678,4
1678,56
1678,13
1678,6
1679,3
1679,13
1680,9
1680,12
1680,1
1680,5
1680,13
1681,3
1681,5
1682,4
1682,40
1682,1
1682,75
1683,29
1683,9
1684,5
1684,1
1684,17
1684,13
1685,3
1685,9
1685,5
1686,3
1686,5
1687,3
1687,1
1687,5
1688,40
1688,1
1688,5
1689,29
1689,1
1690,3
1690,5
1691,29
1691,9
1691,1
1692,4
1692,3
1692,1
1692,5
1693,3
1693,1
1693,5
1694,9
1695,29
1695,9
1696,9
1696,5
1697,9
1697,5
1697,13
1698,9
1698,1
1699,9
1700,3
1700,5
1701,3
1701,5
1702,3
1702,5
1702,13
1703,3
1704,9
1704,1
1705,9
1705,5
1706,29
1706,1
1706,5
1707,4
1707,11
1707,1
1708,1
1708,5
1709,4
1709,40
1709,1
1709,75
1710,3
1710,5
1711,9
1711,1
1712,9
1712,1
1713,29
1713,9
1713,1
1714,3
1714,9
1714,5
1715,9
1715,1
1715,6
1716,3
1716,9
1716,5
1717,3
1717,5
1718,4
1718,11
1718,1
1719,9
1719,1
1720,3
1720,5
1721,4
1721,9
1721,1
1721,5
1722,5
1723,2
1724,9
1724,5
1725,29
1725,9
1725,1
1726,4
1726,11
1726,1
1727,9
1727,5
1728,3
1728,5
1729,9
1729,5
1730,3
1730,5
1731,9
1732,3
1732,5
1733,4
1733,1
1733,6
1734,29
1734,9
1735,3
1735,5
1736,3
1736,5
1736,13
1736,6
1737,3
1738,9
1738,5
1738,13
1739,3
1739,1
1739,5
1740,4
1740,11
1740,1
1741,29
1741,9
1741,1
1742,3
1742,9
1742,5
1742,13
1743,3
1743,1
1743,5
1744,9
1744,5
1745,3
1745,1
1745,5
1746,9
1747,29
1747,1
1748,3
1748,5
1749,3
1749,5
1750,9
1750,5
1751,3
1751,5
1752,3
1752,5
1753,29
1753,1
1754,9
1754,5
1755,9
1755,5
1756,9
1756,5
1757,3
1757,5
1757,6
1758,9
1758,5
1759,29
1759,9
1759,1
1760,3
1760,5
1761,3
1761,5
1762,9
1762,1
1763,9
1763,1
1764,3
1764,5
1765,9
1765,5
1766,9
1766,5
1767,9
1767,5
1768,9
1768,1
1769,9
1769,5
1770,3
1770,5
1771,3
1771,5
1772,9
1772,5
1773,29
1773,1
1774,9
1774,5
1775,9
1775,5
1776,9
1776,1
1777,9
1777,5
1778,29
1778,9
1778,1
1779,9
1779,5
1780,3
1780,9
1780,5
1781,29
1781,9
1781,1
1781,5
1782,9
1782,5
1783,4
1783,11
1783,1
1784,3
1785,29
1785,9
1785,1
1786,29
1786,9
1786,1
1787,29
1787,9
1787,1
1787,5
1788,9
1788,1
1789,9
1790,29
1790,9
1790,1
1791,29
1791,9
1791,1
1792,9
1792,5
1793,29
1793,9
1793,1
1793,13
1794,9
1794,5
1795,5
1795,9
1795,1
1796,9
1797,1
1797,17
1798,2
1798,29
1799,9
1799,1
1800,3
1800,13
1801,2
1801,29
1802,83
1802,3
1802,5
1802,74
1802,13
1803,3
1803,5
1804,29
1804,9
1805,2
1805,29
1806,2
1806,1
1806,13
1807,9
1807,1
1807,5
1808,2
1808,29
1809,40
1809,9
1809,29
1809,1
1809,17
1809,6
1810,4
1810,1
1810,6
1811,2
1811,1
1812,40
1812,9
1812,29
1812,1
1812,5
1812,13
1813,3
1813,5
1814,9
1814,1
1814,4
1814,56
1814,6
1815,2
1815,29
1816,29
1816,1
1817,11
1817,3
1817,5
1818,166
1818,19
1819,3
1819,9
1819,5
1819,13
1820,3
1820,5
1821,4
1821,9
1821,1
1821,5
1822,9
1822,5
1822,13
1823,4
1823,9
1823,1
1823,5
1824,29
1824,9
1824,1
1824,111
1825,4
1825,9
1825,1
1825,5
1826,4
1826,1
1826,6
1827,9
1827,5
1828,9
1828,13
1829,9
1829,1
1829,5
1830,9
1830,1
1830,5
1831,9
1831,5
1832,9
1832,1
1832,5
1833,2
1833,29
1834,3
1834,9
1834,5
1834,13
1835,3
1835,161
1836,3
1836,9
1836,5
1836,13
1837,5
1837,17
1837,13
1838,5
1838,17
1838,13
1839,3
1839,161
1840,3
1840,9
1840,5
1840,13
1841,3
1841,161
1842,3
1842,9
1842,5
1842,13
1843,9
1843,5
1844,3
1844,161
1845,3
1845,9
1845,5
1845,13
1846,3
1846,9
1846,5
1846,13
1847,3
1847,161
1848,3
1848,9
1848,5
1848,13
1849,4
1849,1
1849,6
1850,3
1851,3
1852,3
1853,3
1853,161
1854,3
1854,9
1854,5
1854,13
1855,3
1855,9
1855,5
1855,13
1856,9
1856,1
1856,5
1857,3
1858,4
1858,11
1858,1
1859,29
1859,1
1860,3
1860,9
1860,5
1860,13
1861,3
1861,9
1861,5
1861,13
1862,3
1862,9
1862,5
1862,13
1863,3
1863,9
1863,5
1863,13
1864,3
1864,9
1864,5
1864,13
1865,3
1865,9
1865,5
1865,13
1866,3
1866,9
1866,5
1866,13
1867,3
1867,5
1868,4
1868,1
1868,6
1869,4
1869,1
1869,6
1870,40
1870,5
1871,3
1871,9
1871,5
1871,13
1872,3
1872,9
1872,5
1872,13
1873,3
1873,9
1873,5
1873,13
1874,3
1874,9
1874,5
1874,13
1875,3
1875,9
1875,5
1875,13
1876,3
1876,9
1876,5
1876,13
1877,3
1877,9
1877,5
1877,13
1878,3
1878,9
1878,5
1878,13
1879,3
1879,1
1879,5
1880,29
1880,1
1881,9
1881,1
1882,9
1882,1
1883,9
1884,166
1884,19
1885,4
1885,1
1885,6
1886,4
1886,1
1886,6
1887,4
1887,1
1887,6
1888,4
1888,1
1888,6
1889,9
1889,29
1889,1
1889,317
1889,5
1890,4
1890,1
1890,6
1891,4
1891,1
1891,6
1892,4
1892,1
1892,6
1893,4
1893,1
1893,6
1894,4
1894,1
1894,6
1895,4
1895,1
1895,6
1896,40
1896,9
1896,316
1896,47
1896,29
1896,1
1896,83
1896,317
1896,56
1896,5
1896,74
1896,13
1896,17
1896,318
1896,6
1897,4
1897,1
1897,6
1898,29
1898,5
1899,3
1899,5
1900,1
1900,4
1900,74
1900,75
1900,17
1901,2
1901,29
1902,2
1902,1
1903,29
1903,1
1904,29
1904,1
1905,1
1905,4
1905,74
1905,75
1905,17
1906,9
1906,5
1907,2
1907,11
1907,5
1907,13
1908,9
1909,3
1909,5
1910,29
1910,9
1910,1
1911,9
1911,5
1912,2
1912,1
1913,9
1913,83
1913,2
1913,3
1913,17
1914,3
1914,161
1914,17
1915,9
1915,5
1916,3
1917,3
1917,5
1918,4
1918,1
1918,6
1919,166
1919,19
1920,9
1920,5
1921,3
1921,1
1921,5
1922,29
1922,9
1922,1
1923,29
1923,9
1923,1
1924,29
1924,9
1924,1
1925,1
1925,5
1926,3
1926,5
1927,166
1927,19
1928,3
1929,40
1929,9
1929,29
1929,1
1929,17
1929,6
1930,9
1930,5
1931,3
1932,2
1932,29
1933,9
1933,5
1934,9
1934,5
1935,9
1935,5
1936,9
1936,5
1937,29
1937,1
1938,29
1938,1
1939,9
1939,5
1940,29
1940,1
1941,9
1941,1
1942,2
1942,29
1943,29
1943,9
1943,1
1943,5
1944,9
1944,1
1945,29
1945,9
1945,1
1945,5
1946,29
1946,9
1946,1
1946,5
1947,29
1947,9
1947,1
1947,5
1948,29
1948,9
1948,1
1949,2
1949,1
1950,29
1950,9
1950,1
1951,3
1951,5
1952,9
1952,1
1952,83
1952,5
1952,13
1952,17
1953,1
1953,5
1954,3
1954,5
1955,3
1955,9
1955,5
1955,13
1956,5
1956,17
1956,13
1957,2
1957,1
1958,1
1958,5
1959,1
1959,5
1960,3
1960,5
1961,3
1961,9
1961,5
1961,13
1962,5
1962,17
1962,13
1963,3
1963,9
1963,5
1963,13
1964,5
1964,17
1964,13
1965,3
1965,161
1966,2
1966,29
1967,3
1967,9
1967,5
1967,13
1968,3
1968,161
1969,2
1969,1
1970,3
1970,9
1970,5
1970,13
1971,3
1971,5
1972,1
1972,5
1973,1
1973,5
1974,3
1974,161
1975,3
1975,9
1975,5
1975,13
1976,2
1976,1
1977,2
1977,29
1978,1
1978,5
1979,1
1979,5
1980,3
1980,5
1981,2
1981,29
1982,3
1982,9
1982,5
1982,13
1983,3
1983,161
1984,2
1984,1
1985,1
1985,5
1986,1
1986,5
1987,3
1987,5
1988,3
1989,3
1990,2
1990,29
1991,2
1991,1
1992,1
1992,5
1993,3
1993,5
1994,2
1994,29
1995,3
1995,9
1995,5
1995,13
1996,1
1996,5
1997,5
1997,17
1997,13
1998,2
1998,1
1999,1
1999,5
2000,1
2000,5
2001,3
2001,5
2002,2
2002,29
2003,3
2003,9
2003,5
2003,13
2004,5
2004,17
2004,13
2005,3
2005,9
2005,5
2005,13
2006,5
2006,17
2006,13
2007,3
2007,9
2007,5
2007,13
2008,5
2008,17
2008,13
2009,3
2009,9
2009,5
2009,13
2010,5
2010,17
2010,13
2011,2
2011,1
2012,1
2012,5
2013,1
2013,5
2014,3
2014,5
2015,2
2015,29
2016,5
2016,17
2016,13
2017,3
2017,9
2017,5
2017,13
2018,3
2018,9
2018,5
2018,13
2019,3
2019,161
2020,3
2020,9
2020,5
2020,13
2021,5
2021,17
2021,13
2022,2
2022,1
2023,1
2023,5
2024,3
2024,5
2025,1
2025,5
2026,3
2026,9
2026,5
2026,13
2027,5
2027,17
2027,13
2028,2
2028,29
2029,3
2029,9
2029,5
2029,13
2030,5
2030,17
2030,13
2031,2
2031,1
2032,9
2033,9
2034,9
2035,2
2035,29
2036,5
2036,1
2036,17
2036,13
2037,5
2037,1
2037,17
2037,13
2038,5
2038,1
2038,17
2038,13
2039,5
2039,1
2039,17
2039,13
2040,5
2040,1
2040,17
2040,13
2041,1
2041,5
2042,1
2042,5
2043,5
2043,1
2043,17
2043,13
2044,3
2044,5
2045,2
2045,29
2046,3
2046,9
2046,5
2046,13
2047,5
2047,17
2047,13
2048,2
2048,1
2049,1
2049,5
2050,1
2050,5
2051,3
2051,5
2052,2
2052,1
2053,2
2053,29
2054,1
2054,5
2055,1
2055,5
2056,3
2056,5
2057,2
2057,29
2058,2
2058,1
2059,1
2059,5
2060,3
2060,5
2061,1
2061,5
2062,2
2062,29
2063,5
2063,17
2063,13
2064,3
2064,9
2064,5
2064,13
2065,5
2065,17
2065,13
2066,3
2066,9
2066,5
2066,13
2067,3
2067,9
2067,5
2067,13
2068,5
2068,17
2068,13
2069,9
2069,1
2069,5
2070,9
2070,1
2070,5
2071,9
2071,1
2071,5
2072,2
2072,1
2073,3
2073,9
2073,5
2073,13
2074,2
2074,29
2075,5
2075,17
2075,13
2076,5
2076,1
2076,17
2076,13
2077,9
2077,1
2077,13
2077,83
2078,1
2078,5
2079,2
2079,29
2080,3
2080,9
2080,5
2080,13
2081,5
2081,17
2081,13
2082,3
2082,9
2082,5
2082,13
2083,5
2083,17
2083,13
2084,2
2084,1
2085,9
2085,1
2085,5
2086,9
2086,1
2086,5
2087,9
2087,1
2087,5
2088,3
2088,9
2088,5
2088,13
2089,5
2089,17
2089,13
2090,3
2090,9
2090,5
2090,13
2091,3
2091,161
2092,3
2092,9
2092,5
2092,13
2093,2
2093,29
2094,5
2094,17
2094,13
2095,3
2095,9
2095,5
2095,13
2096,5
2096,17
2096,13
2097,9
2097,1
2097,13
2097,83
2098,5
2098,1
2098,17
2098,13
2099,1
2099,5
2100,3
2100,9
2100,5
2100,13
2101,2
2101,29
2102,3
2103,3
2104,3
2105,3
2105,9
2105,5
2105,13
2106,5
2106,17
2106,13
2107,3
2107,9
2107,5
2107,13
2108,5
2108,17
2108,13
2109,5
2109,17
2109,13
2110,3
2110,9
2110,5
2110,13
2111,3
2111,9
2111,5
2111,13
2112,3
2112,161
2113,3
2113,161
2114,3
2114,9
2114,5
2114,13
2115,5
2115,17
2115,13
2116,3
2116,9
2116,5
2116,13
2117,2
2117,1
2118,9
2118,1
2118,5
2119,9
2119,1
2119,5
2120,9
2120,1
2120,5
2121,2
2121,29
2122,3
2122,9
2122,5
2122,13
2123,5
2123,17
2123,13
2124,5
2124,1
2124,17
2124,13
2125,9
2125,1
2125,13
2125,83
2126,1
2126,5
2127,2
2127,29
2128,3
2129,3
2130,3
2130,9
2130,5
2130,13
2131,3
2131,9
2131,5
2131,13
2132,5
2132,17
2132,13
2133,3
2133,9
2133,5
2133,13
2134,5
2134,17
2134,13
2135,3
2135,9
2135,5
2135,13
2136,5
2136,17
2136,13
2137,5
2137,17
2137,13
2138,3
2138,9
2138,5
2138,13
2139,5
2139,17
2139,13
2140,9
2140,1
2140,5
2141,9
2141,1
2141,5
2142,9
2142,1
2142,5
2143,3
2143,9
2143,5
2143,13
2144,2
2144,29
2145,5
2145,17
2145,13
2146,3
2146,9
2146,5
2146,13
2147,5
2147,17
2147,13
2148,3
2148,9
2148,5
2148,13
2149,5
2149,17
2149,13
2150,5
2150,17
2150,13
2151,3
2151,9
2151,5
2151,13
2152,5
2152,1
2152,17
2152,13
2153,9
2153,1
2153,13
2153,83
2154,1
2154,5
2155,3
2156,3
2157,2
2157,29
2158,5
2158,17
2158,13
2159,3
2159,9
2159,5
2159,13
2160,5
2160,17
2160,13
2161,3
2161,9
2161,5
2161,13
2162,2
2162,1
2163,9
2163,1
2163,3
2163,5
2163,13
2163,17
2164,9
2164,83
2164,2
2164,3
2164,17
2165,9
2165,5
2166,1
2166,2
2166,3
2166,4
2166,5
2166,6
2167,2
2167,3
2167,5
2168,3
2168,9
2168,5
2168,13
2169,9
2169,5
2170,3
2170,1
2171,9
2171,5
2172,29
2172,1
2172,5
2173,9
2173,5
2174,12
2174,3
2174,56
2174,5
2174,74
2174,17
2175,29
2175,1
2175,5
2176,2
2176,1
2177,9
2177,5
2178,3
2178,13
2179,2
2179,29
2180,3
2180,9
2180,5
2180,13
2181,29
2181,1
2181,5
2182,9
2182,5
2183,1
2183,5
2184,9
2185,2
2185,29
2186,9
2186,5
2187,9
2188,2
2188,1
2189,4
2189,9
2189,1
2189,5
2190,9
2190,1
2190,5
2191,3
2191,9
2191,5
2192,3
2192,5
2193,9
2193,5
2194,1
2194,5
2195,4
2195,1
2195,6
2196,13
2196,6
2197,40
2197,9
2197,29
2197,1
2197,17
2197,6
2198,3
2199,9
2199,316
2199,1
2199,4
2199,3
2199,5
2199,17
2199,6
2200,2
2200,1
2201,29
2201,1
2201,5
2202,2
2202,1
2203,29
2203,1
2203,5
2204,29
2204,6
2204,17
2204,83
2205,3
2205,9
2205,5
2206,9
2206,5
2207,9
2207,5
2208,29
2208,1
2208,5
2209,2
2209,29
2210,9
2210,5
2211,9
2211,5
2212,9
2212,5
2213,9
2214,9
2214,5
2215,29
2215,6
2215,17
2215,83
2216,29
2216,1
2217,9
2217,5
2218,9
2218,5
2219,29
2219,1
2219,5
2220,9
2220,5
2221,9
2221,5
2222,166
2222,19
2223,3
2223,5
2224,3
2224,5
2225,9
2225,1
2226,3
2226,5
2227,166
2227,19
2228,9
2228,5
2229,9
2229,5
2230,9
2230,5
2231,29
2231,1
2231,5
2232,9
2232,5
2233,9
2233,1
2233,5
2234,29
2234,1
2234,5
2235,9
2235,5
2236,9
2236,1
2236,5
2237,9
2237,5
2238,2
2238,1
2239,9
2239,5
2240,1
2240,17
2241,4
2241,40
2241,1
2241,75
2242,4
2242,1
2242,6
2243,3
2243,5
2244,1
2244,17
2245,2
2245,1
2246,1
2246,17
2247,3
2248,3
2248,13
2249,3
2249,13
2250,2
2250,29
2251,2
2251,3
2251,5
2252,9
2252,5
2253,9
2253,5
2254,3
2254,161
2255,3
2255,5
2256,3
2256,5
2257,9
2257,83
2257,2
2257,3
2257,17
2258,9
2258,5
2259,9
2259,5
2260,9
2260,5
2261,47
2261,29
2261,4
2261,3
2261,6
2262,29
2262,1
2262,5
2263,9
2263,5
2264,4
2264,9
2264,1
2264,5
2265,40
2265,1
2265,5
2266,9
2266,5
2267,9
2267,5
2268,2
2268,1
2269,1
2269,4
2269,74
2269,75
2269,17
2270,9
2270,5
2271,2
2271,29
2272,29
2272,6
2272,17
2272,83
2273,9
2273,5
2274,9
2274,5
2275,9
2275,5
2276,9
2276,1
2277,9
2277,5
2278,9
2278,5
2279,9
2279,5
2280,9
2280,5
2281,4
2281,9
2281,1
2281,5
2282,2
2282,1
2283,9
2283,5
2284,9
2284,1
2284,5
2285,3
2285,5
2286,9
2286,5
2286,13
2287,2
2288,2
2288,29
2289,17
2289,12
2289,9
2289,5
2290,2
2290,9
2290,5
2291,3
2291,5
2292,1
2292,5
2293,3
2293,5
2294,9
2295,1
2295,5
2296,9
2296,5
2297,3
2297,5
2298,9
2299,2
2299,1
2300,3
2300,161
2300,17
2301,3
2302,4
2302,11
2302,1
2303,4
2303,11
2303,1
2304,3
2305,13
2305,19
2306,3
2306,5
2307,9
2307,5
2308,3
2308,5
2309,3
2309,5
2310,3
2311,3
2311,5
2312,11
2312,9
2312,12
2312,1
2312,2
2312,5
2312,13
2313,4
2313,11
2313,1
2314,11
2314,3
2314,5
2315,166
2315,19
2316,9
2316,5
2317,3
2317,9
2317,5
2317,13
2318,9
2318,1
2319,9
2319,5
2320,40
2320,5
2321,40
2321,5
2322,3
2322,5
2323,3
2324,9
2324,1
2324,83
2324,5
2324,13
2324,17
2325,11
2325,5
2326,29
2326,1
2327,29
2327,1
2328,29
2328,1
2329,29
2329,1
2330,3
2331,4
2331,9
2331,1
2331,5
2332,29
2332,1
2333,4
2333,9
2333,1
2333,5
2334,3
2335,29
2335,1
2336,3
2337,4
2337,9
2337,1
2337,5
2338,29
2338,1
2339,29
2339,1
2340,29
2340,1
2341,3
2342,4
2342,9
2342,1
2342,5
2343,29
2343,1
2344,29
2344,1
2345,3
2346,4
2346,9
2346,1
2346,5
2347,29
2347,1
2348,29
2348,5
2349,9
2349,1
2349,5
2350,9
2350,1
2350,5
2351,9
2351,1
2351,5
2352,9
2352,1
2352,5
2353,9
2353,1
2353,5
2354,9
2354,1
2354,5
2355,9
2355,1
2355,5
2356,9
2356,1
2356,5
2357,9
2357,1
2357,5
2358,11
2358,5
2359,11
2359,5
2360,9
2360,5
2361,2
2361,3
2362,3
2362,5
2363,29
2363,9
2363,1
2364,3
2364,5
2365,3
2366,3
2367,3
2367,5
2368,3
2369,3
2369,9
2369,5
2369,13
2370,3
2371,2
2371,3
2372,3
2372,9
2372,5
2372,13
2373,2
2373,3
2374,3
2374,5
2375,3
2376,3
2376,5
2377,9
2377,5
2378,3
2378,9
2378,5
2378,13
2379,3
2380,2
2380,3
2381,3
2381,5
2382,3
2382,13
2383,2
2383,3
2384,3
2385,3
2386,3
2387,3
2388,2
2388,3
2389,2
2389,3
2390,3
2391,2
2391,3
2392,3
2393,3
2394,2
2394,3
2395,3
2396,3
2397,3
2398,2
2398,3
2399,2
2399,3
2400,3
2401,3
2402,2
2402,3
2403,2
2403,3
2404,3
2405,3
2406,3
2407,2
2407,3
2408,3
2409,2
2409,3
2410,3
2411,3
2412,2
2412,3
2413,3
2413,13
2414,2
2414,3
2415,3
2416,3
2416,13
2417,3
2418,3
2419,3
2420,2
2420,3
2421,2
2421,3
2422,3
2423,3
2424,2
2424,3
2425,2
2425,3
2426,3
2427,3
2428,3
2428,13
2429,3
2430,3
2431,2
2431,3
2432,2
2432,3
2433,2
2433,3
2434,3
2435,3
2436,2
2436,3
2437,3
2438,3
2439,3
2440,3
2441,2
2441,3
2442,2
2442,3
2443,3
2444,2
2444,3
2445,3
2446,3
2446,13
2447,2
2447,3
2448,3
2449,3
2449,13
2450,3
2451,3
2452,3
2453,2
2453,3
2454,2
2454,3
2455,3
2456,2
2456,3
2457,3
2458,2
2458,3
2459,3
2460,3
2461,3
2462,3
2463,3
2463,13
2464,2
2464,3
2465,2
2465,3
2466,3
2467,3
2468,2
2468,3
2469,2
2469,3
2470,3
2471,3
2472,3
2473,3
2474,2
2474,3
2475,2
2475,3
2476,3
2477,3
2478,2
2478,3
2479,2
2479,3
2480,3
2481,3
2482,3
2482,13
2483,3
2483,13
2484,3
2485,3
2486,2
2486,3
2487,2
2487,3
2488,3
2489,3
2490,2
2490,3
2491,2
2491,3
2492,3
2493,3
2494,3
2495,2
2495,3
2496,3
2497,2
2497,3
2498,3
2499,2
2499,3
2500,3
2501,3
2501,13
2502,3
2502,13
2503,9
2503,1
2503,5
2504,2
2504,29
2505,2
2505,1
2506,3
2506,5
2507,4
2507,9
2507,1
2507,5
2508,2
2508,29
2509,9
2509,1
2510,9
2510,1
2511,9
2511,1
2512,9
2512,1
2513,29
2513,1
2514,3
2514,13
2515,3
2515,5
2516,3
2516,13
2517,9
2517,5
2518,3
2518,5
2519,4
2519,11
2519,1
2520,3
2521,9
2521,5
2522,2
2522,1
2523,3
2523,5
2524,2
2524,29
2525,3
2525,5
2526,3
2526,9
2526,1
2526,5
2527,9
2527,83
2527,2
2527,3
2527,17
2528,9
2528,5
2529,2
2529,1
2530,9
2530,1
2530,5
2531,29
2531,6
2531,17
2531,83
2532,3
2532,1
2532,5
2533,9
2533,5
2534,40
2534,9
2534,29
2534,1
2534,17
2534,6
2535,3
2536,3
2536,5
2537,13
2538,2
2538,1
2539,3
2540,5
2540,17
2540,13
2541,12
2541,3
2541,56
2541,5
2541,74
2541,17
2542,1
2542,5
2543,4
2543,9
2543,1
2543,5
2544,1
2544,5
2545,40
2545,9
2545,29
2545,1
2545,17
2545,6
2546,29
2546,5
2547,3
2547,5
2548,9
2548,13
2549,3
2549,5
2550,9
2550,5
2550,13
2551,9
2551,5
2552,29
2552,9
2552,1
2553,9
2553,5
2554,9
2554,1
2555,9
2555,5
2556,2
2556,1
2557,12
2557,3
2557,56
2557,5
2557,74
2557,17
2558,29
2558,1
2559,29
2559,1
2560,29
2560,1
2561,29
2561,1
2562,1
2562,2
2562,3
2562,4
2562,5
2562,6
2563,9
2564,1
2564,5
2565,29
2565,9
2565,1
2566,9
2566,1
2566,5
2566,13
2567,9
2567,1
2567,5
2567,13
2568,29
2568,9
2568,1
2569,9
2569,5
2570,4
2570,1
2570,6
2571,9
2571,5
2572,9
2572,5
2573,11
2573,9
2573,12
2573,1
2573,2
2573,5
2573,13
2574,4
2574,1
2574,6
2575,9
2576,29
2576,1
2577,29
2577,1
2578,29
2578,1
2579,29
2579,1
2580,9
2580,5
2581,3
2582,29
2582,1
2583,3
2584,29
2584,1
2585,3
2586,29
2586,1
2587,3
2588,3
2589,3
2590,29
2590,1
2591,3
2591,5
2592,4
2592,1
2592,6
2593,3
2594,3
2595,3
2596,3
2597,3
2598,5
2598,17
2598,13
2599,5
2599,17
2599,13
2600,5
2600,17
2600,13
2601,5
2601,17
2601,13
2602,5
2602,17
2602,13
2603,5
2603,17
2603,13
2604,9
2604,5
2605,5
2605,17
2605,13
2606,3
2606,9
2606,5
2607,3
2607,5
2608,3
2608,5
2609,166
2609,19
2610,9
2610,5
2611,9
2611,1
2612,9
2612,1
2613,9
2613,5
2614,29
2614,9
2614,1
2615,3
2615,5
2616,3
2616,1
2616,5
2617,3
2617,5
2618,3
2618,5
2619,1
2619,5
2619,13
2620,1
2620,5
2620,13
2621,3
2622,3
2622,5
2623,1
2623,5
2624,2
2624,29
2625,1
2625,4
2625,74
2625,75
2625,17
2626,29
2626,1
2626,5
2627,1
2627,4
2627,74
2627,75
2627,17
2628,2
2628,29
2629,2
2629,1
2630,3
2630,5
2631,2
2631,29
2632,12
2632,3
2632,56
2632,5
2632,74
2632,17
2633,9
2633,5
2634,3
2635,3
2636,3
2637,3
2638,3
2639,3
2640,3
2641,3
2642,3
2643,3
2644,3
2645,3
2646,2
2646,1
2647,3
2647,19
2648,3
2648,19
2649,3
2649,11
2649,1
2649,5
2650,3
2651,9
2651,5
2652,29
2652,9
2652,1
2652,111
2653,3
2653,5
2654,13
2655,29
2655,1
2656,29
2656,9
2656,1
2657,4
2657,11
2657,1
2658,9
2658,5
2659,2
2659,9
2659,1
2659,5
2660,29
2660,9
2660,1
2661,9
2661,5
2662,9
2662,29
2662,1
2662,317
2662,5
2663,3
2663,9
2663,5
2664,9
2664,5
2665,9
2665,5
2666,9
2666,5
2667,9
2667,5
2668,40
2668,5
2669,9
2669,5
2670,1
2670,5
2671,5
2671,17
2671,13
2672,9
2672,5
2673,3
2673,5
2674,2
2674,1
2675,4
2675,9
2675,1
2675,5
2676,9
2676,5
2677,3
2677,5
2678,3
2678,5
2679,9
2679,1
2679,13
2679,83
2680,1
2680,5
2681,3
2681,161
2682,3
2682,9
2682,5
2682,13
2683,2
2683,29
2684,3
2684,161
2685,3
2685,9
2685,5
2685,13
2686,2
2686,1
2687,1
2687,5
2688,1
2688,5
2689,3
2689,5
2690,3
2690,161
2691,3
2691,9
2691,5
2691,13
2692,2
2692,29
2693,3
2693,161
2694,3
2694,9
2694,5
2694,13
2695,3
2695,161
2696,3
2696,9
2696,5
2696,13
2697,2
2697,1
2698,1
2698,5
2699,1
2699,5
2700,3
2700,5
2701,3
2701,161
2702,3
2702,9
2702,5
2702,13
2703,3
2703,9
2703,5
2703,13
2704,3
2704,161
2705,2
2705,29
2706,3
2706,161
2707,3
2708,3
2708,9
2708,5
2708,13
2709,3
2710,2
2710,1
2711,1
2711,5
2712,1
2712,5
2713,3
2713,5
2714,3
2714,9
2714,5
2714,13
2715,2
2715,29
2716,3
2716,161
2717,3
2717,9
2717,5
2717,13
2718,3
2719,2
2719,1
2720,1
2720,5
2721,1
2721,5
2722,3
2722,5
2723,2
2723,29
2724,3
2724,161
2725,3
2725,9
2725,5
2725,13
2726,3
2726,9
2726,5
2726,13
2727,3
2728,3
2728,9
2728,5
2728,13
2729,3
2729,161
2730,1
2730,5
2731,2
2731,1
2732,1
2732,5
2733,3
2733,5
2734,2
2734,29
2735,3
2735,9
2735,5
2735,13
2736,3
2736,161
2737,3
2737,9
2737,5
2737,13
2738,3
2739,3
2739,9
2739,5
2739,13
2740,3
2741,2
2741,1
2742,1
2742,5
2743,3
2743,5
2744,1
2744,5
2745,3
2745,9
2745,5
2745,13
2746,3
2746,161
2747,2
2747,29
2748,2
2748,1
2749,1
2749,5
2750,1
2750,5
2751,3
2751,5
2752,3
2752,9
2752,5
2752,13
2753,2
2753,29
2754,3
2754,161
2755,3
2755,9
2755,5
2755,13
2756,3
2757,2
2757,1
2758,1
2758,5
2759,1
2759,5
2760,3
2760,5
2761,3
2761,9
2761,5
2761,13
2762,2
2762,29
2763,3
2763,161
2764,3
2764,9
2764,5
2764,13
2765,3
2766,2
2766,1
2767,1
2767,5
2768,1
2768,5
2769,3
2769,5
2770,3
2770,9
2770,5
2770,13
2771,2
2771,29
2772,3
2772,161
2773,3
2774,3
2774,9
2774,5
2774,13
2775,3
2775,9
2775,5
2775,13
2776,3
2776,161
2777,2
2777,1
2778,3
2778,9
2778,5
2778,13
2779,3
2779,9
2779,5
2779,13
2780,3
2780,9
2780,5
2780,13
2781,3
2781,9
2781,5
2781,13
2782,3
2782,9
2782,5
2782,13
2783,3
2783,9
2783,5
2783,13
2784,3
2784,9
2784,5
2784,13
2785,3
2785,9
2785,5
2785,13
2786,3
2786,9
2786,5
2786,13
2787,3
2787,9
2787,5
2787,13
2788,3
2788,9
2788,5
2788,13
2789,3
2789,9
2789,5
2789,13
2790,3
2790,9
2790,5
2790,13
2791,3
2791,9
2791,5
2791,13
2792,17
2792,12
2792,9
2792,5
2793,9
2794,3
2794,9
2794,5
2794,13
2795,9
2796,9
2796,5
2797,9
2797,1
2798,2
2798,29
2799,9
2799,5
2800,9
2800,5
2801,47
2801,29
2801,4
2801,3
2801,6
2802,2
2802,1
2803,29
2803,1
2803,5
2804,9
2805,9
2806,9
2806,83
2806,2
2806,3
2806,17
2807,3
2807,1
2807,5
2808,3
2808,161
2808,17
2809,9
2810,3
2810,5
2811,11
2811,3
2811,5
2812,40
2812,5
2813,9
2813,1
2813,5
2814,3
2814,5
2815,9
2815,5
2816,9
2816,5
2817,9
2817,5
2818,9
2818,1
2819,9
2819,5
2820,3
2820,13
2820,6
2821,9
2821,5
2822,9
2822,5
2823,9
2823,5
2824,3
2825,3
2825,161
2826,11
2826,9
2826,1
2826,3
2826,5
2826,17
2826,6
2827,11
2827,3
2827,5
2828,4
2828,1
2828,6
2829,1
2829,4
2829,74
2829,75
2829,17
2830,1
2830,4
2830,74
2830,75
2830,17
2831,1
2831,4
2831,74
2831,75
2831,17
2832,3
2833,29
2833,1
2834,3
2835,29
2835,1
2836,4
2836,11
2836,1
2837,9
2838,3
2838,9
2838,5
2838,13
2839,3
2839,9
2839,5
2839,13
2840,4
2840,11
2840,1
2841,3
2841,9
2841,5
2841,13
2842,3
2842,9
2842,5
2842,13
2843,3
2843,5
2844,2
2844,3
2844,9
2844,5
2845,3
2846,9
2846,1
2847,9
2847,5
2848,5
2848,9
2848,1
2849,3
2849,1
2849,5
2850,29
2850,9
2850,1
2850,13
2851,3
2851,1
2851,5
2852,29
2852,1
2853,29
2853,9
2853,1
2854,9
2854,5
2855,29
2855,13
2855,6
2856,3
2856,13
2857,3
2858,3
2858,5
2859,9
2859,5
2860,29
2860,9
2860,1
2861,3
2861,9
2861,5
2862,3
2862,1
2862,5
2863,9
2864,9
2864,5
2865,9
2865,5
2866,9
2866,5
2867,29
2867,9
2867,1
2868,9
2868,5
2869,9
2869,5
2870,29
2870,9
2870,1
2871,3
2871,5
2872,9
2872,5
2873,9
2873,5
2874,9
2874,1
2875,9
2875,1
2876,9
2876,5
2877,9
2877,5
2878,9
2878,1
2879,9
2879,5
2880,9
2880,5
2881,3
2881,5
2882,3
2882,5
2883,9
2883,5
2884,9
2884,5
2885,3
2886,9
2886,5
2887,9
2887,5
2887,13
2888,9
2888,5
2888,13
2889,9
2889,5
2890,9
2890,5
2891,9
2891,5
2892,4
2892,11
2892,1
2893,3
2894,3
2894,9
2894,5
2895,3
2895,1
2896,3
2896,1
2897,9
2897,5
2897,13
2898,9
2898,5
2899,4
2899,11
2899,1
2900,3
2900,1
2900,5
2901,3
2901,1
2901,5
2902,9
2902,5
2903,2
2903,11
2903,5
2903,13
2904,2
2904,11
2904,5
2904,13
2905,9
2905,1
2905,4
2905,56
2905,6
2906,3
2906,9
2906,5
2906,13
2907,3
2907,5
2908,2
2908,3
2908,5
2909,29
2909,9
2909,1
2910,29
2910,9
2910,1
2911,9
2911,5
2912,40
2912,1
2912,5
2913,29
2913,9
2913,1
2914,9
2914,1
2914,5
2915,2
2915,3
2916,29
2916,9
2916,1
2917,9
2917,5
2918,29
2918,9
2918,1
2919,9
2919,5
2920,29
2920,1
2920,5
2921,2
2921,3
2921,5
2922,3
2923,9
2923,5
2924,3
2924,1
2924,5
2925,9
2925,5
2926,9
2926,5
2927,4
2927,11
2927,1
2928,9
2928,5
2929,3
2929,1
2929,5
2930,3
2930,5
2931,9
2931,1
2932,9
2932,5
2933,3
2933,5
2934,2
2934,3
2934,1
2934,5
2935,29
2935,1
2936,29
2936,9
2936,1
2937,29
2937,9
2937,1
2938,5
2938,9
2938,1
2939,9
2939,5
2940,3
2940,5
2940,13
2940,6
2941,29
2941,1
2942,2
2942,3
2942,9
2942,5
2943,3
2943,13
2944,40
2944,9
2944,29
2944,1
2944,5
2944,13
2945,3
2945,5
2945,13
2946,3
2946,9
2946,5
2947,9
2947,1
2948,9
2948,1
2949,9
2949,1
2950,9
2950,5
2951,11
2951,5
2952,11
2952,5
2953,11
2953,5
2954,3
2954,161
2954,5
2954,83
2955,3
2955,5
2956,3
2956,161
2957,166
2957,19
2958,47
2958,29
2958,4
2958,3
2958,6
2959,3
2959,1
2959,5
2960,9
2961,9
2961,83
2961,2
2961,3
2961,17
2962,4
2962,9
2962,1
2962,5
2963,9
2964,11
2964,3
2964,5
2965,9
2966,3
2967,4
2967,9
2967,1
2967,5
2968,11
2968,3
2968,5
2969,9
2970,3
2971,1
2971,5
2972,3
2972,9
2972,1
2973,3
2973,5
2973,6
2974,316
2974,29
2974,1
2974,4
2974,17
2975,3
2975,5
2976,3
2977,40
2977,5
2978,3
2978,5
2979,29
2979,9
2979,1
2980,9
2980,1
2981,9
2981,83
2981,2
2981,3
2981,17
2982,9
2982,1
2983,9
2983,83
2983,2
2983,3
2983,17
2984,40
2984,9
2984,29
2984,1
2984,2
2984,4
2984,56
2984,13
2984,6
2985,40
2985,9
2985,29
2985,1
2985,2
2985,4
2985,56
2985,13
2985,6
2986,9
2986,5
2987,3
2987,5
2988,3
2988,5
2989,4
2989,11
2989,1
2990,3
2990,5
2991,5
2991,9
2991,1
2992,4
2992,11
2992,1
2993,3
2993,1
2993,5
2994,3
2994,1
2994,5
2995,2
2995,11
2995,5
2995,13
2996,3
2997,3
2997,9
2997,5
2998,3
2998,5
2999,3
2999,5
3000,3
3000,1
3000,5
3001,3
3001,5
3002,3
3002,5
3003,3
3003,5
3004,40
3004,1
3004,5
3005,9
3005,1
3006,3
3006,161
3006,17
3007,3
3007,5
3008,3
3008,161
3008,17
3009,3
3009,9
3009,5
3010,3
3010,5
3011,3
3011,5
3012,3
3013,9
3014,3
3014,9
3014,5
3015,3
3015,5
3015,6
3016,9
3016,5
3017,29
3017,9
3017,1
3017,13
3018,2
3018,3
3018,1
3018,5
3019,3
3019,1
3019,5
3020,3
3020,5
3021,3
3022,3
3022,5
3023,3
3023,5
3024,3
3024,5
3024,6
3025,40
3025,1
3025,17
3026,3
3026,9
3026,5
3027,3
3027,1
3027,5
3028,3
3028,5
3029,40
3029,1
3029,5
3030,11
3030,9
3030,12
3030,1
3030,2
3030,5
3030,13
3031,3
3032,29
3032,6
3032,17
3032,83
3033,9
3033,1
3034,9
3034,1
3035,3
3035,5
3036,3
3036,9
3036,5
3037,3
3037,5
3038,9
3038,1
3039,9
3039,5
3040,3
3040,5
3041,2
3041,3
3041,9
3041,5
3042,29
3042,1
3043,9
3043,5
3044,9
3044,83
3044,2
3044,3
3044,17
3045,9
3045,5
3046,9
3046,83
3046,2
3046,3
3046,17
3047,3
3047,1
3047,5
3048,29
3048,1
3048,5
3049,1
3049,5
3050,9
3050,5
3051,29
3051,1
3051,5
3052,1
3052,5
3053,2
3053,9
3053,1
3053,5
3054,29
3054,9
3054,1
3055,3
3055,1
3055,5
3056,9
3056,5
3057,40
3057,1
3057,5
3058,9
3058,5
3059,4
3059,5
3060,9
3060,5
3061,9
3061,5
3062,166
3062,19
3063,166
3063,19
3064,29
3064,1
3065,166
3065,19
3066,166
3066,19
3067,166
3067,19
3068,5
3068,9
3068,1
3069,9
3069,1
3070,2
3070,1
3071,4
3071,1
3071,6
3072,2
3072,29
3073,2
3073,29
3074,3
3074,9
3074,5
3074,13
3075,5
3075,17
3075,13
3076,3
3076,9
3076,5
3076,13
3077,5
3077,17
3077,13
3078,2
3078,1
3079,1
3079,5
3080,9
3080,1
3080,5
3081,9
3081,1
3081,5
3082,9
3082,1
3082,5
3083,3
3083,9
3083,5
3083,13
3084,2
3084,29
3085,5
3085,17
3085,13
3086,5
3086,1
3086,17
3086,13
3087,9
3087,1
3087,13
3087,83
3088,1
3088,5
3089,2
3089,29
3090,3
3090,9
3090,5
3090,13
3091,5
3091,17
3091,13
3092,3
3092,9
3092,5
3092,13
3093,5
3093,17
3093,13
3094,5
3094,17
3094,13
3095,3
3095,9
3095,5
3095,13
3096,3
3096,9
3096,5
3096,13
3097,5
3097,17
3097,13
3098,3
3098,9
3098,5
3098,13
3099,2
3099,1
3100,5
3100,17
3100,13
3101,9
3101,1
3101,5
3102,9
3102,1
3102,5
3103,9
3103,1
3103,5
3104,3
3104,9
3104,5
3104,13
3105,2
3105,29
3106,5
3106,17
3106,13
3107,3
3107,9
3107,5
3107,13
3108,5
3108,17
3108,13
3109,5
3109,17
3109,13
3110,3
3110,9
3110,5
3110,13
3111,5
3111,17
3111,13
3112,3
3112,9
3112,5
3112,13
3113,9
3113,1
3113,13
3113,83
3114,3
3114,13
3115,1
3115,5
3116,2
3116,29
3117,5
3117,1
3117,17
3117,13
3118,5
3118,17
3118,13
3119,5
3119,17
3119,13
3120,3
3120,9
3120,5
3120,13
3121,3
3121,9
3121,5
3121,13
3122,3
3123,3
3123,9
3123,5
3123,13
3124,5
3124,17
3124,13
3125,3
3125,9
3125,5
3125,13
3126,5
3126,17
3126,13
3127,3
3127,9
3127,5
3127,13
3128,3
3128,9
3128,5
3128,13
3129,3
3130,5
3130,17
3130,13
3131,3
3131,9
3131,5
3131,13
3132,5
3132,17
3132,13
3133,3
3133,9
3133,5
3133,13
3134,5
3134,17
3134,13
3135,3
3135,9
3135,5
3135,13
3136,3
3136,9
3136,5
3136,13
3137,3
3137,9
3137,5
3137,13
3138,5
3138,17
3138,13
3139,4
3139,9
3139,1
3139,5
3140,4
3140,11
3140,1
3141,2
3141,1
3142,29
3142,1
3142,5
3143,9
3143,5
3144,9
3144,5
3145,4
3145,1
3145,6
3146,3
3146,5
3147,4
3147,1
3147,6
3148,4
3148,1
3148,6
3149,4
3149,9
3149,1
3149,5
3150,166
3150,19
3151,9
3152,2
3152,1
3153,4
3153,9
3153,1
3153,5
3154,3
3154,5
3154,13
3154,6
3155,5
3155,17
3155,13
3156,4
3156,9
3156,1
3156,5
3157,9
3157,5
3158,3
3159,4
3159,1
3159,6
3160,4
3160,1
3160,6
3161,29
3161,9
3161,1
3162,3
3162,13
3163,3
3163,13
3164,4
3164,11
3164,1
3165,3
3165,13
3166,3
3166,13
3167,4
3167,11
3167,1
3168,29
3168,1
3169,3
3170,29
3170,1
3171,1
3172,9
3173,3
3173,9
3173,5
3173,13
3174,3
3174,9
3174,5
3174,13
3175,3
3175,9
3175,5
3175,13
3176,3
3176,9
3176,5
3176,13
3177,17
3177,12
3177,9
3177,5
3178,3
3178,9
3178,5
3178,13
3179,9
3179,1
3179,5
3180,1
3180,17
3181,3
3181,5
3182,166
3182,19
3183,166
3183,19
3184,11
3184,3
3184,5
3185,2
3185,3
3186,3
3187,3
3187,161
3187,5
3187,83
3188,29
3188,9
3189,29
3189,9
3189,1
3190,166
3190,19
3191,3
3191,5
3192,166
3192,19
3193,9
3193,1
3193,13
3193,83
3194,166
3194,19
3195,166
3195,19
3196,166
3196,19
3197,166
3197,19
3198,9
3198,1
3198,5
3199,9
3200,2
3200,29
3201,11
3201,5
3202,29
3202,1
3203,29
3203,9
3203,1
3203,111
3204,4
3204,11
3204,1
3205,29
3205,1
3206,3
3206,9
3206,5
3206,13
3207,3
3207,9
3207,5
3207,13
3208,3
3208,9
3208,5
3208,13
3209,3
3209,9
3209,5
3209,13
3210,3
3210,9
3210,5
3210,13
3211,9
3211,83
3211,2
3211,3
3211,17
3212,166
3212,19
3213,3
3213,1
3213,5
3214,3
3215,3
3215,9
3215,5
3215,13
3216,3
3216,9
3216,5
3216,13
3217,3
3217,9
3217,5
3217,13
3218,3
3218,9
3218,5
3218,13
3219,3
3219,9
3219,5
3219,13
3220,3
3220,9
3220,5
3220,13
3221,3
3221,9
3221,5
3221,13
3222,3
3222,9
3222,5
3222,13
3223,3
3223,9
3223,5
3223,13
3224,3
3224,9
3224,5
3224,13
3225,40
3225,9
3225,29
3225,1
3225,5
3225,13
3226,9
3226,1
3227,9
3227,1
3228,9
3228,5
3229,1
3229,5
3230,1
3230,5
3231,3
3231,5
3232,3
3232,5
3233,9
3233,83
3233,2
3233,3
3233,17
3234,5
3234,17
3234,13
3235,3
3235,9
3235,5
3235,13
3236,2
3236,29
3237,3
3238,3
3239,3
3239,9
3239,5
3239,13
3240,2
3240,1
3241,5
3241,17
3241,13
3242,3
3243,9
3243,1
3243,13
3243,83
3244,3
3244,9
3244,5
3244,13
3245,3
3246,3
3246,9
3246,5
3246,13
3247,2
3247,29
3248,3
3248,9
3248,5
3248,13
3249,3
3249,161
3250,2
3250,1
3251,1
3251,5
3252,3
3252,161
3253,3
3253,9
3253,5
3253,13
3254,2
3254,29
3255,3
3255,9
3255,5
3255,13
3256,5
3256,17
3256,13
3257,3
3257,9
3257,5
3257,13
3258,5
3258,17
3258,13
3259,3
3259,9
3259,5
3259,13
3260,3
3260,161
3261,3
3261,9
3261,5
3261,13
3262,3
3262,161
3263,3
3263,9
3263,5
3263,13
3264,3
3264,161
3265,3
3265,9
3265,5
3265,13
3266,9
3266,1
3266,13
3266,83
3267,5
3267,17
3267,13
3268,2
3268,1
3269,9
3269,1
3269,13
3269,83
3270,1
3270,5
3271,3
3272,3
3272,9
3272,5
3272,13
3273,2
3273,29
3274,2
3274,1
3275,1
3275,5
3276,1
3276,5
3277,3
3277,5
3278,2
3278,29
3279,3
3279,9
3279,5
3279,13
3280,5
3280,17
3280,13
3281,3
3281,9
3281,5
3281,13
3282,3
3282,161
3283,2
3283,1
3284,1
3284,5
3285,1
3285,5
3286,3
3286,5
3287,3
3287,9
3287,5
3287,13
3288,2
3288,29
3289,5
3289,17
3289,13
3290,3
3290,161
3291,3
3291,9
3291,5
3291,13
3292,3
3292,9
3292,5
3292,13
3293,5
3293,17
3293,13
3294,3
3294,9
3294,5
3294,13
3295,5
3295,17
3295,13
3296,1
3296,5
3297,2
3297,1
3298,1
3298,5
3299,3
3299,5
3300,2
3300,29
3301,3
3302,3
3303,2
3303,1
3304,2
3304,3
3304,9
3304,5
3305,2
3305,3
3305,9
3305,5
3306,2
3306,3
3306,9
3306,5
3307,2
3307,29
3308,5
3308,1
3308,17
3308,13
3309,5
3309,1
3309,17
3309,13
3310,9
3310,1
3310,5
3311,5
3311,1
3311,17
3311,13
3312,9
3312,1
3312,5
3313,9
3313,1
3313,5
3314,2
3314,29
3315,5
3315,1
3315,17
3315,13
3316,3
3316,9
3316,5
3316,13
3317,3
3317,161
3318,3
3318,9
3318,5
3318,13
3319,3
3320,3
3320,9
3320,5
3320,13
3321,3
3321,161
3322,3
3322,9
3322,5
3322,13
3323,3
3323,161
3324,3
3324,9
3324,5
3324,13
3325,2
3325,1
3326,1
3326,5
3327,1
3327,5
3328,3
3328,5
3329,3
3329,161
3330,3
3330,161
3331,3
3331,9
3331,5
3331,13
3332,2
3332,29
3333,1
3333,5
3334,1
3334,5
3335,2
3335,1
3336,3
3336,5
3337,3
3337,9
3337,5
3337,13
3338,2
3338,29
3339,3
3340,3
3340,9
3340,5
3340,13
3341,3
3341,161
3342,2
3342,1
3343,9
3343,1
3343,5
3344,9
3344,1
3344,5
3345,9
3345,1
3345,5
3346,1
3346,5
3347,2
3347,29
3348,3
3348,9
3348,5
3348,13
3349,5
3349,1
3349,17
3349,13
3350,3
3350,161
3351,3
3351,9
3351,5
3351,13
3352,3
3352,161
3353,2
3353,1
3354,1
3354,5
3355,1
3355,5
3356,3
3356,5
3357,2
3357,29
3358,3
3358,9
3358,5
3358,13
3359,3
3359,161
3360,2
3360,1
3361,1
3361,5
3362,1
3362,5
3363,3
3363,5
3364,3
3364,9
3364,5
3364,13
3365,2
3365,29
3366,3
3366,161
3367,3
3367,9
3367,5
3367,13
3368,3
3369,3
3369,9
3369,5
3369,13
3370,3
3371,3
3371,9
3371,5
3371,13
3372,3
3373,3
3373,161
3374,3
3374,9
3374,5
3374,13
3375,2
3375,1
3376,1
3376,5
3377,1
3377,5
3378,3
3378,5
3379,2
3379,29
3380,3
3380,161
3381,3
3381,9
3381,5
3381,13
3382,3
3382,161
3383,3
3383,9
3383,5
3383,13
3384,3
3385,3
3386,3
3387,3
3387,9
3387,5
3387,13
3388,3
3388,161
3389,3
3389,9
3389,5
3389,13
3390,3
3391,3
3391,161
3392,3
3392,9
3392,5
3392,13
3393,3
3393,9
3393,5
3393,13
3394,3
3394,9
3394,5
3394,13
3395,3
3395,161
3396,3
3396,161
3397,3
3397,9
3397,5
3397,13
3398,3
3398,161
3399,3
3399,9
3399,5
3399,13
3400,2
3400,1
3401,3
3401,5
3402,3
3402,5
3403,2
3403,29
3404,2
3404,1
3405,47
3405,83
3405,2
3405,13
3405,17
3405,6
3406,3
3406,5
3407,2
3407,29
3408,3
3408,5
3409,9
3409,5
3410,9
3410,5
3411,9
3411,5
3412,9
3412,5
3413,3
3413,5
3414,9
3414,5
3415,9
3415,5
3416,9
3416,5
3417,3
3417,5
3418,9
3418,5
3419,9
3419,5
3420,9
3420,1
3420,5
3421,2
3421,29
3422,9
3422,5
3423,1
3423,5
3424,29
3424,9
3424,1
3424,111
3425,9
3425,5
3426,1
3426,5
3427,9
3427,29
3427,1
3427,56
3427,111
3427,17
3428,9
3428,29
3428,1
3428,56
3428,111
3428,17
3429,9
3429,316
3429,1
3429,4
3429,3
3429,5
3429,17
3429,6
3430,29
3430,9
3430,1
3431,2
3431,1
3432,9
3432,5
3433,3
3433,5
3434,3
3434,5
3435,2
3435,29
3436,47
3436,83
3436,2
3436,13
3436,17
3436,6
3437,3
3437,5
3438,2
3438,1
3439,2
3439,29
3440,9
3440,5
3441,9
3441,5
3442,3
3442,9
3442,5
3442,13
3443,4
3443,1
3443,6
3444,2
3444,29
3445,1
3445,5
3446,9
3446,1
3447,9
3447,5
3448,9
3448,1
3449,9
3449,1
3450,3
3450,9
3450,5
3451,9
3451,5
3452,9
3452,5
3453,3
3453,13
3454,2
3454,3
3454,5
3455,29
3455,1
3455,5
3456,9
3456,1
3456,5
3457,2
3457,29
3458,19
3459,9
3460,9
3460,316
3460,1
3460,4
3460,3
3460,5
3460,17
3460,6
3461,9
3461,316
3461,1
3461,4
3461,3
3461,5
3461,17
3461,6
3462,29
3462,5
3463,19
3464,11
3464,3
3464,5
3465,9
3465,1
3465,5
3466,9
3466,1
3466,5
3467,2
3467,29
3468,1
3468,4
3468,74
3468,75
3468,17
3469,1
3469,4
3469,74
3469,75
3469,17
3470,40
3470,9
3470,29
3470,1
3470,17
3470,6
3471,1
3471,4
3471,74
3471,75
3471,17
3472,47
3472,29
3472,4
3472,3
3472,6
3473,3
3473,161
3473,17
3474,9
3474,5
3475,5
3476,9
3476,5
3477,3
3477,1
3477,5
3478,3
3478,5
3479,9
3479,5
3480,11
3480,5
3481,9
3481,1
3482,2
3482,1
3483,9
3484,9
3485,2
3485,29
3486,3
3486,1
3486,5
3487,3
3487,5
3488,3
3488,5
3489,29
3489,1
3489,5
3490,47
3490,29
3490,4
3490,3
3490,6
3491,29
3491,1
3491,5
3492,3
3492,161
3493,3
3493,161
3494,47
3494,29
3494,4
3494,3
3494,6
3495,2
3495,1
3496,3
3496,5
3497,3
3497,13
3498,1
3498,4
3498,74
3498,75
3498,17
3499,2
3499,29
3500,29
3500,6
3500,17
3500,83
3501,9
3501,5
3502,9
3502,5
3503,9
3503,83
3503,2
3503,3
3503,17
3504,3
3504,5
3505,9
3505,5
3506,11
3506,3
3506,5
3507,3
3507,5
3508,3
3508,161
3509,9
3509,5
3510,3
3510,5
3511,29
3511,9
3512,9
3512,5
3513,2
3513,29
3514,29
3514,6
3514,17
3514,83
3515,9
3515,5
3516,4
3516,1
3516,6
3517,4
3517,1
3517,6
3518,9
3518,5
3519,3
3519,5
3520,11
3520,3
3520,5
3521,3
3521,5
3522,4
3522,1
3522,6
3523,9
3524,2
3524,1
3525,9
3526,2
3526,29
3527,9
3528,2
3528,1
3529,3
3529,5
3530,3
3531,9
3531,5
3532,2
3532,29
3533,9
3533,5
3534,9
3534,5
3535,9
3535,5
3536,3
3536,5
3537,9
3537,5
3538,11
3538,5
3539,9
3539,13
3540,29
3540,5
3541,2
3541,29
3542,4
3542,3
3542,1
3542,5
3543,3
3543,13
3544,9
3544,5
3545,3
3545,5
3546,3
3546,5
3547,9
3547,5
3548,3
3548,5
3549,29
3549,1
3549,5
3549,13
3549,17
3550,9
3550,5
3551,9
3552,3
3552,1
3552,5
3553,11
3553,3
3553,5
3554,9
3554,5
3555,2
3555,29
3556,3
3556,1
3557,9
3557,1
3557,4
3557,56
3557,6
3558,3
3559,9
3559,5
3560,3
3561,40
3561,9
3561,29
3561,1
3561,17
3561,6
3562,29
3562,9
3562,1
3562,111
3563,2
3563,3
3564,2
3564,29
3565,9
3565,5
3566,3
3566,5
3567,3
3568,5
3568,13
3569,9
3569,5
3570,29
3570,1
3570,5
3571,3
3572,3
3572,1
3572,5
3573,40
3573,9
3573,29
3573,1
3573,2
3573,4
3573,56
3573,13
3573,6
3574,5
3574,3
3574,17
3575,3
3575,5
3576,11
3576,3
3576,5
3577,3
3577,5
3578,9
3578,5
3579,47
3579,29
3579,4
3579,3
3579,6
3580,3
3581,9
3581,5
3582,9
3582,5
3583,29
3583,9
3583,1
3583,13
3584,3
3584,9
3584,5
3585,3
3585,5
3586,9
3586,5
3587,9
3587,5
3588,29
3588,6
3588,17
3588,83
3589,3
3589,5
3590,3
3590,5
3591,3
3591,5
3592,3
3592,9
3592,5
3593,3
3593,9
3593,5
3594,2
3594,11
3594,5
3595,9
3595,5
3596,3
3596,161
3597,9
3597,5
3598,9
3598,5
3599,9
3599,5
3600,3
3601,29
3601,9
3601,1
3602,11
3602,3
3602,5
3603,9
3603,5
3604,11
3604,5
3605,47
3605,29
3605,4
3605,3
3605,6
3606,11
3606,5
3607,3
3607,9
3607,13
3608,3
3609,3
3609,5
3610,9
3611,3
3611,9
3611,13
3612,9
3612,5
3613,2
3613,29
3614,11
3614,5
3615,3
3615,9
3615,1
3615,5
3616,9
3616,5
3617,3
3617,9
3617,1
3618,9
3618,83
3618,2
3618,3
3618,17
3619,3
3619,1
3619,5
3620,9
3620,5
3621,29
3621,6
3621,17
3621,83
3622,1
3622,4
3622,74
3622,75
3622,17
3623,3
3623,5
3624,29
3624,9
3625,9
3625,5
3626,1
3626,5
3627,3
3627,9
3627,5
3628,3
3628,9
3628,5
3629,9
3629,5
3630,3
3630,9
3630,5
3631,3
3632,3
3632,9
3632,5
3633,3
3634,3
3635,3
3636,9
3636,5
3637,3
3637,5
3638,3
3638,1
3638,5
3639,166
3639,19
3640,3
3641,3
3641,5
3642,9
3642,5
3643,3
3643,9
3643,1
3643,5
3644,4
3644,11
3644,1
3645,9
3645,5
3646,3
3647,29
3647,1
3648,3
3649,3
3650,29
3650,1
3651,3
3652,29
3652,1
3653,29
3653,1
3654,3
3655,29
3655,1
3656,29
3656,1
3657,3
3658,29
3658,1
3659,3
3660,3
3661,3
3662,3
3663,4
3663,9
3663,1
3663,5
3664,3
3665,3
3666,3
3667,3
3668,4
3668,9
3668,1
3668,5
3669,3
3670,3
3671,3
3671,5
3672,3
3673,9
3673,5
3674,3
3674,1
3674,5
3675,2
3675,1
3675,13
3676,3
3676,9
3676,1
3677,2
3677,9
3677,1
3677,5
3678,9
3678,5
3679,9
3679,5
3680,9
3680,5
3681,40
3681,5
3682,29
3682,9
3683,29
3683,9
3684,29
3684,9
3685,29
3685,1
3686,3
3687,9
3688,29
3688,1
3689,3
3689,5
3690,3
3691,3
3692,29
3692,1
3693,29
3693,1
3694,3
3695,29
3695,1
3696,29
3696,1
3697,2
3697,29
3698,2
3698,29
3699,2
3699,29
3700,3
3701,2
3701,29
3702,3
3703,3
3704,2
3704,29
3705,3
3706,2
3706,29
3707,3
3708,3
3709,2
3709,29
3710,2
3710,29
3711,3
3712,3
3713,2
3713,29
3714,11
3714,5
3715,3
3716,1
3716,4
3716,2
3716,56
3716,5
3716,17
3716,6
3717,3
3717,5
3718,3
3718,5
3719,1
3719,4
3719,2
3719,56
3719,5
3719,17
3719,6
3720,3
3720,1
3720,5
3721,9
3721,1
3721,83
3721,5
3721,6
3722,3
3723,4
3723,11
3723,1
3724,2
3724,3
3724,1
3724,5
3725,9
3725,5
3726,9
3726,5
3727,3
3728,1
3728,5
3729,9
3729,5
3730,3
3730,5
3731,3
3731,5
3732,29
3732,1
3733,3
3733,9
3733,5
3734,9
3734,5
3735,3
3735,5
3736,3
3736,161
3736,17
3737,3
3737,161
3737,17
3738,3
3738,5
3739,9
3739,1
3740,9
3740,1
3741,9
3741,1
3742,3
3743,9
3743,1
3744,9
3744,1
3745,3
3746,3
3747,3
3748,3
3749,3
3750,3
3751,29
3751,1
3752,29
3752,1
3753,3
3754,1
3754,4
3754,2
3754,56
3754,5
3754,17
3754,6
3755,9
3756,29
3756,1
3757,9
3757,5
3758,9
3758,12
3758,1
3758,5
3758,13
3759,29
3759,1
3760,9
3761,3
3761,5
3762,2
3762,29
3763,3
3763,1
3764,3
3764,5
3765,2
3765,29
3766,4
3766,9
3766,1
3766,5
3767,29
3767,9
3768,9
3768,1
3769,3
3769,5
3770,29
3770,9
3770,1
3771,2
3771,1
3772,3
3772,5
3773,29
3773,1
3774,29
3774,1
3775,9
3775,5
3775,13
3776,2
3776,29
3777,11
3777,5
3778,40
3778,9
3778,316
3778,47
3778,29
3778,1
3778,83
3778,317
3778,56
3778,5
3778,74
3778,13
3778,17
3778,318
3778,6
3779,2
3779,1
3780,3
3780,5
3781,3
3781,1
3781,5
3782,2
3782,9
3782,1
3782,5
3783,9
3783,5
3783,13
3784,2
3784,29
3785,3
3786,29
3786,9
3786,1
3787,3
3787,5
3788,3
3788,5
3789,3
3789,5
3790,29
3790,9
3790,1
3791,3
3791,5
3792,3
3793,2
3793,1
3794,2
3794,9
3794,1
3794,5
3795,3
3796,29
3796,1
3797,166
3797,19
3798,9
3798,5
3798,13
3799,11
3799,3
3799,5
3800,40
3800,9
3800,316
3800,47
3800,29
3800,1
3800,83
3800,317
3800,56
3800,5
3800,74
3800,13
3800,17
3800,318
3800,6
3801,1
3801,5
3802,9
3802,5
3803,4
3803,11
3803,1
3804,2
3804,1
3805,5
3806,5
3807,3
3807,5
3808,9
3808,1
3808,3
3808,5
3808,13
3808,17
3809,9
3809,1
3809,3
3809,5
3809,13
3809,17
3810,5
3810,17
3810,13
3811,2
3811,1
3812,40
3812,9
3812,29
3812,1
3812,5
3812,13
3813,11
3813,3
3813,5
3814,2
3814,3
3814,1
3814,5
3815,3
3815,9
3815,5
3816,29
3816,1
3817,2
3817,3
3817,1
3817,5
3818,3
3818,9
3818,1
3818,5
3819,29
3819,9
3819,1
3819,13
3820,3
3820,5
3821,9
3821,5
3822,9
3822,5
3823,1
3823,5
3824,9
3824,1
3825,3
3825,9
3825,5
3826,1
3826,4
3826,74
3826,75
3826,17
3827,3
3828,3
3828,5
3829,5
3829,13
3830,9
3830,1
3830,5
3831,17
3831,12
3831,9
3831,5
3832,4
3832,1
3832,6
3833,9
3833,1
3833,5
3834,2
3834,1
3835,1
3835,5
3836,3
3836,5
3837,2
3837,29
3838,2
3838,29
3839,2
3839,1
3840,3
3840,5
3841,9
3842,2
3842,29
3843,2
3843,1
3844,3
3844,5
3845,3
3845,5
3846,4
3846,11
3846,1
3847,3
3847,5
3848,4
3848,9
3848,1
3848,5
3849,2
3849,29
3850,1
3851,9
3852,3
3852,1
3853,3
3853,5
3854,2
3854,29
3855,4
3855,11
3855,1
3856,3
3856,5
3857,2
3857,1
3858,3
3858,5
3859,3
3859,5
3860,3
3860,5
3861,3
3861,5
3862,9
3863,2
3863,29
3864,4
3864,11
3864,1
3865,3
3865,5
3866,3
3866,5
3867,2
3867,1
3868,3
3868,5
3869,3
3869,5
3870,2
3870,29
3871,3
3871,5
3872,9
3873,29
3873,9
3873,1
3874,2
3874,1
3875,9
3876,3
3876,5
3877,3
3877,5
3878,2
3878,29
3879,29
3879,13
3879,6
3880,9
3880,5
3881,3
3881,5
3882,9
3882,5
3883,9
3883,5
3884,3
3884,5
3885,4
3885,1
3885,6
3886,9
3886,5
3887,2
3887,1
3888,3
3888,5
3889,3
3889,5
3890,3
3890,1
3890,5
3891,2
3891,29
3892,29
3892,1
3892,5
3893,4
3893,11
3893,1
3894,4
3894,11
3894,1
3895,2
3895,9
3895,1
3895,5
3896,29
3896,9
3896,1
3897,3
3897,5
3898,2
3898,1
3899,29
3899,1
3899,5
3900,9
3901,9
3901,5
3902,3
3902,5
3903,2
3903,29
3904,3
3904,1
3904,5
3905,4
3905,1
3905,6
3906,3
3907,3
3907,1
3907,5
3908,29
3908,1
3909,29
3909,1
3910,29
3910,1
3911,29
3911,1
3912,9
3912,5
3913,2
3913,3
3913,9
3913,5
3914,9
3914,5
3915,3
3915,1
3916,2
3916,9
3916,1
3916,5
3917,40
3917,9
3917,29
3917,1
3917,17
3917,6
3918,9
3918,5
3919,9
3919,29
3919,1
3919,2
3919,3
3920,3
3920,13
3921,9
3921,1
3921,4
3921,56
3921,6
3922,11
3922,3
3922,5
3923,29
3923,1
3924,3
3924,5
3925,3
3926,11
3926,3
3926,5
3927,166
3927,19
3928,2
3928,3
3929,3
3930,9
3930,1
3930,13
3930,83
3931,2
3931,1
3932,3
3932,5
3932,13
3933,3
3933,5
3934,1
3934,4
3934,74
3934,75
3934,17
3935,2
3935,29
3936,3
3936,9
3936,5
3937,3
3937,161
3938,3
3938,161
3939,1
3939,5
3940,9
3940,5
3941,9
3941,1
3941,5
3942,3
3942,1
3942,5
3943,2
3943,1
3944,166
3944,19
3945,9
3945,5
3946,4
3946,1
3946,6
3947,3
3947,9
3947,1
3948,4
3948,1
3948,6
3949,9
3949,5
3950,9
3950,1
3951,3
3951,5
3952,3
3952,1
3953,9
3953,5
3954,4
3954,9
3954,1
3954,5
3955,9
3955,5
3956,9
3956,5
3957,9
3957,5
3958,9
3958,5
3959,3
3959,5
3960,9
3960,5
3961,9
3961,5
3962,9
3962,5
3963,9
3963,5
3964,9
3964,5
3965,9
3965,5
3966,9
3966,5
3967,3
3967,5
3968,3
3968,5
3969,9
3969,5
3970,3
3970,5
3971,9
3971,5
3972,9
3972,5
3973,9
3973,5
3974,9
3974,5
3975,9
3975,5
3976,9
3976,5
3977,9
3977,5
3978,3
3978,5
3979,9
3979,5
3980,9
3980,5
3981,3
3981,5
3982,3
3982,5
3983,9
3983,5
3984,9
3984,5
3985,3
3985,5
3986,3
3986,5
3987,9
3987,5
3988,9
3988,5
3989,3
3989,5
3990,4
3990,1
3990,6
3991,3
3991,9
3991,5
3991,13
3992,4
3992,9
3992,1
3992,5
3993,9
3993,5
3994,3
3995,3
3996,9
3996,5
3997,9
3997,5
3998,9
3998,5
3999,3
4000,3
4001,3
4002,9
4002,5
4003,3
4004,3
4005,9
4005,5
4006,3
4007,9
4007,5
4008,9
4008,5
4009,3
4010,9
4010,5
4011,3
4012,9
4012,5
4013,3
4014,9
4014,5
4015,3
4016,9
4016,5
4017,4
4017,9
4017,1
4017,5
4018,9
4018,1
4019,4
4019,9
4019,1
4019,5
4020,9
4020,5
4021,4
4021,9
4021,1
4021,5
4022,4
4022,9
4022,1
4022,5
4023,9
4023,5
4024,9
4024,5
4025,9
4025,5
4026,9
4026,5
4027,4
4027,9
4027,1
4027,5
4028,9
4028,5
4029,4
4029,9
4029,1
4029,5
4030,3
4031,9
4031,5
4032,1
4032,4
4032,74
4032,75
4032,17
4033,3
4033,161
4034,1
4034,4
4034,74
4034,75
4034,17
4035,9
4035,1
4036,3
4036,5
4037,9
4037,1
4038,3
4038,5
4039,9
4039,1
4039,4
4039,56
4039,6
4040,3
4040,9
4040,1
4041,2
4041,1
4042,5
4042,17
4042,13
4043,3
4043,5
4044,5
4044,17
4044,13
4045,40
4045,9
4045,29
4045,1
4045,2
4045,4
4045,56
4045,13
4045,6
4046,40
4046,9
4046,29
4046,1
4046,2
4046,4
4046,56
4046,13
4046,6
4047,5
4047,17
4047,13
4048,3
4048,5
4049,40
4049,9
4049,29
4049,1
4049,2
4049,4
4049,56
4049,13
4049,6
4050,29
4050,9
4050,1
4051,3
4051,1
4051,5
4052,9
4052,5
4053,3
4053,5
4054,3
4054,5
4055,40
4055,5
4056,29
4056,9
4056,1
4057,4
4057,1
4057,6
4058,9
4058,1
4058,4
4058,56
4058,6
4059,9
4059,5
4060,3
4060,5
4061,29
4061,1
4062,4
4062,1
4062,6
4063,11
4063,9
4063,1
4063,3
4063,5
4063,17
4063,6
4064,2
4064,3
4064,9
4064,5
4065,11
4065,9
4065,1
4065,3
4065,5
4065,17
4065,6
4066,4
4066,1
4066,6
4067,2
4067,3
4067,9
4067,5
4068,9
4068,5
4069,3
4069,5
4070,3
4070,5
4071,4
4071,11
4071,1
4072,3
4072,5
4073,9
4073,5
4074,9
4074,1
4075,3
4075,9
4075,5
4076,9
4077,9
4078,9
4078,5
4079,9
4080,3
4081,29
4081,9
4081,1
4082,3
4083,1
4083,5
4084,3
4084,5
4085,3
4086,3
4087,2
4087,29
4088,9
4088,1
4089,9
4090,9
4090,5
4091,47
4091,29
4091,4
4091,3
4091,6
4092,29
4092,1
4092,5
4093,2
4093,29
4094,1
4094,4
4094,74
4094,75
4094,17
4095,166
4095,19
4096,9
4096,83
4096,3
4096,111
4096,13
4096,6
4097,9
4097,5
4098,2
4098,29
4099,9
4100,3
4100,1
4100,5
4101,29
4101,1
4101,5
4102,3
4103,2
4103,1
4104,1
4104,5
4105,3
4105,5
4106,1
4106,5
4107,3
4107,9
4107,5
4107,13
4108,5
4108,17
4108,13
4109,3
4109,5
4110,2
4110,29
4111,3
4111,9
4111,5
4111,13
4112,9
4112,1
4113,3
4114,3
4115,3
4115,9
4115,5
4115,13
4116,3
4116,9
4116,5
4116,13
4117,5
4117,17
4117,13
4118,2
4118,1
4119,1
4119,5
4120,3
4120,5
4121,1
4121,5
4122,3
4122,9
4122,5
4122,13
4123,2
4123,29
4124,5
4124,17
4124,13
4125,3
4125,9
4125,5
4125,13
4126,3
4127,2
4127,1
4128,1
4128,5
4129,3
4129,5
4130,3
4130,161
4131,3
4131,9
4131,5
4131,13
4132,3
4132,9
4132,5
4132,13
4133,5
4133,17
4133,13
4134,3
4134,161
4135,2
4135,29
4136,1
4136,5
4137,2
4137,1
4138,1
4138,5
4139,1
4139,5
4140,3
4140,9
4140,5
4140,13
4141,3
4141,5
4142,3
4142,9
4142,5
4142,13
4143,2
4143,29
4144,5
4144,17
4144,13
4145,2
4145,1
4146,1
4146,5
4147,1
4147,5
4148,3
4148,5
4149,3
4149,9
4149,5
4149,13
4150,2
4150,29
4151,5
4151,17
4151,13
4152,3
4153,3
4154,3
4154,9
4154,5
4154,13
4155,5
4155,17
4155,13
4156,3
4156,9
4156,5
4156,13
4157,3
4158,3
4158,9
4158,5
4158,13
4159,3
4160,3
4160,9
4160,5
4160,13
4161,5
4161,17
4161,13
4162,2
4162,1
4163,1
4163,5
4164,1
4164,5
4165,3
4165,5
4166,2
4166,29
4167,5
4167,17
4167,13
4168,3
4168,9
4168,5
4168,13
4169,3
4169,9
4169,5
4169,13
4170,5
4170,17
4170,13
4171,5
4171,17
4171,13
4172,3
4172,9
4172,5
4172,13
4173,3
4173,9
4173,5
4173,13
4174,5
4174,17
4174,13
4175,3
4175,9
4175,5
4175,13
4176,5
4176,17
4176,13
4177,3
4178,3
4178,9
4178,5
4178,13
4179,3
4180,2
4180,1
4181,1
4181,5
4182,1
4182,5
4183,3
4183,5
4184,2
4184,29
4185,3
4185,9
4185,5
4185,13
4186,5
4186,17
4186,13
4187,2
4187,1
4188,9
4189,9
4190,2
4190,29
4191,5
4191,1
4191,17
4191,13
4192,5
4192,1
4192,17
4192,13
4193,5
4193,1
4193,17
4193,13
4194,5
4194,1
4194,17
4194,13
4195,5
4195,1
4195,17
4195,13
4196,1
4196,5
4197,3
4197,9
4197,5
4197,13
4198,3
4198,5
4199,2
4199,29
4200,5
4200,1
4200,17
4200,13
4201,5
4201,17
4201,13
4202,3
4202,9
4202,5
4202,13
4203,2
4203,1
4204,3
4204,9
4204,5
4204,13
4205,3
4205,9
4205,5
4205,13
4206,29
4206,9
4206,1
4207,3
4207,5
4208,3
4208,161
4208,17
4209,3
4209,5
4210,12
4210,3
4210,56
4210,5
4210,74
4210,17
4211,9
4211,5
4212,9
4212,5
4213,3
4214,1
4214,17
4215,2
4215,29
4216,3
4217,40
4217,9
4217,29
4217,1
4217,17
4217,6
4218,29
4218,6
4218,17
4218,83
4219,9
4219,1
4220,9
4220,1
4221,9
4221,1
4222,40
4222,1
4222,5
4223,9
4223,5
4224,9
4224,5
4225,9
4225,5
4226,9
4226,5
4227,9
4228,9
4228,5
4229,29
4229,9
4229,1
4230,9
4230,5
4231,29
4231,1
4231,5
4232,2
4232,1
4233,9
4233,1
4234,40
4234,1
4234,3
4234,5
4234,6
4235,40
4235,9
4235,29
4235,1
4235,17
4235,6
4236,2
4236,1
4237,2
4237,3
4237,1
4237,5
4238,2
4238,3
4238,1
4238,5
4239,9
4239,5
4240,9
4240,5
4241,11
4241,5
4242,3
4242,9
4242,5
4242,13
4243,3
4243,9
4243,5
4243,13
4244,3
4244,9
4244,5
4244,13
4245,3
4245,5
4246,3
4246,9
4246,5
4246,13
4247,3
4247,9
4247,5
4247,13
4248,1
4248,2
4248,3
4248,4
4248,5
4248,6
4249,29
4249,4
4250,3
4251,3
4251,1
4251,5
4252,40
4252,9
4252,316
4252,47
4252,29
4252,1
4252,83
4252,317
4252,56
4252,5
4252,74
4252,13
4252,17
4252,318
4252,6
4253,9
4253,83
4253,3
4253,111
4253,13
4253,6
4254,9
4254,1
4255,9
4255,1
4256,9
4256,1
4257,4
4257,9
4257,1
4257,5
4258,166
4258,19
4259,4
4259,9
4259,1
4259,5
4260,166
4260,19
4261,3
4261,9
4261,5
4262,4
4262,9
4262,1
4262,5
4263,166
4263,19
4264,4
4264,9
4264,1
4264,5
4265,166
4265,19
4266,4
4266,9
4266,1
4266,5
4267,166
4267,19
4268,166
4268,19
4269,166
4269,19
4270,4
4270,9
4270,1
4270,5
4271,9
4271,5
4271,13
4272,1
4272,5
4273,29
4273,9
4273,1
4273,5
4274,47
4274,29
4274,4
4274,3
4274,6
4275,3
4275,1
4275,5
4276,9
4276,1
4277,47
4277,29
4277,4
4277,3
4277,6
4278,1
4278,5
4278,13
4279,3
4279,13
4279,6
4280,4
4280,11
4280,1
4281,317
4281,2
4281,5
4281,4
4282,3
4282,1
4283,317
4283,2
4283,5
4283,4
4284,317
4284,2
4284,5
4284,4
4285,317
4285,2
4285,5
4285,4
4286,317
4286,2
4286,5
4286,4
4287,317
4287,2
4287,5
4287,4
4288,4
4288,1
4288,6
4289,9
4289,1
4289,5
4290,5
4290,17
4290,13
4291,1
4291,5
4292,9
4292,5
4292,13
4293,2
4293,3
4294,9
4294,5
4295,29
4295,5
4296,1
4296,5
4297,9
4297,5
4298,2
4298,3
4298,9
4298,5
4299,3
4299,5
4300,2
4300,1
4301,2
4301,29
4302,3
4302,5
4303,3
4303,9
4303,5
4303,13
4304,3
4304,9
4304,5
4304,13
4305,3
4305,5
4306,3
4306,9
4306,5
4306,13
4307,3
4307,9
4307,5
4307,13
4308,3
4308,9
4308,5
4308,13
4309,3
4309,9
4309,5
4309,13
4310,3
4310,9
4310,5
4310,13
4311,3
4311,9
4311,5
4311,13
4312,3
4312,9
4312,5
4312,13
4313,3
4313,9
4313,5
4313,13
4314,3
4314,9
4314,5
4314,13
4315,3
4315,9
4315,5
4315,13
4316,3
4316,9
4316,5
4316,13
4317,3
4317,9
4317,5
4317,13
4318,3
4318,9
4318,5
4318,13
4319,3
4319,5
4320,11
4320,3
4320,5
4321,5
4322,29
4322,1
4323,9
4323,5
4324,9
4324,5
4325,9
4325,5
4326,3
4326,9
4326,1
4326,5
4327,11
4327,3
4327,5
4328,9
4328,5
4329,9
4329,5
4330,9
4330,5
4331,9
4331,83
4331,2
4331,3
4331,17
4332,9
4332,5
4333,3
4333,5
4334,9
4334,5
4335,3
4335,5
4336,3
4336,161
4337,3
4337,5
4338,3
4338,5
4339,3
4339,1
4339,5
4340,9
4340,1
4341,9
4341,12
4341,1
4341,5
4341,13
4342,29
4342,9
4342,1
4342,111
4343,9
4343,5
4344,9
4344,5
4345,2
4345,1
4345,13
4346,2
4346,3
4346,1
4346,5
4347,9
4347,5
4348,47
4348,29
4348,2
4348,5
4348,17
4349,3
4349,9
4349,5
4350,3
4351,3
4351,5
4351,6
4352,9
4352,5
4353,29
4353,9
4353,1
4354,47
4354,29
4354,2
4354,5
4354,17
4355,29
4355,6
4355,17
4355,83
4356,9
4356,5
4357,3
4357,5
4358,9
4358,5
4359,3
4359,5
4360,29
4360,9
4360,1
4361,3
4361,9
4361,1
4361,5
4362,9
4362,5
4363,3
4363,13
4364,4
4364,11
4364,1
4365,29
4365,9
4365,1
4366,3
4366,161
4367,9
4367,5
4367,13
4368,3
4368,5
4369,9
4369,1
4369,5
4370,3
4370,5
4371,9
4371,5
4372,3
4372,5
4373,3
4373,5
4374,3
4374,13
4375,9
4375,83
4375,2
4375,3
4375,17
4376,3
4377,3
4377,5
4378,3
4378,5
4379,3
4379,9
4379,5
4380,9
4380,5
4381,29
4381,9
4381,1
4382,9
4382,5
4383,29
4383,9
4383,1
4383,111
4384,3
4385,3
4385,13
4386,5
4386,13
4387,9
4387,5
4388,3
4388,5
4389,3
4389,161
4390,3
4390,161
4391,29
4391,9
4391,1
4392,9
4392,1
4393,9
4393,1
4394,9
4395,11
4395,5
4396,3
4396,9
4396,1
4396,5
4397,29
4397,1
4397,5
4398,4
4398,11
4398,1
4399,3
4399,9
4399,1
4399,5
4400,3
4401,3
4401,161
4402,9
4403,9
4403,1
4403,4
4403,56
4403,6
4404,29
4404,1
4404,5
4405,2
4405,9
4405,1
4405,5
4406,29
4406,1
4406,5
4407,29
4407,9
4407,1
4408,4
4408,1
4408,6
4409,29
4409,1
4410,2
4410,9
4410,1
4410,5
4411,9
4411,1
4412,3
4412,5
4413,4
4413,1
4413,6
4414,9
4414,5
4414,13
4415,3
4415,1
4415,5
4416,2
4416,3
4416,1
4416,5
4417,29
4417,1
4418,29
4418,9
4418,1
4419,9
4419,5
4420,9
4420,83
4420,2
4420,3
4420,17
4421,47
4421,29
4421,4
4421,3
4421,6
4422,3
4422,5
4423,47
4423,29
4423,4
4423,3
4423,6
4424,47
4424,29
4424,4
4424,3
4424,6
4425,3
4426,29
4426,1
4427,2
4427,9
4427,1
4427,5
4428,3
4428,5
4429,29
4429,9
4429,1
4430,3
4430,5
4431,9
4431,5
4432,29
4432,9
4432,1
4433,9
4433,5
4434,29
4434,1
4435,3
4435,9
4435,5
4436,9
4436,5
4437,9
4437,29
4437,1
4437,56
4437,111
4437,17
4438,2
4438,9
4438,1
4438,5
4439,3
4439,9
4439,1
4439,5
4440,9
4440,83
4440,3
4440,111
4440,13
4440,6
4441,29
4441,1
4442,4
4442,11
4442,1
4443,1
4443,5
4444,1
4444,5
4445,3
4445,13
4445,6
4446,9
4446,5
4447,9
4447,1
4447,5
4448,3
4449,3
4449,5
4450,29
4450,6
4450,17
4450,83
4451,9
4451,5
4452,9
4452,1
4452,4
4452,56
4452,6
4453,29
4453,1
4454,9
4454,5
4454,13
4455,4
4455,3
4456,4
4456,11
4456,1
4457,4
4457,11
4457,1
4458,3
4459,29
4459,1
4460,3
4460,5
4461,3
4461,5
4462,3
4462,5
4463,9
4463,5
4464,9
4464,83
4464,2
4464,3
4464,17
4465,3
4466,9
4466,1
4466,5
4467,3
4467,9
4467,5
4467,13
4468,1
4469,3
4469,5
4470,9
4470,1
4470,4
4470,56
4470,6
4471,316
4471,29
4471,1
4471,4
4471,17
4472,3
4472,9
4472,5
4473,3
4473,1
4473,5
4474,9
4474,5
4475,2
4475,3
4475,9
4475,5
4476,4
4476,1
4476,6
4477,9
4477,1
4477,4
4477,56
4477,6
4478,9
4478,5
4479,316
4479,29
4479,1
4479,4
4479,17
4480,3
4480,5
4481,29
4481,9
4481,1
4482,29
4482,9
4482,1
4483,3
4483,1
4483,5
4484,3
4484,5
4485,40
4485,9
4485,29
4485,1
4485,2
4485,4
4485,56
4485,13
4485,6
4486,4
4486,11
4486,1
4487,5
4487,17
4487,13
4488,3
4488,13
4489,29
4489,9
4489,1
4490,9
4490,5
4491,3
4491,9
4491,5
4492,29
4492,9
4492,1
4493,9
4493,5
4494,9
4494,5
4495,4
4495,1
4495,6
4496,9
4496,5
4497,9
4498,3
4498,5
4499,9
4499,5
4500,9
4500,5
4501,3
4501,9
4501,5
4502,9
4502,1
4503,3
4503,5
4504,4
4504,1
4504,5
4505,3
4505,5
4506,9
4506,5
4507,3
4507,13
4508,9
4508,5
4509,9
4509,5
4510,3
4510,161
4511,9
4511,5
4512,3
4512,9
4512,5
4513,3
4513,5
4514,9
4514,5
4515,9
4515,5
4516,29
4516,1
4516,5
4517,3
4517,5
4518,9
4518,5
4519,9
4519,1
4519,4
4519,56
4519,6
4520,3
4520,5
4521,29
4521,1
4522,29
4522,9
4522,1
4523,9
4523,1
4523,4
4523,56
4523,6
4524,9
4524,5
4525,29
4525,1
4526,3
4526,5
4527,9
4527,1
4527,4
4527,56
4527,6
4528,9
4528,5
4529,1
4529,17
4530,4
4530,3
4530,1
4530,5
4531,29
4531,9
4531,1
4532,2
4532,3
4532,1
4532,5
4533,3
4533,5
4534,9
4534,5
4535,9
4535,1
4535,4
4535,56
4535,6
4536,3
4536,5
4537,3
4537,9
4537,5
4538,3
4538,1
4538,5
4539,4
4539,11
4539,1
4540,1
4540,5
4541,3
4541,5
4542,1
4542,5
4543,1
4543,5
4544,1
4544,5
4545,3
4545,9
4545,1
4545,5
4546,29
4546,9
4547,5
4547,17
4547,13
4548,5
4548,17
4548,13
4549,5
4549,17
4549,13
4550,9
4550,5
4551,9
4551,5
4552,9
4552,5
4553,1
4553,5
4554,2
4554,29
4555,2
4555,3
4555,5
4556,3
4556,5
4557,1
4557,5
4558,3
4559,3
4559,9
4559,5
4559,13
4560,2
4560,29
4561,5
4561,17
4561,13
4562,3
4562,9
4562,5
4562,13
4563,5
4563,17
4563,13
4564,3
4565,3
4565,9
4565,5
4565,13
4566,9
4566,5
4567,3
4567,9
4567,5
4567,13
4568,3
4568,9
4568,5
4568,13
4569,3
4570,2
4570,1
4571,9
4571,1
4571,13
4571,83
4572,1
4572,5
4573,3
4573,161
4574,3
4574,161
4575,2
4575,1
4576,3
4576,9
4576,5
4576,13
4577,3
4577,9
4577,5
4577,13
4578,2
4578,29
4579,3
4579,13
4580,4
4580,1
4580,6
4581,4
4581,1
4581,6
4582,9
4582,5
4582,13
4583,9
4583,5
4583,13
4584,29
4584,9
4584,1
4585,11
4585,5
4586,9
4587,9
4587,83
4587,2
4587,3
4587,17
4588,3
4588,9
4588,5
4589,3
4589,5
4590,3
4591,9
4592,3
4592,161
4593,9
4593,1
4593,4
4593,56
4593,6
4594,9
4594,1
4594,5
4595,2
4595,29
4596,4
4596,11
4596,1
4597,9
4598,11
4598,5
4599,9
4599,1
4599,5
4599,13
4600,13
4600,6
4601,9
4601,5
4602,3
4603,3
4603,9
4603,1
4603,5
4604,4
4604,1
4604,6
4605,9
4606,9
4606,5
4607,29
4607,9
4607,1
4608,4
4608,1
4608,6
4609,4
4609,1
4609,6
4610,4
4610,1
4610,6
4611,9
4611,1
4612,3
4612,5
4613,1
4613,4
4613,74
4613,75
4613,17
4614,3
4614,1
4614,5
4615,3
4616,1
4616,5
4617,1
4617,5
4618,3
4618,5
4619,3
4620,2
4620,29
4621,3
4622,2
4622,1
4623,1
4623,5
4624,1
4624,5
4625,3
4625,5
4626,9
4626,5
4627,5
4627,17
4627,13
4628,3
4628,9
4628,5
4628,13
4629,2
4629,29
4630,5
4630,17
4630,13
4631,3
4631,9
4631,5
4631,13
4632,3
4632,9
4632,5
4632,13
4633,3
4633,161
4634,3
4634,9
4634,5
4634,13
4635,3
4636,3
4636,161
4637,3
4637,161
4638,3
4638,9
4638,5
4638,13
4639,3
4639,9
4639,5
4639,13
4640,2
4640,1
4641,1
4641,5
4642,1
4642,5
4643,3
4643,5
4644,5
4644,17
4644,13
4645,3
4645,9
4645,5
4645,13
4646,2
4646,29
4647,3
4647,9
4647,5
4647,13
4648,5
4648,17
4648,13
4649,3
4650,3
4650,9
4650,5
4650,13
4651,3
4651,9
4651,5
4651,13
4652,3
4652,161
4653,3
4653,161
4654,3
4654,9
4654,5
4654,13
4655,2
4655,1
4656,9
4656,1
4656,13
4656,83
4657,1
4657,5
4658,4
4658,1
4658,6
4659,2
4659,29
4660,3
4661,3
4661,9
4661,5
4661,13
4662,3
4662,161
4663,4
4663,1
4663,6
4664,3
4665,3
4665,9
4665,5
4665,13
4666,3
4666,161
4667,4
4667,1
4667,6
4668,3
4669,2
4669,1
4670,9
4670,1
4670,13
4670,83
4671,1
4671,5
4672,3
4672,9
4672,5
4672,13
4673,2
4673,29
4674,3
4674,161
4675,3
4675,9
4675,5
4675,13
4676,3
4677,3
4677,9
4677,5
4677,13
4678,3
4678,161
4679,3
4679,9
4679,5
4679,13
4680,3
4680,161
4681,3
4681,9
4681,5
4681,13
4682,3
4683,3
4683,9
4683,5
4683,13
4684,3
4685,3
4686,3
4686,9
4686,5
4686,13
4687,2
4687,1
4688,9
4689,9
4690,2
4690,29
4691,3
4691,9
4691,5
4691,13
4692,5
4692,1
4692,17
4692,13
4693,3
4693,161
4694,9
4695,3
4695,9
4695,5
4695,13
4696,3
4696,161
4697,3
4697,9
4697,5
4697,13
4698,3
4698,161
4699,3
4699,161
4700,3
4700,9
4700,5
4700,13
4701,3
4701,9
4701,5
4701,13
4702,3
4703,3
4703,9
4703,5
4703,13
4704,3
4705,3
4706,3
4707,4
4707,1
4707,6
4708,3
4709,4
4709,1
4709,6
4710,3
4711,3
4711,9
4711,5
4711,13
4712,3
4712,9
4712,5
4712,13
4713,3
4713,9
4713,5
4713,13
4714,3
4714,161
4715,5
4715,1
4715,17
4715,13
4716,5
4716,1
4716,17
4716,13
4717,5
4717,1
4717,17
4717,13
4718,5
4718,1
4718,17
4718,13
4719,5
4719,1
4719,17
4719,13
4720,5
4720,1
4720,17
4720,13
4721,5
4721,1
4721,17
4721,13
4722,5
4722,1
4722,17
4722,13
4723,5
4723,1
4723,17
4723,13
4724,5
4724,1
4724,17
4724,13
4725,5
4725,1
4725,17
4725,13
4726,5
4726,1
4726,17
4726,13
4727,9
4727,1
4727,13
4727,83
4728,1
4728,5
4729,2
4729,29
4730,3
4730,9
4730,5
4730,13
4731,5
4731,17
4731,13
4732,3
4732,9
4732,5
4732,13
4733,5
4733,17
4733,13
4734,3
4734,9
4734,5
4734,13
4735,3
4735,9
4735,5
4735,13
4736,5
4736,17
4736,13
4737,2
4737,1
4738,9
4738,1
4738,5
4739,9
4739,1
4739,5
4740,9
4740,1
4740,5
4741,2
4741,29
4742,5
4742,1
4742,17
4742,13
4743,9
4744,3
4744,5
4744,6
4745,5
4745,17
4745,13
4746,9
4746,5
4747,40
4747,9
4747,29
4747,1
4747,2
4747,4
4747,56
4747,13
4747,6
4748,3
4749,9
4750,2
4750,1
4751,3
4751,5
4751,13
4751,6
4752,5
4752,1
4752,17
4752,13
4753,3
4753,9
4753,1
4753,5
4754,11
4754,3
4754,5
4755,3
4755,5
4756,4
4756,9
4756,1
4756,5
4757,4
4757,40
4757,1
4757,75
4758,3
4758,5
4759,9
4760,3
4760,161
4760,5
4760,83
4761,3
4761,9
4761,5
4762,3
4762,5
4762,6
4763,9
4763,5
4764,9
4764,5
4765,3
4765,5
4766,29
4766,6
4766,17
4766,83
4767,3
4767,5
4768,2
4768,29
4769,9
4769,5
4770,2
4770,3
4770,1
4770,5
4771,2
4771,3
4771,9
4771,5
4772,3
4772,5
4773,2
4773,9
4773,1
4773,5
4774,9
4774,5
4775,1
4775,5
4776,5
4776,9
4776,1
4777,2
4777,29
4778,9
4778,5
4779,1
4779,5
4780,1
4780,5
4781,5
4781,9
4781,1
4782,2
4782,29
4783,9
4783,5
4784,5
4784,9
4784,1
4785,5
4785,9
4785,1
4786,5
4786,9
4786,1
4787,9
4787,5
4788,2
4788,29
4789,9
4789,5
4790,2
4790,1
4791,1
4791,5
4792,9
4792,1
4792,5
4793,9
4794,2
4794,29
4795,9
4795,5
4796,1
4796,5
4797,9
4798,9
4798,1
4798,5
4799,2
4799,29
4800,9
4801,1
4801,5
4802,9
4802,1
4802,5
4803,2
4803,29
4804,9
4804,5
4805,3
4805,9
4805,5
4806,40
4806,9
4806,29
4806,1
4806,17
4806,6
4807,9
4807,5
4808,9
4808,5
4809,29
4809,1
4810,29
4810,1
4811,11
4811,3
4811,5
4812,3
4813,2
4813,29
4814,11
4814,3
4814,5
4815,9
4815,1
4815,5
4816,5
4816,9
4816,1
4817,4
4817,3
4817,1
4817,5
4818,9
4818,1
4818,83
4818,5
4818,6
4819,3
4819,5
4820,9
4820,1
4821,9
4821,1
4822,3
4822,1
4822,5
4823,9
4823,1
4824,3
4824,5
4825,9
4825,1
4826,29
4826,9
4827,29
4827,9
4828,9
4828,5
4829,3
4829,5
4830,29
4830,9
4830,1
4830,5
4831,47
4831,29
4831,4
4831,3
4831,6
4832,3
4832,5
4833,3
4833,5
4834,29
4834,9
4834,1
4835,3
4835,5
4836,317
4836,2
4836,5
4836,4
4837,40
4837,9
4837,29
4837,1
4837,2
4837,4
4837,56
4837,13
4837,6
4838,11
4838,9
4838,2
4838,4
4838,5
4839,29
4839,9
4839,1
4839,111
4840,1
4840,17
4841,11
4841,3
4841,5
4842,3
4843,9
4843,83
4843,3
4843,111
4843,13
4843,6
4844,13
4844,19
4845,29
4845,9
4845,1
4845,6
4846,3
4846,5
4847,29
4847,1
4848,9
4848,5
4849,9
4849,5
4850,9
4850,5
4851,9
4851,5
4852,9
4852,5
4853,9
4853,5
4854,9
4854,5
4855,9
4855,5
4856,9
4857,9
4857,5
4858,3
4858,9
4858,5
4859,2
4859,29
4860,4
4860,1
4860,6
4861,11
4861,3
4861,5
4862,12
4862,3
4862,56
4862,5
4862,74
4862,17
4863,3
4863,161
4864,2
4864,1
4865,29
4865,1
4866,3
4867,29
4867,9
4867,1
4868,3
4868,9
4868,13
4869,3
4869,5
4870,9
4870,1
4870,6
4871,9
4871,83
4871,2
4871,3
4871,17
4872,5
4872,17
4872,13
4873,3
4873,5
4874,2
4874,29
4875,29
4875,9
4876,3
4877,1
4877,17
4878,29
4878,9
4878,1
4878,111
4879,3
4879,5
4880,9
4880,5
4881,29
4881,1
4881,5
4881,13
4881,17
4882,3
4882,161
4883,11
4883,5
4884,3
4884,5
4885,29
4885,9
4885,1
4885,5
4886,3
4887,3
4887,5
4888,3
4888,5
4889,11
4889,3
4889,5
4890,40
4890,9
4890,29
4890,1
4890,17
4890,6
4891,2
4891,3
4891,5
4892,2
4892,1
4893,12
4893,3
4893,56
4893,5
4893,74
4893,17
4894,9
4894,5
4895,29
4895,9
4895,1
4896,29
4896,9
4896,1
4897,1
4897,5
4898,29
4898,9
4898,1
4899,9
4899,5
4900,9
4900,1
4900,4
4900,56
4900,6
4901,29
4901,9
4901,1
4902,29
4902,9
4902,1
4903,9
4903,5
4904,9
4904,83
4904,2
4904,3
4904,17
4905,3
4905,161
4905,17
4906,9
4906,5
4907,3
4907,5
4907,13
4907,6
4908,1
4908,5
4909,9
4909,1
4909,5
4910,3
4910,5
4911,9
4911,1
4912,2
4912,29
4913,3
4913,5
4914,3
4914,5
4915,9
4915,1
4915,13
4915,83
4916,3
4916,5
4917,3
4917,5
4918,3
4918,5
4919,3
4919,5
4920,3
4920,5
4921,3
4921,5
4922,29
4922,1
4923,29
4923,1
4924,3
4924,5
4925,29
4925,1
4926,3
4927,29
4927,1
4928,29
4928,1
4929,11
4929,3
4929,5
4930,29
4930,1
4930,5
4931,12
4931,3
4931,56
4931,5
4931,74
4931,17
4932,3
4932,5
4933,56
4933,5
4933,13
4934,2
4934,3
4934,1
4934,5
4935,4
4935,1
4935,6
4936,4
4936,1
4936,6
4937,9
4938,2
4938,29
4939,4
4939,1
4939,6
4940,9
4941,1
4941,5
4942,11
4942,3
4942,5
4943,3
4943,5
4944,2
4944,29
4945,11
4945,3
4945,5
4946,3
4946,5
4947,3
4947,5
4948,1
4948,5
4949,9
4949,5
4950,3
4950,9
4950,5
4950,13
4951,29
4951,9
4951,1
4952,9
4952,1
4952,5
4953,2
4953,29
4954,9
4954,1
4954,83
4954,5
4954,13
4954,17
4955,9
4955,1
4955,83
4955,5
4955,13
4955,17
4956,3
4956,5
4956,6
4957,40
4957,9
4957,29
4957,1
4957,2
4957,4
4957,56
4957,13
4957,6
4958,40
4958,9
4958,29
4958,1
4958,17
4958,6
4959,3
4959,9
4959,5
4960,3
4960,9
4960,5
4961,9
4961,1
4962,4
4962,11
4962,1
4963,9
4963,1
4964,29
4964,1
4965,29
4965,1
4966,29
4966,1
4967,29
4967,1
4968,29
4968,1
4969,9
4969,1
4970,9
4970,1
4971,9
4971,1
4972,9
4972,1
4973,9
4973,1
4974,9
4974,5
4975,9
4975,1
4976,9
4976,1
4977,9
4977,5
4978,3
4978,1
4978,5
4979,3
4979,1
4979,5
4980,3
4980,5
4981,9
4981,5
4982,9
4982,5
4983,3
4983,5
4984,47
4984,83
4984,2
4984,13
4984,17
4984,6
4985,3
4986,2
4986,1
4987,2
4987,29
4988,29
4988,9
4988,1
4989,9
4989,83
4989,3
4989,111
4989,13
4989,6
4990,3
4991,3
4992,3
4993,4
4993,9
4993,1
4993,5
4994,4
4994,1
4994,6
4995,3
4996,166
4996,19
4997,5
4997,17
4997,13
4998,3
4998,5
4999,29
4999,1
5000,5
5000,17
5000,13
5001,9
5001,5
5002,3
5002,9
5002,5
5003,3
5003,9
5003,5
5004,2
5004,29
5005,29
5005,1
5006,9
5007,9
5007,5
5008,3
5008,161
5009,9
5009,1
5010,40
5010,1
5010,5
5011,9
5011,5
5012,9
5012,5
5013,9
5013,5
5014,29
5014,1
5014,5
5015,40
5015,1
5015,5
5016,9
5016,5
5017,3
5017,5
5018,40
5018,1
5018,5
5019,3
5019,9
5019,5
5020,2
5020,1
5021,3
5021,5
5022,9
5023,4
5023,1
5023,6
5024,2
5024,29
5025,29
5025,13
5025,6
5026,3
5026,5
5027,9
5027,5
5028,3
5028,13
5029,1
5029,5
5030,3
5030,5
5031,29
5031,1
5032,40
5032,9
5032,29
5032,1
5032,2
5032,4
5032,56
5032,13
5032,6
5033,2
5033,1
5034,29
5034,1
5035,9
5035,83
5035,2
5035,3
5035,17
5036,3
5036,1
5036,5
5037,29
5037,1
5038,9
5038,5
5039,3
5039,5
5040,3
5040,9
5040,5
5040,13
5041,3
5041,5
5042,3
5043,9
5043,5
5044,9
5044,1
5044,83
5044,5
5044,6
5045,3
5045,1
5045,5
5046,9
5046,5
5047,3
5047,9
5047,5
5048,40
5048,1
5048,5
5049,3
5049,9
5049,5
5050,29
5050,9
5050,1
5051,9
5051,5
5052,9
5052,1
5052,4
5052,56
5052,6
5053,3
5053,9
5053,5
5054,3
5054,5
5055,40
5055,9
5055,29
5055,1
5055,17
5055,6
5056,3
5056,1
5056,5
5057,13
5058,40
5058,9
5058,29
5058,1
5058,2
5058,4
5058,56
5058,13
5058,6
5059,9
5059,83
5059,2
5059,3
5059,17
5060,2
5060,1
5061,3
5061,5
5062,3
5062,5
5063,3
5063,5
5064,3
5065,3
5066,1
5066,4
5066,74
5066,75
5066,17
5067,3
5068,29
5068,1
5069,3
5070,3
5070,5
5071,29
5071,1
5071,5
5072,3
5072,9
5072,5
5072,13
5073,9
5073,5
5074,3
5074,5
5075,9
5075,5
5076,29
5076,1
5077,1
5077,5
5078,1
5078,17
5079,9
5079,5
5080,9
5080,5
5081,9
5081,5
5082,3
5082,5
5083,29
5083,1
5084,3
5084,5
5085,3
5085,5
5086,1
5086,5
5087,9
5087,5
5088,3
5089,2
5089,29
5090,2
5090,29
5091,3
5092,2
5092,29
5093,2
5093,29
5094,3
5095,2
5095,29
5096,3
5097,2
5097,29
5098,2
5098,29
5099,3
5100,3
5101,2
5101,29
5102,3
5103,2
5103,29
5104,3
5105,2
5105,29
5106,3
5107,2
5107,29
5108,3
5109,3
5110,2
5110,29
5111,2
5111,29
5112,3
5113,2
5113,29
5114,3
5115,3
5116,2
5116,29
5117,3
5118,29
5118,9
5118,1
5118,111
5119,4
5119,1
5119,6
5120,29
5120,1
5121,29
5121,1
5122,3
5122,5
5123,9
5123,5
5124,3
5124,5
5125,3
5126,2
5126,11
5126,5
5126,13
5127,5
5127,1
5127,17
5127,13
5128,2
5128,29
5129,2
5129,9
5129,5
5130,4
5130,1
5130,6
5131,3
5131,5
5132,3
5132,5
5133,3
5133,5
5134,3
5134,5
5135,2
5135,29
5136,2
5136,1
5137,1
5137,5
5138,3
5138,161
5139,3
5139,9
5139,5
5140,9
5140,1
5141,9
5141,1
5142,3
5142,40
5142,17
5142,83
5143,3
5143,161
5143,17
5144,3
5144,1
5145,4
5145,1
5145,6
5146,9
5146,5
5147,29
5147,9
5148,3
5149,3
5149,5
5150,4
5150,1
5150,6
5151,3
5151,5
5152,9
5152,5
5152,13
5153,29
5153,9
5153,1
5154,3
5154,9
5154,13
5155,3
5155,9
5155,13
5156,3
5156,9
5156,13
5157,3
5158,29
5158,13
5158,6
5159,3
5160,3
5160,11
5161,3
5161,5
5162,29
5162,1
5162,5
5163,3
5163,5
5164,4
5164,1
5164,6
5165,3
5166,1
5166,5
5167,1
5167,5
5168,4
5168,1
5168,6
5169,4
5169,1
5169,6
5170,9
5170,5
5171,47
5171,29
5171,2
5171,5
5171,17
5172,166
5172,19
5173,29
5173,5
5174,2
5174,29
5175,3
5176,2
5176,29
5177,3
5178,3
5179,9
5179,5
5180,4
5180,9
5180,1
5180,5
5181,29
5181,1
5181,5
5182,29
5182,1
5182,5
5183,9
5183,5
5184,9
5184,5
5185,2
5185,29
5186,3
5186,5
5187,3
5187,13
5188,3
5188,13
5189,4
5189,3
5189,1
5189,5
5190,47
5190,29
5190,4
5190,3
5190,6
5191,1
5191,2
5191,3
5191,4
5191,5
5191,6
5192,47
5192,29
5192,4
5192,3
5192,6
5193,4
5193,3
5193,1
5193,5
5194,47
5194,29
5194,4
5194,3
5194,6
5195,9
5195,5
5196,2
5196,1
5197,3
5197,5
5198,3
5198,9
5198,5
5199,3
5200,9
5200,5
5201,4
5201,1
5201,6
5202,2
5202,29
5203,9
5203,1
5204,4
5204,1
5204,6
5205,5
5205,9
5205,1
5206,5
5206,9
5206,1
5207,3
5207,5
5208,3
5208,5
5209,3
5209,5
5210,3
5210,11
5211,3
5211,5
5212,3
5212,11
5213,29
5213,5
5214,1
5214,5
5215,2
5215,1
5216,40
5216,9
5216,316
5216,47
5216,29
5216,1
5216,83
5216,317
5216,56
5216,5
5216,74
5216,13
5216,17
5216,318
5216,6
5217,3
5217,9
5217,5
5217,13
5218,29
5218,1
5219,29
5219,6
5219,17
5219,83
5220,4
5220,11
5220,1
5221,29
5221,1
5222,11
5222,5
5223,9
5223,83
5223,2
5223,3
5223,17
5224,3
5225,2
5225,3
5226,9
5226,1
5226,5
5227,3
5227,5
5228,2
5228,29
5229,3
5229,1
5230,9
5230,83
5230,3
5230,111
5230,13
5230,6
5231,29
5231,9
5231,1
5232,9
5232,5
5233,3
5233,5
5233,13
5233,6
5234,3
5234,5
5235,9
5235,5
5236,1
5236,4
5236,74
5236,75
5236,17
5237,9
5237,5
5238,11
5238,3
5238,5
5239,11
5239,3
5239,5
5240,11
5240,3
5240,5
5241,40
5241,9
5241,316
5241,47
5241,29
5241,1
5241,83
5241,317
5241,56
5241,5
5241,74
5241,13
5241,17
5241,318
5241,6
5242,9
5242,83
5242,2
5242,3
5242,17
5243,29
5243,1
5244,3
5245,3
5246,2
5246,1
5247,4
5247,1
5247,6
5248,29
5248,1
5249,3
5250,29
5250,1
5251,3
5252,29
5252,1
5253,3
5254,29
5254,1
5255,9
5255,1
5255,5
5256,9
5256,1
5256,5
5257,3
5257,9
5257,5
5258,2
5258,29
5259,5
5259,1
5259,17
5259,13
5260,3
5261,9
5261,5
5262,4
5262,11
5262,1
5263,29
5263,9
5263,1
5264,9
5264,5
5265,3
5265,5
5266,3
5266,1
5266,5
5267,3
5267,5
5268,9
5268,5
5269,2
5269,29
5270,3
5270,9
5270,5
5271,40
5271,1
5271,5
5272,29
5272,1
5272,5
5273,4
5273,1
5273,6
5274,3
5274,161
5275,9
5275,5
5276,3
5276,161
5277,3
5277,5
5278,2
5278,29
5279,4
5279,1
5279,6
5280,9
5280,83
5280,2
5280,3
5280,17
5281,9
5281,5
5282,29
5282,9
5282,1
5282,111
5283,2
5283,1
5284,9
5284,5
5285,29
5285,1
5286,3
5286,5
5287,9
5288,166
5288,19
5289,29
5289,5
5290,29
5290,5
5291,4
5291,1
5291,6
5292,9
5292,83
5292,2
5292,3
5292,17
5293,47
5293,83
5293,2
5293,13
5293,17
5293,6
5294,47
5294,83
5294,2
5294,13
5294,17
5294,6
5295,47
5295,83
5295,2
5295,13
5295,17
5295,6
5296,3
5296,161
5296,17
5297,47
5297,83
5297,2
5297,13
5297,17
5297,6
5298,47
5298,83
5298,2
5298,13
5298,17
5298,6
5299,47
5299,83
5299,2
5299,13
5299,17
5299,6
5300,47
5300,83
5300,2
5300,13
5300,17
5300,6
5301,47
5301,83
5301,2
5301,13
5301,17
5301,6
5302,47
5302,83
5302,2
5302,13
5302,17
5302,6
5303,47
5303,83
5303,2
5303,13
5303,17
5303,6
5304,47
5304,83
5304,2
5304,13
5304,17
5304,6
5305,9
5305,5
5306,47
5306,83
5306,2
5306,13
5306,17
5306,6
5307,47
5307,83
5307,2
5307,13
5307,17
5307,6
5308,47
5308,83
5308,2
5308,13
5308,17
5308,6
5309,47
5309,83
5309,2
5309,13
5309,17
5309,6
5310,3
5310,5
5311,9
5311,5
5312,29
5312,1
5312,5
5313,11
5313,5
5314,29
5314,1
5314,5
5315,3
5316,29
5316,1
5316,5
5317,9
5317,5
5318,1
5318,4
5318,74
5318,75
5318,17
5319,3
5319,5
5320,2
5320,3
5320,5
5321,2
5321,1
5322,9
5322,5
5323,9
5323,5
5324,4
5324,1
5324,6
5325,9
5325,5
5326,40
5326,1
5326,5
5327,4
5327,11
5327,1
5328,3
5329,9
5330,29
5330,1
5331,2
5331,3
5331,5
5332,9
5332,5
5333,2
5333,3
5333,9
5333,5
5334,3
5334,5
5335,29
5335,6
5335,17
5335,83
5336,11
5336,3
5336,5
5337,9
5337,5
5338,9
5338,5
5339,9
5339,5
5340,3
5340,9
5340,5
5341,2
5341,3
5341,47
5341,83
5342,9
5343,4
5343,1
5343,6
5344,3
5345,3
5345,5
5346,3
5346,5
5347,29
5347,9
5347,1
5348,3
5348,9
5348,5
5348,13
5349,3
5349,9
5349,5
5349,13
5350,9
5350,5
5351,5
5351,13
5352,4
5352,40
5352,1
5352,75
5353,4
5353,40
5353,1
5353,75
5354,9
5354,5
5355,3
5355,5
5356,29
5356,5
5357,9
5357,1
5358,9
5358,5
5359,9
5359,5
5360,29
5360,1
5361,13
5362,3
5362,5
5363,4
5363,11
5363,1
5364,40
5364,9
5364,29
5364,1
5364,2
5364,4
5364,56
5364,13
5364,6
5365,4
5365,11
5365,1
5366,29
5366,1
5366,5
5366,13
5366,17
5367,29
5367,9
5367,1
5367,111
5368,9
5368,5
5369,29
5369,1
5369,5
5370,3
5370,5
5371,3
5371,9
5371,1
5372,9
5372,5
5373,3
5373,1
5374,29
5374,9
5374,1
5375,29
5375,9
5375,1
5376,3
5376,5
5377,3
5377,5
5378,3
5378,1
5378,5
5379,3
5380,9
5380,1
5381,3
5381,5
5382,9
5382,5
5383,9
5383,5
5384,9
5385,3
5385,5
5386,29
5386,1
5387,3
5387,5
5388,9
5388,12
5388,1
5388,5
5388,13
5389,29
5389,9
5389,1
5390,9
5390,5
5391,3
5391,5
5392,9
5392,1
5393,29
5393,9
5393,1
5394,3
5394,9
5394,5
5394,13
5395,3
5395,5
5396,29
5396,9
5396,1
5397,4
5397,11
5397,1
5398,4
5398,11
5398,1
5399,9
5399,5
5400,3
5400,5
5401,3
5401,5
5402,3
5402,5
5403,3
5403,5
5404,9
5404,5
5405,3
5405,5
5406,9
5406,1
5407,29
5407,9
5407,1
5408,40
5408,9
5408,29
5408,1
5408,2
5408,4
5408,56
5408,13
5408,6
5409,3
5409,5
5410,5
5410,13
5411,9
5411,1
5412,9
5412,1
5413,11
5413,5
5414,3
5414,9
5414,1
5414,5
5415,4
5415,40
5415,1
5415,75
5416,3
5416,161
5416,5
5416,83
5417,3
5417,5
5418,4
5418,40
5418,1
5418,75
5419,2
5419,3
5419,9
5419,5
5420,2
5420,9
5420,1
5420,5
5421,3
5421,5
5422,1
5422,5
5423,3
5424,5
5424,9
5424,1
5425,47
5425,29
5425,4
5425,3
5425,6
5426,9
5426,1
5427,2
5427,9
5427,1
5427,5
5428,3
5428,5
5429,3
5429,1
5429,5
5430,9
5430,5
5431,9
5431,5
5432,9
5432,5
5433,9
5433,5
5434,3
5434,5
5435,9
5435,5
5436,9
5436,5
5437,3
5437,5
5438,3
5438,9
5438,1
5438,5
5439,9
5439,5
5440,3
5440,5
5441,9
5441,5
5442,11
5442,5
5443,29
5443,1
5444,29
5444,9
5444,1
5445,3
5445,5
5446,9
5446,5
5447,4
5447,40
5447,1
5447,75
5448,4
5448,3
5448,1
5448,5
5449,3
5449,5
5450,9
5450,12
5450,1
5450,5
5450,13
5451,9
5451,1
5452,3
5452,9
5452,5
5453,9
5453,1
5454,3
5454,9
5454,5
5455,9
5455,12
5455,1
5455,5
5455,13
5456,3
5456,5
5457,9
5457,5
5458,3
5459,9
5459,5
5460,9
5460,1
5460,4
5460,56
5460,6
5461,9
5461,5
5462,9
5462,5
5463,9
5463,5
5464,29
5464,1
5465,9
5465,5
5466,9
5467,3
5467,9
5467,5
5468,40
5468,1
5468,5
5469,9
5469,1
5469,4
5469,56
5469,6
5470,3
5470,9
5470,1
5471,3
5471,5
5472,3
5472,5
5473,2
5473,9
5473,1
5473,5
5474,3
5474,5
5475,3
5475,5
5476,3
5476,9
5476,13
5477,3
5477,5
5478,3
5478,5
5479,29
5479,1
5480,9
5480,5
5481,9
5481,5
5482,9
5482,5
5483,9
5483,5
5484,3
5484,5
5485,9
5485,5
5486,9
5486,5
5487,29
5487,9
5487,1
5488,29
5488,1
5489,3
5489,9
5489,5
5490,9
5490,5
5491,9
5491,5
5492,9
5492,5
5493,5
5493,13
5494,9
5494,1
5495,9
5495,5
5496,29
5496,9
5496,1
5497,9
5497,1
5498,9
5498,1
5499,4
5499,40
5499,1
5499,75
5500,11
5500,5
5501,11
5501,5
5502,3
5502,9
5502,1
5502,5
5503,9
5503,5
5504,29
5504,1
5505,9
5505,5
5506,29
5506,1
5506,5
5507,9
5507,1
5508,3
5508,5
5509,3
5509,5
5510,3
5510,5
5511,9
5511,5
5512,40
5512,1
5512,5
5513,9
5513,1
5514,4
5514,9
5514,1
5514,5
5515,3
5515,5
5516,3
5516,5
5517,29
5517,9
5517,1
5518,2
5518,3
5518,1
5518,5
5519,4
5519,11
5519,1
5520,3
5520,5
5521,3
5522,29
5522,1
5522,5
5522,13
5522,17
5523,29
5523,1
5524,4
5524,5
5525,3
5525,5
5526,9
5526,5
5527,9
5527,5
5528,1
5528,5
5528,13
5529,9
5529,5
5530,29
5530,9
5530,1
5531,40
5531,9
5531,29
5531,1
5531,2
5531,4
5531,56
5531,13
5531,6
5532,9
5532,1
5533,9
5533,5
5534,3
5534,5
5535,3
5535,5
5536,3
5536,5
5537,9
5537,5
5538,9
5538,5
5539,9
5539,5
5540,3
5540,5
5541,3
5541,9
5541,1
5541,5
5542,29
5542,9
5542,1
5543,3
5543,9
5543,5
5543,13
5544,3
5544,5
5545,3
5545,5
5546,3
5546,5
5546,6
5547,3
5547,5
5548,4
5548,11
5548,1
5549,29
5549,1
5550,29
5550,1
5551,9
5551,1
5552,9
5552,5
5553,3
5553,5
5554,3
5554,5
5555,4
5555,11
5555,1
5556,3
5556,5
5557,9
5557,5
5558,9
5558,5
5559,317
5559,2
5559,5
5559,4
5560,317
5560,2
5560,5
5560,4
5561,9
5561,5
5562,9
5562,5
5563,3
5563,9
5563,5
5564,29
5564,1
5565,9
5565,5
5566,5
5566,13
5567,9
5567,1
5568,29
5568,1
5569,11
5569,5
5570,3
5570,9
5570,1
5570,5
5571,4
5571,40
5571,1
5571,75
5572,2
5572,9
5572,1
5572,5
5573,29
5573,1
5574,9
5574,5
5575,9
5575,5
5576,3
5577,9
5577,5
5578,29
5578,9
5578,1
5579,3
5579,1
5579,5
5580,9
5580,1
5580,4
5580,56
5580,6
5581,9
5581,1
5581,4
5581,56
5581,6
5582,1
5582,2
5582,3
5582,4
5582,5
5582,6
5583,3
5583,5
5583,13
5583,6
5584,9
5584,1
5585,47
5585,29
5585,4
5585,3
5585,6
5586,9
5587,3
5587,161
5587,17
5588,2
5588,9
5588,1
5588,5
5589,3
5589,5
5590,4
5590,1
5591,9
5591,12
5591,1
5591,5
5591,13
5592,2
5592,9
5592,1
5592,5
5593,9
5593,83
5593,2
5593,3
5593,17
5594,3
5594,5
5595,3
5595,5
5596,1
5596,5
5596,13
5597,29
5597,9
5597,1
5598,3
5598,13
5599,3
5599,1
5599,5
5600,9
5600,5
5601,9
5601,1
5601,4
5601,56
5601,6
5602,4
5602,11
5602,1
5603,40
5603,9
5603,29
5603,1
5603,2
5603,4
5603,56
5603,13
5603,6
5604,3
5604,9
5604,5
5605,4
5605,11
5605,1
5606,29
5606,1
5607,9
5607,5
5608,3
5608,1
5609,9
5609,1
5610,3
5610,5
5611,9
5611,5
5611,13
5612,3
5612,9
5612,1
5612,5
5613,9
5613,5
5614,2
5614,29
5615,1
5615,4
5615,74
5615,75
5615,17
5616,2
5616,1
5617,1
5617,4
5617,2
5617,56
5617,5
5617,17
5617,6
5618,3
5618,9
5618,5
5619,9
5620,9
5621,5
5621,17
5621,13
5622,3
5622,9
5622,5
5622,13
5623,3
5623,9
5623,5
5623,13
5624,2
5624,29
5625,5
5625,17
5625,13
5626,9
5627,9
5627,5
5628,3
5629,3
5630,3
5631,3
5632,3
5632,9
5632,5
5632,13
5633,5
5633,17
5633,13
5634,5
5634,17
5634,13
5635,5
5635,17
5635,13
5636,3
5636,9
5636,5
5636,13
5637,3
5637,9
5637,5
5637,13
5638,5
5638,1
5638,17
5638,13
5639,5
5639,1
5639,17
5639,13
5640,5
5640,1
5640,17
5640,13
5641,5
5641,1
5641,17
5641,13
5642,3
5642,5
5643,3
5644,3
5645,2
5645,1
5646,2
5646,29
5647,9
5647,1
5647,5
5648,5
5648,1
5648,17
5648,13
5649,9
5649,1
5649,5
5650,9
5650,1
5650,5
5651,2
5651,29
5652,3
5652,161
5653,1
5653,5
5654,3
5654,9
5654,5
5654,13
5655,2
5655,1
5656,1
5656,5
5657,1
5657,5
5658,5
5658,1
5658,17
5658,13
5659,3
5659,5
5660,2
5660,29
5661,3
5661,9
5661,5
5661,13
5662,3
5662,161
5663,3
5664,3
5664,9
5664,5
5664,13
5665,2
5665,1
5666,1
5666,5
5667,1
5667,5
5668,3
5668,5
5669,3
5669,161
5670,2
5670,29
5671,3
5671,9
5671,5
5671,13
5672,3
5672,9
5672,5
5672,13
5673,1
5673,5
5674,2
5674,1
5675,3
5675,161
5676,3
5676,5
5677,1
5677,5
5678,3
5678,9
5678,5
5678,13
5679,3
5680,2
5680,29
5681,3
5681,161
5682,3
5682,9
5682,5
5682,13
5683,2
5683,1
5684,9
5684,1
5684,5
5685,9
5685,1
5685,5
5686,9
5686,1
5686,5
5687,2
5687,29
5688,9
5688,1
5688,5
5689,5
5689,1
5689,17
5689,13
5690,9
5690,1
5690,5
5691,2
5691,29
5692,3
5692,9
5692,5
5692,13
5693,5
5693,1
5693,17
5693,13
5694,3
5694,161
5695,2
5695,1
5696,1
5696,5
5697,3
5697,5
5698,1
5698,5
5699,2
5699,29
5700,3
5700,9
5700,5
5700,13
5701,3
5702,2
5702,1
5703,9
5703,1
5703,5
5704,9
5704,1
5704,5
5705,9
5705,1
5705,5
5706,2
5706,29
5707,5
5707,1
5707,17
5707,13
5708,1
5708,5
5709,3
5709,5
5710,3
5710,9
5710,5
5710,13
5711,2
5711,29
5712,3
5713,3
5714,3
5714,9
5714,5
5714,13
5715,3
5716,2
5716,1
5717,9
5717,1
5718,9
5718,1
5719,3
5719,5
5720,3
5720,9
5720,5
5720,13
5721,29
5721,4
5722,2
5722,29
5723,9
5723,1
5723,5
5724,29
5724,9
5725,3
5725,161
5726,3
5726,5
5727,13
5727,6
5728,4
5728,3
5728,1
5728,5
5729,3
5730,3
5730,5
5731,3
5731,5
5732,40
5732,5
5733,3
5733,5
5734,29
5734,17
5735,29
5735,9
5736,1
5736,5
5737,11
5737,5
5738,2
5738,1
5739,1
5739,2
5739,3
5739,4
5739,5
5739,6
5740,1
5740,2
5740,3
5740,4
5740,5
5740,6
5741,9
5741,5
5742,9
5743,40
5743,9
5743,316
5743,47
5743,29
5743,1
5743,83
5743,317
5743,56
5743,5
5743,74
5743,13
5743,17
5743,318
5743,6
5744,3
5745,3
5746,11
5746,5
5747,3
5748,3
5748,5
5749,2
5749,1
5750,9
5750,1
5750,5
5751,3
5751,5
5752,2
5752,29
5753,3
5753,5
5754,29
5754,1
5755,29
5755,9
5755,1
5756,29
5756,1
5757,9
5757,1
5757,4
5757,56
5757,6
5758,3
5758,5
5759,3
5759,5
5760,9
5761,29
5761,9
5761,1
5762,166
5762,19
5763,11
5763,3
5763,5
5764,2
5764,3
5765,166
5765,19
5766,9
5767,29
5767,9
5767,1
5767,111
5768,1
5768,5
5769,9
5769,1
5769,13
5769,83
5770,2
5770,29
5771,2
5771,1
5772,3
5772,5
5773,29
5773,9
5774,9
5774,1
5775,29
5775,9
5776,1
5776,5
5777,3
5777,5
5777,13
5777,6
5778,3
5778,5
5779,1
5779,2
5779,3
5779,4
5779,5
5779,6
5780,3
5780,9
5780,5
5781,3
5781,5
5782,9
5782,1
5783,1
5783,5
5783,13
5784,1
5784,5
5785,4
5785,11
5785,1
5786,3
5786,1
5786,5
5787,3
5787,5
5788,3
5788,1
5789,9
5789,5
5790,9
5790,5
5791,9
5791,5
5792,9
5792,5
5793,3
5793,5
5794,3
5794,5
5795,29
5795,9
5795,1
5796,3
5796,161
5797,29
5797,6
5797,17
5797,83
5798,9
5798,1
5798,13
5798,83
5799,3
5799,5
5800,9
5800,1
5800,4
5800,56
5800,6
5801,1
5801,5
5802,2
5802,29
5803,3
5803,9
5803,5
5803,13
5804,5
5804,17
5804,13
5805,3
5805,9
5805,5
5805,13
5806,5
5806,17
5806,13
5807,2
5807,1
5808,1
5808,5
5809,9
5809,1
5809,13
5809,83
5810,2
5810,29
5811,5
5811,17
5811,13
5812,3
5812,9
5812,5
5812,13
5813,3
5813,9
5813,5
5813,13
5814,3
5814,161
5815,2
5815,1
5816,1
5816,5
5817,3
5818,9
5818,1
5818,13
5818,83
5819,3
5820,3
5820,161
5821,3
5821,9
5821,5
5821,13
5822,2
5822,29
5823,3
5823,9
5823,5
5823,13
5824,5
5824,17
5824,13
5825,2
5825,1
5826,9
5826,1
5826,13
5826,83
5827,3
5828,1
5828,5
5829,3
5830,3
5831,3
5832,2
5832,1
5833,9
5833,1
5833,13
5833,83
5834,1
5834,5
5835,2
5835,29
5836,3
5837,2
5837,29
5838,3
5839,3
5839,9
5839,5
5839,13
5840,5
5840,17
5840,13
5841,2
5841,1
5842,5
5842,9
5842,1
5843,5
5843,9
5843,1
5844,5
5844,9
5844,1
5845,2
5845,29
5846,29
5846,4
5847,2
5847,1
5848,3
5848,5
5849,29
5849,9
5849,1
5850,9
5850,1
5850,13
5850,83
5851,9
5851,83
5851,2
5851,3
5851,17
5852,3
5852,1
5852,5
5853,1
5853,5
5854,3
5855,2
5855,29
5856,4
5856,1
5856,6
5857,4
5857,1
5857,6
5858,3
5859,3
5860,3
5861,9
5861,5
5862,3
5862,9
5862,5
5862,13
5863,3
5863,161
5864,3
5865,4
5865,1
5865,6
5866,3
5867,3
5867,9
5867,5
5867,13
5868,3
5868,161
5869,3
5869,9
5869,5
5869,13
5870,2
5870,1
5871,9
5871,1
5871,13
5871,83
5872,1
5872,5
5873,4
5873,1
5873,6
5874,2
5874,29
5875,3
5876,3
5876,161
5877,3
5877,9
5877,5
5877,13
5878,3
5878,9
5878,5
5878,13
5879,3
5879,161
5880,3
5880,9
5880,5
5880,13
5881,3
5881,161
5882,3
5882,161
5883,2
5883,1
5884,3
5884,9
5884,5
5884,13
5885,9
5885,1
5885,13
5885,83
5886,1
5886,5
5887,4
5887,1
5887,6
5888,2
5888,29
5889,3
5890,3
5891,3
5892,3
5893,4
5893,1
5893,6
5894,3
5894,9
5894,5
5894,13
5895,3
5895,161
5896,3
5897,3
5897,9
5897,5
5897,13
5898,3
5898,9
5898,5
5898,13
5899,3
5899,161
5900,4
5900,1
5900,6
5901,3
5902,4
5902,1
5902,6
5903,3
5904,3
5905,3
5906,4
5906,1
5906,6
5907,3
5908,3
5908,9
5908,5
5908,13
5909,3
5909,161
5910,3
5910,161
5911,3
5911,9
5911,5
5911,13
5912,4
5912,1
5912,6
5913,3
5914,3
5914,9
5914,5
5914,13
5915,3
5915,161
5916,4
5916,1
5916,6
5917,3
5918,3
5918,9
5918,5
5918,13
5919,3
5919,161
5920,3
5920,9
5920,5
5920,13
5921,3
5921,161
5922,2
5922,1
5923,1
5923,5
5924,9
5924,1
5924,13
5924,83
5925,2
5925,29
5926,4
5926,1
5926,6
5927,3
5928,3
5929,3
5929,9
5929,5
5929,13
5930,3
5930,161
5931,3
5932,4
5932,1
5932,6
5933,3
5934,3
5934,9
5934,5
5934,13
5935,3
5936,3
5936,161
5937,4
5937,1
5937,6
5938,2
5938,1
5939,9
5939,1
5939,13
5939,83
5940,1
5940,5
5941,3
5942,4
5942,1
5942,6
5943,2
5943,29
5944,4
5944,1
5944,6
5945,3
5946,4
5946,1
5946,6
5947,3
5948,3
5948,161
5949,3
5949,9
5949,5
5949,13
5950,3
5950,9
5950,5
5950,13
5951,3
5951,161
5952,3
5952,161
5953,3
5953,9
5953,5
5953,13
5954,3
5954,9
5954,5
5954,13
5955,3
5955,161
5956,3
5956,9
5956,5
5956,13
5957,3
5958,3
5958,9
5958,5
5958,13
5959,3
5959,161
5960,4
5960,1
5960,6
5961,3
5962,3
5963,2
5963,1
5964,9
5965,9
5965,1
5965,5
5966,3
5967,4
5967,1
5967,6
5968,2
5968,29
5969,9
5970,3
5971,3
5972,4
5972,1
5972,6
5973,4
5973,1
5973,6
5974,3
5975,3
5976,4
5976,1
5976,6
5977,3
5977,9
5977,5
5977,13
5978,3
5978,161
5979,4
5979,1
5979,6
5980,3
5981,4
5981,1
5981,6
5982,3
5983,3
5983,9
5983,5
5983,13
5984,3
5984,161
5985,4
5985,1
5985,6
5986,3
5987,1
5987,5
5988,9
5988,1
5988,13
5988,83
5989,5
5989,1
5989,17
5989,13
5990,4
5990,1
5990,6
5991,2
5991,29
5992,3
5993,4
5993,1
5993,6
5994,3
5995,3
5995,9
5995,5
5995,13
5996,3
5996,161
5997,3
5998,4
5998,1
5998,6
5999,3
5999,9
5999,5
5999,13
6000,3
6000,161
6001,3
6002,3
6003,2
6003,1
6004,1
6004,5
6005,9
6005,1
6005,13
6005,83
6006,4
6006,1
6006,6
6007,3
6008,4
6008,1
6008,6
6009,3
6010,3
6011,3
6012,3
6012,161
6013,3
6013,9
6013,5
6013,13
6014,2
6014,29
6015,2
6015,1
6016,3
6016,5
6017,9
6017,5
6018,29
6018,1
6019,9
6019,5
6020,9
6020,1
6020,83
6020,5
6020,6
6021,166
6021,19
6022,3
6022,5
6023,9
6023,1
6023,5
6024,9
6024,1
6024,5
6025,9
6026,3
6027,9
6028,3
6028,5
6029,3
6029,9
6029,13
6030,2
6030,29
6031,29
6031,9
6031,1
6031,111
6032,29
6032,9
6032,1
6033,40
6033,9
6033,29
6033,1
6033,2
6033,4
6033,56
6033,13
6033,6
6034,4
6034,1
6034,6
6035,3
6035,5
6036,317
6036,2
6036,5
6036,4
6037,3
6038,29
6038,9
6039,1
6039,17
6040,3
6041,40
6041,9
6041,29
6041,1
6041,2
6041,4
6041,56
6041,13
6041,6
6042,9
6043,2
6043,29
6044,11
6044,5
6045,11
6045,5
6046,3
6046,5
6046,6
6047,11
6047,5
6048,29
6048,6
6048,17
6048,83
6049,9
6049,5
6050,2
6050,11
6050,5
6050,13
6051,4
6051,3
6051,1
6051,5
6052,4
6052,3
6052,1
6052,5
6053,3
6053,1
6053,5
6054,3
6054,1
6054,5
6055,11
6055,5
6056,9
6056,5
6057,4
6057,1
6057,6
6058,29
6058,9
6058,1
6058,5
6059,3
6060,3
6060,9
6060,1
6060,5
6061,29
6061,6
6061,17
6061,83
6062,29
6062,6
6062,17
6062,83
6063,9
6063,5
6064,3
6064,5
6065,3
6065,5
6066,3
6066,5
6067,3
6067,5
6068,2
6068,1
6069,29
6069,1
6070,9
6070,5
6071,9
6071,5
6072,3
6072,9
6072,5
6073,29
6073,1
6073,5
6074,47
6074,29
6074,4
6074,3
6074,6
6075,3
6075,5
6076,4
6076,1
6076,6
6077,9
6077,5
6078,12
6078,3
6078,56
6078,5
6078,74
6078,17
6079,11
6079,5
6080,3
6080,9
6080,13
6081,4
6081,11
6081,1
6082,12
6082,3
6082,56
6082,5
6082,74
6082,17
6083,4
6083,11
6083,1
6084,13
6084,6
6085,12
6085,3
6085,56
6085,5
6085,74
6085,17
6086,3
6087,13
6087,6
6088,3
6088,9
6088,5
6089,9
6089,5
6090,3
6091,3
6091,9
6091,5
6092,9
6092,1
6092,13
6092,83
6093,29
6093,9
6093,1
6094,40
6094,5
6095,9
6095,83
6095,3
6095,111
6095,13
6095,6
6096,9
6097,3
6097,1
6097,5
6098,2
6098,3
6099,2
6099,3
6100,3
6100,5
6101,9
6101,1
6101,5
6102,29
6102,1
6103,47
6103,29
6103,4
6103,3
6103,6
6104,3
6105,3
6105,5
6106,9
6106,5
6107,40
6107,5
6108,29
6108,1
6109,29
6109,1
6110,29
6110,1
6111,29
6111,1
6112,29
6112,1
6113,9
6113,5
6114,29
6114,1
6115,29
6115,1
6116,3
6117,9
6117,5
6118,9
6118,5
6119,9
6119,5
6120,3
6120,5
6121,3
6121,5
6122,9
6122,1
6122,5
6123,1
6123,4
6123,2
6123,56
6123,5
6123,17
6123,6
6124,9
6124,1
6124,5
6125,1
6125,4
6125,2
6125,56
6125,5
6125,17
6125,6
6126,29
6126,9
6126,1
6127,2
6127,9
6127,1
6127,5
6128,29
6128,1
6129,9
6129,5
6130,4
6130,9
6130,1
6130,5
6131,29
6131,1
6132,4
6132,9
6132,1
6132,5
6133,4
6133,9
6133,1
6133,5
6134,9
6134,5
6135,4
6135,9
6135,1
6135,5
6136,4
6136,9
6136,1
6136,5
6137,29
6137,1
6138,4
6138,9
6138,1
6138,5
6139,4
6139,9
6139,1
6139,5
6140,29
6140,1
6141,29
6141,1
6142,4
6142,9
6142,1
6142,5
6143,4
6143,9
6143,1
6143,5
6144,9
6144,5
6145,166
6145,19
6146,9
6146,1
6146,5
6147,9
6147,1
6147,5
6148,9
6148,1
6148,5
6149,4
6149,9
6149,1
6149,5
6150,9
6150,1
6150,5
6151,4
6151,1
6151,6
6152,4
6152,1
6152,6
6153,4
6153,1
6153,6
6154,2
6154,29
6155,5
6155,1
6155,17
6155,13
6156,9
6156,1
6156,5
6157,9
6157,5
6158,4
6158,1
6158,6
6159,3
6159,5
6160,2
6160,29
6161,11
6161,5
6162,9
6162,5
6163,9
6163,5
6164,9
6164,5
6165,29
6165,1
6165,5
6166,9
6166,5
6167,12
6167,3
6167,56
6167,5
6167,74
6167,17
6168,3
6168,9
6168,5
6168,13
6169,9
6169,83
6169,3
6169,111
6169,13
6169,6
6170,9
6170,5
6171,3
6171,1
6171,5
6172,9
6172,1
6172,5
6173,3
6173,5
6173,13
6173,6
6174,9
6175,9
6175,1
6175,5
6175,13
6176,29
6176,1
6176,5
6177,29
6177,1
6177,5
6178,29
6178,5
6179,9
6179,1
6179,5
6179,13
6180,4
6180,9
6180,1
6180,5
6181,2
6181,29
6182,9
6182,5
6183,9
6183,5
6184,9
6184,5
6185,4
6185,11
6185,1
6186,3
6187,2
6188,3
6188,5
6189,9
6189,5
6190,2
6190,9
6190,1
6190,5
6191,9
6191,1
6192,9
6192,5
6193,9
6193,5
6194,9
6194,5
6195,9
6195,5
6196,29
6196,1
6196,5
6197,9
6197,5
6198,9
6199,9
6199,5
6200,9
6200,5
6201,9
6201,5
6202,3
6202,1
6202,5
6203,29
6203,1
6203,5
6204,9
6204,5
6205,9
6205,5
6206,9
6206,5
6207,9
6207,5
6208,12
6208,3
6208,56
6208,5
6208,74
6208,17
6209,4
6209,1
6209,6
6210,12
6210,3
6210,56
6210,5
6210,74
6210,17
6211,2
6211,1
6212,2
6212,9
6212,1
6212,5
6213,11
6213,5
6214,3
6214,5
6215,2
6215,3
6216,11
6216,3
6216,5
6217,11
6217,3
6217,5
6218,3
6218,5
6219,9
6219,1
6220,11
6220,3
6220,5
6221,9
6221,1
6221,5
6222,3
6222,5
6222,13
6223,2
6223,3
6224,29
6224,13
6224,6
6225,29
6225,13
6225,6
6226,29
6226,13
6226,6
6227,29
6227,13
6227,6
6228,29
6228,13
6228,6
6229,29
6229,13
6229,6
6230,13
6230,6
6231,5
6231,17
6231,13
6232,9
6232,1
6232,83
6232,5
6232,6
6233,1
6234,9
6234,5
6235,3
6235,13
6235,6
6236,4
6236,11
6236,1
6237,9
6237,5
6238,9
6238,5
6239,2
6239,3
6239,9
6239,5
6240,9
6240,1
6241,2
6241,3
6241,9
6241,5
6242,3
6242,5
6243,3
6243,5
6244,1
6244,5
6245,3
6245,5
6246,3
6246,5
6247,3
6247,5
6248,3
6248,5
6249,9
6249,5
6250,3
6250,5
6251,3
6251,5
6252,3
6252,5
6253,3
6253,5
6254,3
6254,5
6255,3
6255,5
6256,3
6256,5
6257,3
6257,5
6258,3
6258,5
6259,3
6260,9
6260,5
6261,2
6261,29
6262,9
6262,5
6263,9
6263,5
6264,2
6264,3
6264,1
6264,5
6265,9
6265,5
6266,9
6266,5
6267,2
6267,3
6267,1
6267,5
6268,9
6268,5
6269,9
6269,5
6270,3
6270,1
6271,5
6271,1
6271,17
6271,13
6272,9
6272,5
6273,9
6274,1
6274,4
6274,74
6274,75
6274,17
6275,9
6275,5
6276,9
6276,5
6277,29
6277,1
6277,5
6278,1
6278,4
6278,74
6278,75
6278,17
6279,3
6279,9
6279,5
6280,3
6280,9
6280,5
6281,9
6281,5
6282,2
6282,1
6283,9
6284,3
6284,5
6285,9
6285,5
6286,29
6286,6
6286,17
6286,83
6287,1
6287,5
6288,3
6288,5
6289,29
6289,9
6289,1
6290,2
6290,29
6291,3
6292,9
6292,1
6292,5
6292,13
6293,1
6293,5
6293,13
6294,9
6294,1
6294,5
6294,13
6295,5
6295,1
6295,17
6295,13
6296,2
6296,29
6297,11
6297,9
6297,1
6297,3
6297,5
6297,17
6297,6
6298,166
6298,19
6299,29
6299,3
6299,11
6299,5
6300,3
6301,3
6301,1
6301,5
6302,3
6302,5
6303,29
6303,9
6303,1
6304,9
6304,316
6304,1
6304,4
6304,3
6304,5
6304,17
6304,6
6305,3
6305,5
6306,3
6306,5
6307,3
6307,5
6308,11
6308,5
6309,3
6309,5
6310,3
6311,11
6311,3
6311,5
6312,2
6312,1
6313,1
6313,4
6313,74
6313,75
6313,17
6314,3
6314,5
6315,2
6315,29
6316,2
6316,29
6317,3
6317,5
6318,9
6318,5
6319,3
6319,5
6320,29
6320,1
6321,29
6321,1
6322,29
6322,1
6323,29
6323,1
6324,3
6324,161
6324,17
6325,9
6325,5
6326,3
6326,5
6327,166
6327,19
6328,3
6328,5
6329,166
6329,19
6330,29
6330,1
6331,4
6331,1
6331,6
6332,4
6332,1
6332,6
6333,9
6333,5
6334,2
6334,3
6334,9
6334,5
6335,29
6335,1
6335,5
6336,3
6336,161
6337,3
6337,161
6338,3
6338,161
6339,3
6339,161
6340,3
6340,161
6341,3
6341,161
6342,3
6342,161
6343,3
6343,161
6344,29
6344,9
6344,1
6345,11
6345,5
6346,3
6346,9
6346,1
6346,5
6347,9
6347,5
6348,4
6348,11
6348,1
6349,3
6349,13
6349,6
6350,29
6350,1
6351,13
6352,3
6352,9
6352,1
6352,5
6353,3
6353,161
6354,29
6354,1
6354,5
6355,3
6356,3
6356,1
6356,5
6357,29
6357,9
6357,1
6358,3
6358,5
6359,2
6359,9
6360,3
6360,9
6360,5
6361,9
6361,5
6362,9
6362,5
6363,9
6363,5
6364,3
6364,9
6364,1
6364,5
6365,3
6365,5
6366,5
6366,17
6366,13
6367,9
6367,5
6368,29
6368,1
6368,5
6369,9
6369,5
6370,3
6370,161
6371,3
6371,5
6372,1
6372,5
6373,3
6373,9
6373,5
6373,13
6374,9
6374,1
6374,5
6375,9
6375,1
6375,5
6376,1
6376,5
6377,9
6377,5
6378,1
6378,5
6379,1
6379,5
6380,3
6380,13
6381,9
6381,1
6381,4
6381,56
6381,6
6382,5
6382,17
6382,13
6383,9
6383,5
6384,29
6384,9
6384,1
6384,111
6385,3
6385,5
6385,13
6386,9
6386,1
6387,9
6387,5
6388,4
6388,11
6388,1
6389,9
6389,5
6390,9
6390,5
6391,9
6391,5
6392,2
6392,3
6392,5
6393,29
6393,1
6394,3
6394,13
6394,6
6395,2
6395,9
6395,5
6396,3
6396,1
6396,5
6397,29
6397,1
6398,9
6398,12
6398,1
6398,5
6398,13
6399,9
6399,83
6399,2
6399,3
6399,17
6400,3
6400,1
6401,3
6401,5
6401,6
6402,9
6402,1
6403,9
6403,1
6404,29
6404,6
6404,17
6404,83
6405,3
6405,5
6406,29
6406,5
6407,3
6407,5
6408,29
6408,1
6409,29
6409,1
6410,3
6410,5
6411,29
6411,1
6411,5
6412,3
6412,5
6413,3
6414,3
6414,5
6415,3
6415,5
6416,47
6416,29
6416,2
6416,5
6416,17
6417,3
6417,13
6417,6
6418,47
6418,29
6418,2
6418,5
6418,17
6419,47
6419,29
6419,2
6419,5
6419,17
6420,29
6420,1
6421,2
6421,9
6421,5
6422,166
6422,19
6423,166
6423,19
6424,29
6424,3
6424,11
6424,5
6425,13
6426,13
6427,11
6427,3
6427,5
6428,3
6428,5
6429,1
6429,2
6429,3
6429,4
6429,5
6429,6
6430,3
6430,5
6431,5
6431,3
6431,9
6431,1
6432,3
6432,9
6432,1
6432,5
6433,4
6433,9
6433,1
6433,5
6434,3
6434,5
6435,1
6435,5
6436,9
6437,3
6437,5
6438,9
6439,9
6439,1
6439,4
6439,56
6439,6
6440,12
6440,3
6440,56
6440,5
6440,74
6440,17
6441,2
6441,1
6442,12
6442,3
6442,56
6442,5
6442,74
6442,17
6443,9
6443,5
6444,3
6444,5
6445,9
6445,5
6446,3
6446,5
6447,9
6448,3
6448,1
6448,5
6449,3
6449,5
6450,9
6451,3
6451,5
6452,29
6452,1
6453,9
6454,29
6454,9
6454,1
6455,3
6455,1
6455,5
6456,4
6456,1
6456,6
6457,3
6457,13
6458,11
6458,3
6459,2
6459,1
6460,2
6460,29
6461,2
6461,3
6461,47
6461,83
6462,11
6462,5
6463,3
6463,5
6464,1
6464,4
6464,74
6464,75
6464,17
6465,9
6465,5
6466,2
6466,29
6467,9
6467,83
6467,3
6467,111
6467,13
6467,6
6468,9
6468,83
6468,3
6468,111
6468,13
6468,6
6469,2
6469,1
6470,9
6470,5
6471,29
6471,1
6471,5
6472,9
6472,5
6473,29
6473,9
6473,1
6473,111
6474,9
6474,5
6475,2
6475,29
6476,3
6476,5
6477,9
6477,5
6478,29
6478,1
6478,5
6479,9
6479,5
6480,9
6481,29
6481,1
6481,5
6482,9
6482,5
6483,9
6484,9
6484,5
6485,29
6485,1
6485,5
6486,3
6486,9
6486,5
6487,9
6487,5
6488,9
6489,9
6490,9
6491,9
6492,9
6493,9
6494,3
6494,9
6494,5
6495,3
6495,9
6495,5
6496,3
6496,9
6496,5
6497,3
6497,9
6497,5
6498,3
6498,9
6498,5
6499,3
6499,9
6499,5
6500,3
6500,9
6500,5
6501,9
6501,5
6502,2
6502,1
6503,9
6503,1
6503,5
6504,2
6504,29
6505,29
6505,1
6505,5
6506,9
6506,5
6507,29
6507,1
6507,5
6508,9
6508,5
6509,9
6509,5
6510,9
6510,5
6511,9
6511,5
6512,9
6512,5
6513,29
6513,1
6513,5
6514,29
6514,1
6514,5
6515,3
6515,9
6515,5
6516,9
6516,5
6517,3
6517,9
6517,5
6518,3
6518,9
6518,5
6519,9
6519,5
6520,12
6520,3
6520,56
6520,5
6520,74
6520,17
6521,12
6521,3
6521,56
6521,5
6521,74
6521,17
6522,12
6522,3
6522,56
6522,5
6522,74
6522,17
6523,12
6523,3
6523,56
6523,5
6523,74
6523,17
6524,12
6524,3
6524,56
6524,5
6524,74
6524,17
6525,2
6525,1
6526,9
6526,1
6527,1
6527,5
6528,2
6528,29
6529,1
6529,5
6530,1
6530,5
6531,9
6531,5
6532,2
6532,1
6533,1
6533,5
6534,40
6534,9
6534,29
6534,1
6534,17
6534,6
6535,9
6535,1
6536,2
6536,29
6537,29
6537,1
6537,5
6538,2
6538,1
6539,3
6539,5
6540,29
6540,9
6540,1
6540,13
6541,29
6541,9
6541,1
6542,29
6542,1
6543,3
6543,19
6544,9
6544,83
6544,3
6544,111
6544,13
6544,6
6545,1
6545,5
6546,3
6546,5
6547,1
6547,5
6548,2
6548,1
6549,3
6549,5
6550,1
6550,5
6551,1
6551,5
6552,29
6552,1
6552,5
6553,2
6553,29
6554,2
6554,29
6555,2
6555,1
6556,1
6556,5
6557,3
6557,5
6558,1
6558,5
6559,2
6559,1
6560,2
6560,29
6561,1
6561,5
6562,3
6562,5
6563,1
6563,5
6564,2
6564,1
6565,1
6565,5
6566,2
6566,29
6567,3
6567,5
6568,1
6568,5
6569,2
6569,1
6570,1
6570,5
6571,2
6571,29
6572,1
6572,5
6573,3
6573,5
6574,3
6575,3
6576,2
6576,29
6577,2
6577,1
6578,1
6578,5
6579,1
6579,5
6580,9
6580,5
6581,3
6581,5
6582,2
6582,1
6583,3
6583,5
6584,1
6584,5
6585,1
6585,5
6586,2
6586,29
6587,2
6587,1
6588,1
6588,5
6589,3
6589,5
6590,1
6590,5
6591,2
6591,29
6592,2
6592,1
6593,2
6593,29
6594,2
6594,29
6595,3
6596,9
6596,1
6597,3
6597,9
6597,5
6597,13
6598,3
6599,1
6599,5
6600,9
6600,1
6601,1
6601,4
6601,74
6601,75
6601,17
6602,2
6602,29
6603,1
6603,3
6603,5
6603,13
6603,17
6604,29
6604,1
6604,5
6605,4
6605,9
6605,1
6605,5
6606,1
6606,4
6606,74
6606,75
6606,17
6607,2
6607,1
6608,3
6608,13
6608,6
6609,29
6609,1
6610,29
6610,1
6611,3
6611,1
6611,5
6612,3
6612,1
6612,5
6613,4
6613,1
6613,6
6614,4
6614,1
6614,6
6615,3
6615,1
6615,5
6616,2
6616,29
6617,2
6617,29
6618,3
6619,2
6619,29
6620,3
6621,2
6621,29
6622,3
6623,2
6623,29
6624,3
6625,3
6626,9
6626,5
6627,29
6627,1
6628,4
6628,11
6628,1
6629,1
6629,5
6629,13
6630,29
6630,9
6630,1
6631,3
6632,3
6632,9
6632,5
6633,2
6633,29
6634,3
6634,9
6634,5
6635,3
6636,2
6636,29
6637,3
6638,2
6638,29
6639,3
6640,3
6641,2
6641,29
6642,9
6642,83
6642,2
6642,3
6642,17
6643,2
6643,29
6644,3
6644,1
6644,5
6645,3
6646,2
6646,29
6647,3
6648,2
6648,29
6649,3
6650,2
6650,29
6651,3
6652,2
6652,29
6653,3
6654,2
6654,29
6655,3
6656,2
6656,29
6657,3
6658,2
6658,29
6659,3
6660,2
6660,29
6661,3
6662,2
6662,29
6663,3
6664,3
6665,1
6665,4
6665,74
6665,75
6665,17
6666,1
6666,4
6666,74
6666,75
6666,17
6667,2
6667,29
6668,3
6669,3
6669,5
6670,9
6670,1
6671,3
6671,9
6671,5
6672,9
6672,5
6673,9
6673,5
6674,9
6674,5
6675,9
6675,1
6676,3
6676,13
6677,2
6677,29
6678,9
6678,5
6679,3
6679,9
6679,5
6680,3
6680,9
6680,5
6681,11
6681,3
6681,5
6682,29
6682,9
6682,1
6683,4
6683,1
6683,6
6684,4
6684,1
6684,6
6685,4
6685,1
6685,6
6686,4
6686,1
6686,6
6687,29
6687,1
6687,5
6688,11
6688,3
6688,5
6689,11
6689,3
6689,5
6690,29
6690,1
6690,5
6691,3
6691,13
6692,9
6692,5
6693,9
6693,5
6694,3
6694,13
6695,9
6695,5
6696,29
6696,9
6697,2
6697,29
6698,1
6698,4
6698,74
6698,75
6698,17
6699,3
6700,3
6700,5
6701,9
6701,5
6702,9
6702,5
6703,9
6703,5
6704,9
6704,5
6705,9
6706,4
6706,9
6706,1
6706,5
6707,2
6707,29
6708,4
6708,40
6708,1
6708,75
6709,4
6709,1
6709,6
6710,9
6710,5
6711,3
6711,13
6712,9
6712,5
6713,9
6713,5
6714,9
6714,5
6715,9
6715,5
6716,9
6716,5
6717,9
6717,5
6718,9
6718,5
6719,9
6719,5
6720,9
6720,5
6721,9
6721,5
6722,9
6722,5
6723,9
6723,5
6724,29
6724,1
6725,9
6725,5
6726,9
6726,5
6727,3
6727,1
6727,5
6728,3
6728,5
6729,3
6729,5
6730,3
6730,1
6730,5
6731,3
6731,5
6732,3
6732,5
6733,9
6734,3
6734,5
6735,3
6735,5
6736,3
6736,1
6736,5
6737,4
6737,11
6737,1
6738,3
6738,5
6739,3
6739,5
6740,3
6740,9
6740,5
6741,3
6741,1
6742,9
6743,3
6743,5
6744,3
6744,5
6745,3
6745,1
6745,5
6746,9
6746,5
6747,4
6747,40
6747,1
6747,75
6748,4
6748,40
6748,1
6748,75
6749,4
6749,40
6749,1
6749,75
6750,4
6750,40
6750,1
6750,75
6751,4
6751,40
6751,1
6751,75
6752,29
6752,9
6752,1
6753,29
6753,17
6754,4
6754,40
6754,1
6754,75
6755,29
6755,1
6755,5
6756,1
6756,5
6757,9
6757,83
6757,2
6757,3
6757,17
6758,3
6758,5
6759,3
6759,13
6760,3
6760,13
6760,6
6761,47
6761,29
6761,4
6761,3
6761,6
6762,5
6762,17
6762,13
6763,3
6763,13
6764,29
6764,9
6764,1
6765,9
6765,1
6766,4
6766,11
6766,1
6767,4
6767,11
6767,1
6768,3
6768,5
6769,9
6769,5
6770,3
6770,1
6770,5
6771,29
6771,9
6771,1
6771,13
6772,9
6772,83
6772,2
6772,3
6772,17
6773,3
6773,5
6774,3
6774,5
6775,3
6775,5
6776,3
6776,161
6776,5
6776,83
6777,11
6777,5
6778,3
6778,5
6779,2
6779,29
6780,4
6780,1
6780,6
6781,3
6781,1
6781,5
6782,3
6782,5
6783,2
6783,1
6784,3
6784,5
6785,4
6785,3
6785,1
6785,5
6786,2
6786,29
6787,3
6787,5
6788,29
6788,1
6788,5
6789,3
6789,13
6790,9
6790,5
6791,9
6791,5
6792,166
6792,19
6793,9
6793,5
6794,3
6794,5
6795,3
6795,5
6796,1
6796,2
6796,3
6796,4
6796,5
6796,6
6797,9
6797,5
6798,9
6798,83
6798,2
6798,3
6798,17
6799,29
6799,1
6799,5
6800,29
6800,1
6800,5
6801,9
6801,5
6802,3
6802,5
6803,29
6803,6
6803,17
6803,83
6804,9
6804,5
6805,4
6805,1
6805,6
6806,1
6806,5
6807,3
6807,5
6808,5
6808,1
6808,17
6808,13
6809,9
6809,1
6810,2
6810,29
6811,9
6811,83
6811,2
6811,3
6811,17
6812,3
6812,5
6813,9
6813,5
6814,3
6814,13
6815,9
6815,5
6816,3
6816,5
6817,9
6817,5
6818,9
6818,5
6819,29
6819,1
6819,5
6820,9
6820,5
6821,3
6821,5
6822,9
6822,5
6823,3
6823,5
6824,9
6824,5
6825,4
6825,1
6825,6
6826,3
6826,5
6827,9
6827,5
6828,9
6828,5
6829,9
6829,5
6830,3
6830,5
6831,9
6831,1
6831,4
6831,56
6831,6
6832,4
6832,11
6832,1
6833,9
6833,5
6834,9
6834,5
6835,3
6835,13
6836,1
6836,5
6837,47
6837,29
6837,4
6837,3
6837,6
6838,9
6838,5
6839,29
6839,9
6839,1
6839,111
6840,9
6840,5
6841,29
6841,1
6841,5
6842,3
6842,5
6843,9
6843,5
6844,4
6844,9
6844,1
6844,5
6845,2
6845,29
6846,3
6846,1
6846,5
6847,9
6847,5
6848,29
6848,1
6848,5
6849,4
6849,11
6849,1
6850,40
6850,9
6850,29
6850,1
6850,2
6850,4
6850,56
6850,13
6850,6
6851,3
6851,13
6852,9
6852,5
6853,9
6853,5
6854,29
6854,1
6854,5
6855,9
6855,5
6856,9
6856,5
6857,3
6857,5
6858,29
6858,1
6858,5
6859,3
6859,5
6860,9
6860,5
6861,4
6861,11
6861,1
6862,9
6862,5
6863,47
6863,29
6863,4
6863,3
6863,6
6864,9
6864,5
6865,9
6865,5
6866,9
6866,5
6867,3
6868,5
6868,1
6868,17
6868,13
6869,9
6869,83
6869,3
6869,111
6869,13
6869,6
6870,9
6870,83
6870,2
6870,3
6870,17
6871,9
6871,5
6872,9
6872,5
6873,3
6873,9
6873,1
6873,5
6874,9
6874,5
6875,2
6875,29
6876,9
6876,1
6876,4
6876,56
6876,6
6877,9
6877,1
6877,4
6877,56
6877,6
6878,9
6878,1
6878,4
6878,56
6878,6
6879,9
6879,1
6879,4
6879,56
6879,6
6880,3
6880,5
6881,2
6881,1
6882,9
6882,5
6883,9
6883,1
6884,9
6884,5
6885,9
6885,1
6886,9
6886,5
6887,29
6887,1
6887,5
6888,2
6888,29
6889,29
6889,9
6890,3
6890,5
6891,29
6891,9
6891,1
6892,3
6892,5
6893,2
6893,1
6894,3
6894,5
6895,9
6895,5
6896,40
6896,5
6897,29
6897,9
6897,1
6898,3
6898,1
6899,3
6899,9
6899,5
6899,13
6900,9
6900,5
6901,2
6901,29
6902,3
6902,5
6903,3
6903,5
6904,1
6904,5
6905,9
6905,83
6905,3
6905,111
6905,13
6905,6
6906,9
6906,5
6907,13
6908,2
6908,29
6909,29
6909,9
6909,1
6910,3
6910,5
6911,9
6911,1
6911,5
6912,9
6912,5
6913,9
6914,3
6915,1
6915,5
6916,29
6916,5
6917,3
6917,161
6918,29
6918,9
6918,1
6919,29
6919,9
6919,1
6920,56
6920,5
6920,13
6921,3
6921,161
6922,9
6922,5
6922,13
6923,3
6923,13
6923,6
6924,9
6924,1
6925,3
6925,9
6925,13
6926,3
6926,5
6927,40
6927,9
6927,29
6927,1
6927,2
6927,4
6927,56
6927,13
6927,6
6928,40
6928,9
6928,29
6928,1
6928,2
6928,4
6928,56
6928,13
6928,6
6929,40
6929,9
6929,29
6929,1
6929,2
6929,4
6929,56
6929,13
6929,6
6930,29
6930,6
6930,17
6930,83
6931,3
6931,5
6932,3
6932,5
6933,9
6933,5
6934,4
6934,3
6934,1
6934,5
6935,9
6935,1
6936,9
6936,1
6937,4
6937,1
6937,6
6938,3
6938,5
6939,1
6939,5
6940,3
6940,5
6941,11
6941,3
6941,5
6942,3
6942,19
6943,3
6944,9
6944,1
6944,5
6944,13
6945,40
6945,9
6945,316
6945,47
6945,29
6945,1
6945,83
6945,317
6945,56
6945,5
6945,74
6945,13
6945,17
6945,318
6945,6
6946,9
6946,13
6947,29
6947,1
6947,5
6948,3
6948,13
6949,4
6949,11
6949,1
6950,29
6950,9
6951,9
6951,5
6952,9
6952,5
6953,3
6953,5
6954,3
6954,5
6955,29
6955,9
6955,1
6955,13
6956,9
6956,5
6957,3
6957,161
6958,2
6958,3
6958,5
6959,3
6960,3
6960,13
6961,9
6961,5
6962,9
6962,5
6963,9
6963,1
6964,29
6964,9
6965,3
6965,5
6966,9
6966,5
6967,1
6967,5
6968,9
6968,29
6968,1
6968,317
6968,5
6969,9
6969,5
6970,5
6970,17
6970,13
6971,9
6971,5
6972,9
6972,5
6973,3
6973,5
6974,9
6974,5
6975,3
6976,3
6976,5
6977,3
6978,29
6978,1
6979,9
6979,5
6980,3
6981,4
6981,11
6981,1
6982,3
6982,5
6983,3
6983,9
6983,5
6983,13
6984,29
6984,9
6984,1
6985,9
6985,5
6986,9
6986,5
6987,29
6987,9
6987,1
6988,3
6988,5
6989,2
6989,1
6990,29
6990,9
6990,1
6991,9
6991,1
6992,3
6992,5
6993,9
6993,5
6994,29
6994,5
6995,3
6995,11
6995,1
6995,5
6996,4
6996,40
6996,1
6996,75
6997,4
6997,40
6997,1
6997,75
6998,4
6998,40
6998,1
6998,75
6999,9
6999,5
7000,4
7000,40
7000,1
7000,75
7001,9
7001,5
7002,3
7002,5
7003,4
7003,1
7003,6
7004,9
7004,1
7005,29
7005,9
7005,1
7006,3
7006,5
7007,9
7007,1
7007,4
7007,56
7007,6
7008,9
7008,5
7009,9
7009,1
7010,3
7010,5
7011,9
7011,5
7012,9
7012,5
7013,9
7013,5
7014,9
7014,5
7015,9
7015,5
7016,9
7016,5
7017,29
7017,9
7017,1
7018,3
7018,5
7019,3
7019,5
7020,3
7020,5
7021,3
7021,5
7022,9
7023,3
7023,5
7024,2
7024,3
7025,3
7025,5
7026,3
7026,5
7027,3
7027,1
7027,5
7028,3
7028,5
7029,3
7029,1
7029,5
7030,3
7030,1
7030,5
7031,3
7031,1
7031,5
7032,3
7032,5
7033,3
7033,1
7033,5
7034,3
7035,29
7035,9
7035,1
7035,13
7036,3
7036,1
7036,5
7037,3
7037,1
7037,5
7038,3
7038,1
7038,5
7039,2
7039,11
7039,5
7039,13
7040,3
7041,29
7041,9
7041,1
7041,13
7042,3
7042,1
7042,5
7043,3
7043,1
7043,5
7044,3
7044,1
7044,5
7045,3
7045,9
7045,1
7045,5
7046,3
7046,1
7046,5
7047,3
7048,2
7048,11
7048,5
7048,13
7049,29
7049,9
7049,1
7049,13
7050,3
7050,1
7050,5
7051,3
7051,5
7052,3
7052,5
7053,4
7053,11
7053,1
7054,1
7054,5
7055,1
7055,5
7056,9
7056,5
7057,9
7057,5
7058,1
7058,4
7058,74
7058,75
7058,17
7059,1
7059,4
7059,74
7059,75
7059,17
7060,9
7060,5
7061,2
7061,29
7062,1
7062,5
7063,47
7063,29
7063,4
7063,3
7063,6
7064,4
7064,9
7064,1
7064,5
7065,2
7065,1
7066,29
7066,1
7067,3
7068,29
7068,1
7069,1
7069,5
7070,1
7070,5
7071,3
7071,5
7072,3
7072,5
7073,19
7074,9
7074,1
7075,9
7075,1
7076,3
7076,5
7077,3
7078,2
7078,29
7079,9
7079,5
7079,13
7080,40
7080,9
7080,29
7080,1
7080,2
7080,4
7080,56
7080,13
7080,6
7081,9
7081,5
7082,3
7082,5
7083,3
7083,13
7083,6
7084,40
7084,1
7084,17
7085,3
7085,13
7085,6
7086,40
7086,9
7086,29
7086,1
7086,2
7086,4
7086,56
7086,13
7086,6
7087,3
7087,5
7088,2
7088,29
7089,4
7089,11
7089,1
7090,3
7090,13
7091,29
7091,9
7091,1
7091,13
7092,3
7092,9
7092,1
7092,5
7093,9
7093,5
7094,3
7094,5
7095,3
7095,5
7096,3
7097,5
7097,3
7097,9
7097,1
7098,29
7098,9
7098,1
7098,13
7099,3
7099,5
7100,11
7100,3
7100,5
7101,166
7101,19
7102,11
7102,3
7102,5
7103,3
7103,9
7103,1
7103,5
7104,9
7104,5
7105,29
7105,6
7105,17
7105,83
7106,9
7106,5
7107,11
7107,3
7107,5
7108,9
7108,1
7108,83
7108,5
7108,6
7109,40
7109,9
7109,29
7109,1
7109,17
7109,6
7110,9
7110,1
7110,13
7110,83
7111,1
7111,5
7112,3
7112,5
7112,13
7112,6
7113,3
7113,5
7114,3
7114,161
7115,3
7115,161
7116,3
7116,9
7116,5
7116,13
7117,3
7117,9
7117,5
7117,13
7118,2
7118,29
7119,3
7119,9
7119,5
7119,13
7120,3
7120,161
7121,3
7121,5
7122,3
7122,9
7122,5
7122,13
7123,3
7123,161
7124,3
7124,161
7125,3
7125,161
7126,3
7126,9
7126,5
7126,13
7127,3
7127,9
7127,5
7127,13
7128,2
7128,1
7129,9
7129,13
7130,3
7131,3
7131,5
7132,29
7132,9
7132,1
7132,111
7133,40
7133,9
7133,29
7133,1
7133,2
7133,4
7133,56
7133,13
7133,6
7134,29
7134,17
7135,3
7135,5
7136,4
7136,1
7136,6
7137,11
7137,3
7138,29
7138,9
7138,1
7138,111
7139,29
7139,9
7139,1
7139,111
7140,3
7140,9
7140,13
7141,3
7142,29
7142,1
7143,29
7143,9
7143,1
7143,111
7144,29
7144,1
7145,3
7146,3
7147,29
7147,1
7148,3
7149,29
7149,1
7150,29
7150,1
7151,3
7152,3
7153,29
7153,1
7154,29
7154,1
7155,3
7156,29
7156,1
7157,3
7158,2
7158,1
7159,2
7159,3
7159,1
7159,5
7160,3
7161,3
7161,5
7162,29
7162,9
7162,1
7162,111
7163,29
7163,1
7164,9
7164,1
7165,3
7166,9
7166,12
7166,1
7166,5
7166,13
7167,3
7167,9
7167,5
7168,3
7168,161
7169,29
7169,9
7169,1
7169,111
7170,1
7170,5
7171,1
7171,5
7172,3
7172,161
7173,3
7173,13
7173,6
7174,3
7174,13
7174,6
7175,3
7175,13
7176,4
7176,11
7176,1
7177,3
7177,161
7178,9
7178,5
7179,3
7180,4
7180,11
7180,1
7181,9
7181,5
7182,9
7182,1
7182,5
7183,3
7184,1
7184,4
7184,74
7184,75
7184,17
7185,9
7185,1
7186,47
7186,29
7186,2
7186,5
7186,17
7187,3
7187,19
7188,3
7189,9
7189,5
7190,9
7190,1
7191,9
7191,5
7192,3
7192,1
7192,5
7193,2
7193,29
7194,3
7195,3
7195,5
7196,3
7196,5
7197,3
7197,5
7198,29
7198,1
7199,9
7199,5
7200,11
7200,3
7200,5
7201,47
7201,29
7201,4
7201,3
7201,6
7202,9
7202,83
7202,2
7202,3
7202,17
7203,9
7203,5
7204,9
7204,83
7204,2
7204,3
7204,17
7205,1
7205,5
7206,83
7206,4
7206,56
7206,13
7206,17
7207,2
7207,1
7208,3
7209,5
7209,17
7209,13
7210,5
7210,3
7210,9
7210,1
7211,3
7211,5
7211,13
7211,6
7212,9
7212,5
7213,3
7213,5
7214,29
7214,9
7214,1
7215,3
7215,5
7216,2
7216,29
7217,3
7217,5
7218,2
7218,29
7219,56
7219,5
7219,13
7220,56
7220,5
7220,13
7221,3
7221,5
7222,2
7222,29
7223,3
7223,5
7224,3
7224,5
7225,3
7225,5
7226,2
7226,29
7227,2
7227,29
7228,2
7228,29
7229,3
7229,5
7230,3
7230,5
7231,2
7231,29
7232,2
7232,29
7233,3
7233,5
7234,3
7234,5
7235,56
7235,5
7235,13
7236,56
7236,5
7236,13
7237,56
7237,5
7237,13
7238,2
7238,29
7239,3
7239,9
7239,5
7240,1
7240,5
7241,1
7241,5
7242,3
7242,9
7242,5
7243,29
7243,1
7244,4
7244,1
7244,6
7245,9
7245,5
7246,2
7246,29
7247,9
7247,5
7248,2
7248,3
7249,9
7249,5
7250,1
7250,5
7251,1
7251,5
7252,4
7252,9
7252,1
7252,5
7253,29
7253,1
7254,9
7254,1
7255,9
7255,5
7256,9
7256,1
7257,9
7257,5
7258,9
7258,5
7259,40
7259,1
7259,5
7260,9
7260,5
7261,11
7261,3
7261,5
7262,4
7262,9
7262,1
7262,5
7263,9
7263,5
7264,11
7264,9
7264,2
7264,4
7264,5
7265,29
7265,1
7266,4
7266,11
7266,1
7267,29
7267,1
7267,5
7268,2
7268,1
7269,29
7269,1
7269,5
7270,9
7270,5
7271,9
7271,5
7272,9
7272,5
7273,9
7273,5
7274,9
7274,5
7275,9
7275,5
7276,9
7276,5
7277,1
7277,4
7277,74
7277,75
7277,17
7278,9
7278,5
7279,3
7280,29
7280,1
7281,1
7281,5
7282,5
7282,9
7282,1
7283,2
7283,29
7284,4
7284,40
7284,1
7284,75
7285,29
7285,17
7286,4
7286,40
7286,1
7286,75
7287,3
7288,19
7289,3
7290,4
7290,11
7290,1
7291,29
7291,9
7292,3
7293,4
7293,9
7293,1
7293,5
7294,4
7294,9
7294,1
7294,5
7295,4
7295,9
7295,1
7295,5
7296,4
7296,9
7296,1
7296,5
7297,4
7297,9
7297,1
7297,5
7298,4
7298,9
7298,1
7298,5
7299,4
7299,9
7299,1
7299,5
7300,166
7300,19
7301,4
7301,9
7301,1
7301,5
7302,29
7302,9
7303,4
7303,9
7303,1
7303,5
7304,4
7304,9
7304,1
7304,5
7305,4
7305,9
7305,1
7305,5
7306,4
7306,9
7306,1
7306,5
7307,3
7307,5
7308,166
7308,19
7309,4
7309,9
7309,1
7309,5
7310,40
7310,5
7311,4
7311,9
7311,1
7311,5
7312,40
7312,5
7313,29
7313,5
7314,3
7314,161
7314,17
7315,3
7315,5
7316,29
7316,1
7317,29
7317,1
7318,29
7318,9
7318,1
7319,9
7319,5
7320,9
7320,1
7321,2
7321,29
7322,9
7322,1
7323,9
7323,1
7324,12
7324,3
7324,56
7324,5
7324,74
7324,17
7325,3
7325,5
7326,3
7326,5
7327,2
7327,1
7328,5
7328,9
7328,1
7329,9
7330,3
7330,5
7331,4
7331,9
7331,1
7331,5
7332,2
7332,29
7333,3
7333,5
7334,4
7334,9
7334,1
7334,5
7335,29
7335,9
7336,3
7336,5
7337,29
7337,9
7338,29
7338,9
7338,1
7339,4
7339,11
7339,1
7340,4
7340,11
7340,1
7341,9
7341,5
7342,3
7342,9
7342,5
7343,29
7343,9
7343,1
7344,29
7344,1
7345,29
7345,1
7346,29
7346,1
7347,29
7347,1
7348,29
7348,1
7349,40
7349,9
7349,29
7349,1
7349,5
7349,13
7350,9
7350,5
7351,3
7351,19
7352,166
7352,19
7353,9
7353,1
7354,3
7354,1
7354,5
7355,3
7355,19
7356,3
7356,5
7357,3
7358,29
7358,1
7359,29
7359,1
7360,29
7360,1
7361,29
7361,1
7362,29
7362,1
7363,29
7363,1
7364,9
7364,5
7365,166
7365,19
7366,29
7366,1
7367,3
7367,5
7368,3
7368,5
7369,40
7369,9
7369,29
7369,1
7369,2
7369,4
7369,56
7369,13
7369,6
7370,3
7370,5
7371,9
7371,1
7371,5
7372,9
7373,9
7373,1
7373,5
7374,1
7374,5
7375,9
7376,9
7376,5
7377,1
7377,5
7378,1
7378,5
7379,1
7379,5
7380,9
7380,5
7381,9
7381,5
7382,1
7382,17
7383,29
7383,1
7383,5
7384,3
7384,5
7385,4
7385,11
7385,1
7386,9
7386,5
7387,9
7387,5
7388,9
7388,5
7389,29
7389,9
7389,1
7390,9
7390,5
7391,3
7391,5
7392,3
7392,5
7393,3
7393,5
7394,9
7394,5
7395,3
7395,5
7396,3
7396,1
7396,5
7397,3
7398,3
7398,5
7399,29
7399,9
7399,1
7399,5
7400,4
7400,9
7400,1
7400,5
7401,11
7401,3
7401,5
7402,13
7403,11
7403,3
7404,29
7404,1
7405,317
7405,2
7405,5
7405,4
7406,1
7406,5
7406,13
7407,4
7407,9
7407,1
7407,5
7408,1
7408,5
7408,13
7409,4
7409,9
7409,1
7409,5
7410,1
7410,5
7411,4
7411,9
7411,1
7411,5
7412,4
7412,1
7412,6
7413,4
7413,11
7413,1
7414,2
7414,1
7415,29
7415,1
7416,3
7416,5
7417,9
7417,5
7418,29
7418,9
7418,1
7419,3
7419,1
7419,5
7420,9
7420,5
7420,13
7421,3
7421,161
7421,17
7422,29
7422,1
7423,9
7423,5
7423,13
7424,4
7424,1
7424,6
7425,29
7425,1
7426,9
7426,1
7427,9
7427,5
7428,9
7428,1
7429,29
7429,1
7430,29
7430,1
7431,29
7431,1
7432,3
7432,5
7433,29
7433,1
7434,29
7434,1
7435,29
7435,1
7436,29
7436,1
7437,3
7437,5
7438,29
7438,1
7439,29
7439,1
7440,29
7440,1
7441,3
7441,5
7442,29
7442,1
7443,29
7443,1
7444,4
7444,1
7444,6
7445,4
7445,1
7445,6
7446,4
7446,1
7446,6
7447,166
7447,19
7448,4
7448,1
7448,6
7449,9
7450,11
7450,5
7451,11
7451,5
7452,9
7452,5
7453,9
7453,5
7454,2
7454,29
7455,9
7455,5
7456,3
7456,9
7456,5
7457,29
7457,1
7457,5
7458,3
7458,5
7459,3
7459,9
7459,5
7460,2
7460,11
7460,5
7460,13
7461,3
7461,5
7462,9
7462,5
7463,3
7463,5
7464,3
7464,5
7465,9
7465,5
7466,3
7466,1
7466,5
7467,3
7467,5
7468,9
7468,5
7469,29
7469,1
7469,5
7470,3
7470,9
7470,5
7471,3
7471,9
7471,5
7472,40
7472,9
7472,29
7472,1
7472,17
7472,6
7473,9
7473,5
7474,9
7474,5
7475,9
7475,5
7476,2
7476,3
7476,9
7476,5
7477,9
7477,5
7478,9
7478,5
7479,3
7479,9
7479,13
7480,2
7480,1
7481,2
7481,1
7482,2
7482,1
7483,9
7483,5
7484,3
7484,5
7485,3
7485,5
7486,3
7486,5
7487,3
7487,9
7487,5
7487,13
7488,3
7488,9
7488,5
7488,13
7489,9
7489,5
7490,29
7490,6
7490,17
7490,83
7491,9
7491,1
7491,4
7491,56
7491,6
7492,3
7492,5
7493,9
7493,5
7494,9
7494,5
7495,9
7495,5
7496,9
7496,5
7497,2
7497,9
7497,1
7497,5
7498,3
7498,9
7498,1
7498,5
7499,9
7499,5
7500,9
7500,5
7501,9
7501,5
7502,9
7502,5
7503,9
7503,5
7504,3
7504,1
7505,29
7505,6
7505,17
7505,83
7506,9
7506,1
7506,5
7507,9
7508,5
7508,17
7508,13
7509,9
7509,5
7510,3
7510,5
7511,9
7511,1
7511,5
7512,2
7512,29
7513,3
7513,9
7513,13
7514,29
7514,4
7515,40
7515,5
7516,29
7516,1
7517,3
7517,9
7517,5
7518,1
7518,5
7519,3
7519,5
7520,13
7520,19
7521,2
7521,29
7522,12
7522,3
7522,56
7522,5
7522,74
7522,17
7523,1
7523,5
7524,4
7524,1
7524,6
7525,9
7525,5
7526,9
7526,5
7527,29
7527,9
7528,2
7528,29
7529,1
7529,5
7530,29
7530,1
7530,5
7531,9
7531,83
7531,2
7531,3
7531,17
7532,9
7532,5
7533,3
7533,5
7534,3
7534,9
7534,1
7534,5
7535,9
7535,5
7536,1
7536,5
7537,3
7537,5
7538,2
7538,1
7539,3
7539,9
7539,5
7540,3
7541,3
7542,3
7542,13
7543,9
7543,5
7544,9
7544,5
7545,9
7545,5
7546,9
7546,83
7546,2
7546,3
7546,17
7547,3
7547,5
7548,3
7548,161
7549,29
7549,9
7550,9
7550,5
7551,3
7551,5
7552,3
7552,161
7552,17
7553,9
7553,5
7554,9
7554,1
7555,9
7555,5
7556,29
7556,9
7556,1
7557,29
7557,1
7558,9
7558,1
7559,3
7559,9
7559,5
7560,3
7560,161
7560,17
7561,29
7561,9
7561,1
7562,29
7562,1
7563,9
7563,5
7564,29
7564,1
7565,9
7565,1
7566,29
7566,9
7566,1
7566,13
7567,1
7567,4
7567,74
7567,75
7567,17
7568,3
7568,1
7568,5
7569,29
7569,9
7569,1
7570,29
7570,1
7571,4
7571,1
7571,6
7572,9
7572,5
7573,3
7573,1
7573,5
7574,29
7574,1
7575,9
7575,5
7575,13
7576,9
7576,83
7576,2
7576,3
7576,17
7577,29
7577,1
7578,29
7578,1
7579,29
7579,1
7580,29
7580,1
7581,29
7581,1
7582,29
7582,1
7583,9
7583,5
7583,13
7584,166
7584,19
7585,29
7585,1
7586,3
7586,1
7586,5
7587,47
7587,83
7587,2
7587,13
7587,17
7587,6
7588,2
7588,3
7588,9
7588,5
7589,3
7589,1
7589,5
7590,9
7590,5
7591,4
7591,1
7591,6
7592,29
7592,1
7593,29
7593,1
7594,29
7594,1
7595,29
7595,1
7596,29
7596,1
7597,3
7597,5
7598,1
7598,2
7598,3
7598,4
7598,5
7598,6
7599,29
7599,1
7600,29
7600,1
7601,29
7601,1
7602,29
7602,1
7603,1
7603,2
7603,3
7603,4
7603,5
7603,6
7604,3
7604,1
7604,5
7605,29
7605,1
7606,29
7606,1
7607,29
7607,1
7608,29
7608,1
7609,29
7609,1
7610,29
7610,1
7611,29
7611,1
7612,29
7612,1
7613,4
7613,1
7613,6
7614,4
7614,1
7614,6
7615,4
7615,1
7615,6
7616,3
7616,9
7616,5
7616,13
7617,166
7617,19
7618,9
7618,1
7618,83
7618,5
7618,13
7618,17
7619,3
7620,3
7621,166
7621,19
7622,3
7622,1
7622,5
7623,2
7623,1
7624,3
7624,13
7625,9
7625,83
7625,2
7625,3
7625,17
7626,29
7626,1
7627,9
7627,1
7628,3
7628,5
7629,2
7629,3
7629,1
7629,5
7630,9
7631,29
7631,1
7631,5
7632,9
7632,5
7633,3
7633,9
7633,5
7634,2
7634,1
7635,3
7635,9
7635,5
7636,3
7636,5
7637,9
7637,83
7637,2
7637,3
7637,17
7638,29
7638,1
7639,3
7639,9
7639,5
7640,3
7640,5
7641,5
7641,9
7641,1
7642,9
7642,5
7643,9
7643,1
7644,3
7644,5
7645,9
7645,5
7646,3
7646,5
7647,4
7647,1
7647,6
7648,3
7648,5
7649,9
7649,5
7650,9
7650,5
7651,9
7651,5
7652,3
7652,5
7653,9
7653,5
7654,9
7654,5
7655,9
7655,5
7656,9
7656,5
7657,3
7657,5
7658,3
7658,5
7659,9
7659,1
7659,5
7659,13
7660,9
7660,1
7660,5
7660,13
7661,9
7661,5
7662,4
7662,40
7662,1
7662,75
7663,9
7663,5
7664,9
7664,5
7665,9
7665,5
7666,29
7666,13
7666,6
7667,29
7667,1
7667,5
7668,9
7668,5
7669,29
7669,1
7669,5
7670,29
7670,1
7670,5
7671,9
7671,1
7671,13
7671,83
7672,9
7672,1
7672,13
7672,83
7673,3
7674,9
7674,83
7674,3
7674,111
7674,13
7674,6
7675,29
7675,1
7675,5
7676,5
7676,3
7676,9
7676,1
7677,3
7678,1
7678,5
7679,5
7679,3
7679,9
7679,1
7680,3
7680,5
7681,9
7682,11
7682,5
7683,3
7683,5
7684,3
7684,5
7685,3
7685,5
7686,3
7686,5
7687,2
7687,29
7688,4
7688,1
7688,6
7689,9
7689,5
7690,9
7690,5
7690,13
7691,2
7691,29
7692,4
7692,1
7692,6
7693,9
7693,5
7693,13
7694,4
7694,1
7694,6
7695,9
7695,5
7695,13
7696,2
7696,29
7697,2
7697,29
7698,4
7698,1
7698,6
7699,9
7699,5
7699,13
7700,2
7700,29
7701,4
7701,1
7701,6
7702,9
7702,5
7702,13
7703,9
7703,5
7703,13
7704,4
7704,1
7704,6
7705,4
7705,1
7705,6
7706,2
7706,29
7707,2
7707,29
7708,9
7708,5
7708,13
7709,4
7709,1
7709,6
7710,2
7710,29
7711,9
7711,5
7711,13
7712,4
7712,1
7712,6
7713,4
7713,1
7713,6
7714,2
7714,29
7715,9
7715,5
7715,13
7716,2
7716,29
7717,2
7717,29
7718,9
7718,5
7718,13
7719,4
7719,1
7719,6
7720,9
7720,5
7720,13
7721,2
7721,29
7722,9
7722,5
7723,4
7723,1
7723,6
7724,9
7724,5
7724,13
7725,2
7725,29
7726,4
7726,1
7726,6
7727,9
7727,5
7727,13
7728,2
7728,29
7729,4
7729,1
7729,6
7730,9
7730,5
7730,13
7731,4
7731,1
7731,6
7732,2
7732,29
7733,9
7733,5
7733,13
7734,3
7734,5
7735,3
7735,1
7735,5
7736,3
7736,5
7737,1
7737,5
7738,40
7738,1
7738,3
7738,5
7738,6
7739,29
7739,9
7739,1
7740,3
7740,5
7741,3
7741,5
7742,2
7742,3
7742,5
7743,3
7743,1
7744,3
7744,5
7745,3
7745,5
7746,3
7746,5
7747,3
7747,5
7748,2
7748,9
7748,1
7748,5
7749,9
7749,5
7749,13
7750,3
7750,5
7751,9
7751,5
7752,9
7752,5
7753,9
7753,5
7754,9
7754,5
7755,4
7755,1
7755,6
7756,9
7756,5
7757,9
7757,5
7758,29
7758,1
7758,5
7759,9
7759,5
7760,9
7760,5
7761,9
7761,5
7762,3
7762,5
7763,3
7763,5
7764,3
7764,5
7765,3
7765,5
7766,3
7766,5
7767,3
7767,5
7768,3
7768,5
7769,3
7769,5
7770,3
7770,5
7771,3
7771,5
7772,3
7772,5
7773,1
7774,3
7774,13
7775,9
7775,5
7776,3
7776,13
7777,3
7777,13
7778,4
7778,9
7778,1
7778,5
7779,2
7779,1
7779,13
7780,29
7780,1
7781,9
7781,1
7781,4
7781,56
7781,6
7782,4
7782,1
7782,6
7783,9
7783,83
7783,3
7783,111
7783,13
7783,6
7784,9
7784,5
7785,9
7785,5
7786,9
7786,5
7787,4
7787,1
7787,6
7788,9
7788,5
7789,4
7789,1
7789,6
7790,9
7790,5
7791,4
7791,1
7791,6
7792,3
7793,29
7793,1
7794,29
7794,1
7795,4
7795,1
7795,6
7796,29
7796,1
7797,29
7797,1
7798,29
7798,1
7799,29
7799,1
7800,29
7800,1
7801,29
7801,1
7802,29
7802,1
7803,29
7803,1
7804,29
7804,1
7805,29
7805,1
7806,29
7806,1
7807,166
7807,19
7808,3
7808,5
7809,3
7810,29
7810,1
7810,5
7811,2
7811,29
7812,3
7812,5
7813,29
7813,1
7814,4
7814,11
7814,1
7815,3
7815,5
7816,3
7816,5
7817,29
7817,9
7817,1
7818,3
7819,3
7820,9
7820,5
7821,29
7821,1
7822,2
7822,1
7823,4
7823,1
7823,6
7824,3
7825,29
7825,1
7826,3
7826,13
7827,29
7827,5
7828,166
7828,19
7829,4
7829,1
7829,6
7830,3
7830,13
7831,3
7831,13
7832,3
7833,29
7833,1
7834,29
7834,1
7835,29
7835,1
7836,29
7836,1
7837,29
7837,1
7838,29
7838,1
7839,166
7839,19
7840,29
7840,1
7841,29
7841,1
7842,29
7842,1
7843,4
7843,1
7843,6
7844,3
7844,13
7845,29
7845,1
7846,1
7846,5
7847,40
7847,9
7847,316
7847,47
7847,29
7847,1
7847,83
7847,317
7847,56
7847,5
7847,74
7847,13
7847,17
7847,318
7847,6
7848,40
7848,9
7848,316
7848,47
7848,29
7848,1
7848,83
7848,317
7848,56
7848,5
7848,74
7848,13
7848,17
7848,318
7848,6
7849,29
7849,9
7850,1
7850,5
7851,1
7851,5
7852,166
7852,19
7853,29
7853,9
7853,1
7854,9
7854,1
7855,4
7855,1
7855,6
7856,3
7856,13
7857,9
7857,5
7858,3
7858,5
7859,3
7859,5
7860,2
7860,29
7861,4
7861,1
7861,6
7862,2
7862,3
7862,5
7863,3
7864,3
7865,9
7865,5
7866,9
7866,5
7867,3
7867,5
7868,3
7868,13
7869,3
7869,5
7870,3
7870,5
7871,11
7871,3
7871,5
7872,3
7872,5
7873,3
7873,5
7874,29
7874,1
7875,3
7875,161
7876,3
7876,161
7877,9
7877,5
7878,3
7878,5
7879,3
7879,9
7879,5
7880,3
7881,3
7881,5
7882,3
7882,5
7883,29
7883,1
7883,5
7884,3
7884,5
7885,2
7885,1
7886,3
7886,5
7887,9
7887,5
7888,9
7888,5
7889,9
7889,5
7890,29
7890,1
7890,5
7891,29
7891,1
7891,5
7892,3
7892,13
7893,9
7893,5
7894,9
7894,5
7895,3
7895,13
7895,6
7896,13
7896,6
7897,4
7897,1
7897,6
7898,9
7898,5
7899,9
7899,83
7899,2
7899,3
7899,17
7900,3
7900,13
7901,4
7901,1
7901,6
7902,3
7902,9
7902,5
7903,9
7903,5
7904,2
7904,29
7905,9
7905,5
7906,40
7906,1
7906,5
7907,9
7907,83
7907,2
7907,3
7907,17
7908,2
7908,1
7909,11
7909,3
7910,29
7910,1
7911,3
7911,5
7912,9
7912,5
7913,3
7913,5
7914,1
7914,4
7914,74
7914,75
7914,17
7915,2
7915,29
7916,9
7916,5
7917,29
7917,1
7917,5
7918,3
7918,9
7918,5
7919,29
7919,1
7919,5
7920,29
7920,1
7921,9
7921,5
7922,9
7922,5
7923,3
7923,5
7924,29
7924,1
7925,9
7925,5
7926,3
7926,5
7927,3
7927,5
7928,1
7928,5
7929,4
7929,1
7929,6
7930,9
7930,5
7931,29
7931,1
7931,5
7932,2
7932,1
7933,1
7933,5
7934,2
7934,29
7935,1
7935,5
7936,29
7936,9
7936,1
7937,3
7937,5
7938,1
7938,5
7939,3
7939,5
7940,2
7940,1
7941,1
7941,5
7942,2
7942,29
7943,2
7943,29
7944,2
7944,1
7945,1
7945,5
7946,1
7946,5
7947,3
7947,5
7948,1
7948,5
7949,2
7949,1
7950,2
7950,29
7951,1
7951,5
7952,3
7952,5
7953,1
7953,5
7954,2
7954,1
7955,1
7955,5
7956,2
7956,29
7957,3
7957,5
7958,1
7958,5
7959,1
7959,5
7960,3
7960,5
7961,2
7961,1
7962,3
7962,9
7962,5
7962,13
7963,3
7963,161
7964,2
7964,29
7965,2
7965,29
7966,2
7966,1
7967,1
7967,5
7968,3
7968,5
7969,2
7969,1
7970,1
7970,5
7971,1
7971,5
7972,2
7972,29
7973,1
7973,5
7974,3
7974,5
7975,2
7975,1
7976,2
7976,29
7977,1
7977,5
7978,3
7978,5
7979,1
7979,5
7980,2
7980,1
7981,2
7981,29
7982,1
7982,5
7983,3
7983,5
7984,29
7984,1
7985,2
7985,29
7986,1
7986,5
7987,2
7987,1
7988,9
7988,83
7988,2
7988,3
7988,17
7989,3
7990,29
7990,1
7991,3
7992,29
7992,1
7993,166
7993,19
7994,9
7994,83
7994,2
7994,3
7994,17
7995,3
7996,29
7996,1
7997,3
7998,29
7998,1
7999,3
8000,29
8000,1
8001,166
8001,19
8002,3
8002,5
8003,3
8003,1
8003,5
8004,3
8004,5
8005,3
8005,5
8006,9
8007,9
8007,5
8008,3
8008,5
8009,2
8009,1
8010,9
8010,1
8010,5
8011,2
8011,29
8012,9
8012,5
8013,9
8013,5
8014,9
8014,1
8015,9
8015,1
8016,9
8016,5
8017,9
8017,5
8018,9
8018,5
8019,1
8019,4
8019,74
8019,75
8019,17
8020,1
8020,4
8020,74
8020,75
8020,17
8021,9
8021,5
8022,2
8022,29
8023,9
8023,5
8024,9
8024,1
8024,83
8024,5
8024,6
8025,5
8025,9
8025,1
8026,2
8026,1
8027,29
8027,9
8027,1
8028,3
8028,161
8029,1
8029,5
8030,29
8030,1
8030,5
8031,9
8031,5
8032,29
8032,1
8032,5
8033,3
8033,1
8033,5
8034,40
8034,1
8034,5
8035,9
8035,5
8036,9
8036,5
8037,9
8037,5
8038,3
8038,13
8038,6
8039,29
8039,5
8040,9
8040,5
8041,29
8041,1
8041,5
8042,9
8042,5
8043,9
8043,5
8044,9
8044,5
8045,9
8045,5
8046,9
8046,5
8047,3
8047,9
8047,5
8048,9
8048,5
8049,2
8049,3
8049,1
8049,5
8050,29
8050,1
8050,5
8051,29
8051,1
8051,5
8052,3
8052,5
8053,9
8053,5
8054,9
8054,5
8055,3
8055,5
8056,29
8056,9
8056,1
8057,3
8057,9
8057,5
8058,3
8058,9
8058,5
8059,9
8059,1
8060,29
8060,1
8060,5
8061,29
8061,9
8061,1
8061,13
8062,9
8062,5
8063,9
8063,5
8064,3
8064,5
8065,9
8065,5
8066,3
8066,5
8067,47
8067,29
8067,4
8067,3
8067,6
8068,29
8068,1
8069,9
8069,5
8070,47
8070,29
8070,4
8070,3
8070,6
8071,3
8072,9
8072,5
8073,4
8073,1
8073,5
8074,9
8074,5
8075,9
8075,5
8076,47
8076,29
8076,4
8076,3
8076,6
8077,9
8077,5
8078,9
8078,5
8079,9
8079,5
8080,9
8080,5
8081,5
8081,3
8081,9
8081,1
8082,3
8082,5
8083,3
8083,1
8083,5
8084,9
8084,5
8085,3
8085,5
8086,2
8086,3
8086,1
8086,5
8087,9
8087,5
8088,9
8088,5
8089,3
8089,5
8090,9
8090,5
8091,9
8091,5
8092,3
8092,5
8093,3
8093,9
8093,5
8094,9
8094,5
8095,9
8095,5
8096,4
8096,1
8096,6
8097,9
8097,1
8098,11
8098,3
8098,5
8099,5
8099,17
8099,13
8100,3
8100,5
8101,3
8101,5
8102,9
8102,5
8103,3
8103,5
8104,3
8104,9
8104,5
8105,9
8105,5
8106,29
8106,1
8106,5
8107,9
8107,5
8108,3
8109,9
8109,5
8110,29
8110,1
8110,5
8111,29
8111,9
8111,1
8111,13
8112,3
8112,1
8113,9
8113,5
8114,9
8114,5
8115,3
8115,161
8116,40
8116,9
8116,29
8116,1
8116,17
8116,6
8117,9
8117,5
8118,9
8118,5
8119,9
8119,5
8120,9
8120,5
8121,9
8121,5
8122,9
8122,5
8123,3
8124,29
8124,9
8124,1
8125,4
8125,11
8125,1
8126,3
8127,9
8127,5
8128,9
8128,5
8129,9
8129,5
8130,3
8131,3
8132,3
8132,5
8133,3
8133,5
8134,3
8135,3
8135,9
8135,5
8136,9
8136,5
8137,56
8137,5
8137,13
8138,9
8138,5
8139,3
8139,5
8140,9
8141,3
8141,5
8142,3
8142,5
8143,2
8143,29
8144,9
8144,5
8145,9
8145,5
8146,9
8146,5
8147,2
8147,1
8148,9
8148,1
8149,3
8149,19
8150,5
8151,9
8152,9
8152,5
8153,9
8153,5
8154,40
8154,9
8154,316
8154,47
8154,29
8154,1
8154,83
8154,317
8154,56
8154,5
8154,74
8154,13
8154,17
8154,318
8154,6
8155,9
8155,5
8156,3
8156,1
8156,5
8157,9
8157,1
8157,4
8157,56
8157,6
8158,9
8158,5
8159,3
8159,1
8159,5
8160,1
8160,2
8160,3
8160,4
8160,5
8160,6
8161,4
8161,1
8161,6
8162,3
8162,1
8162,5
8163,9
8163,5
8164,1
8164,5
8165,9
8165,5
8166,3
8166,9
8166,5
8166,13
8167,3
8168,9
8168,5
8169,2
8169,3
8170,1
8170,2
8170,3
8170,4
8170,5
8170,6
8171,1
8171,5
8171,13
8172,4
8172,1
8172,6
8173,2
8173,1
8174,9
8174,5
8175,3
8175,5
8176,4
8176,1
8176,6
8177,1
8177,4
8177,74
8177,75
8177,17
8178,9
8178,1
8178,5
8179,2
8179,29
8180,9
8181,3
8182,17
8182,12
8182,9
8182,5
8183,9
8183,83
8183,3
8183,111
8183,13
8183,6
8184,3
8184,5
8184,13
8184,6
8185,1
8185,5
8185,13
8186,29
8186,9
8186,1
8187,3
8188,9
8188,1
8189,11
8189,3
8189,5
8190,40
8190,9
8190,316
8190,47
8190,29
8190,1
8190,83
8190,317
8190,56
8190,5
8190,74
8190,13
8190,17
8190,318
8190,6
8191,11
8191,3
8191,5
8192,3
8193,47
8193,29
8193,4
8193,3
8193,6
8194,9
8194,5
8195,3
8195,161
8196,40
8196,9
8196,316
8196,47
8196,29
8196,1
8196,83
8196,317
8196,56
8196,5
8196,74
8196,13
8196,17
8196,318
8196,6
8197,9
8197,5
8198,9
8198,5
8199,9
8199,5
8200,29
8200,9
8200,1
8201,47
8201,29
8201,4
8201,3
8201,6
8202,3
8202,1
8202,5
8203,3
8203,9
8203,5
8204,9
8204,5
8205,9
8205,5
8206,3
8207,2
8207,3
8208,9
8208,316
8208,1
8208,4
8208,3
8208,5
8208,17
8208,6
8209,4
8209,11
8209,1
8210,9
8210,5
8211,9
8211,316
8211,1
8211,4
8211,3
8211,5
8211,17
8211,6
8212,3
8213,2
8213,3
8214,3
8214,5
8215,4
8215,11
8215,1
8216,4
8216,9
8216,1
8216,5
8217,2
8217,1
8218,9
8218,1
8218,5
8219,2
8219,29
8220,4
8220,1
8220,6
8221,9
8221,5
8222,40
8222,9
8222,29
8222,1
8222,2
8222,4
8222,56
8222,13
8222,6
8223,9
8223,1
8224,9
8225,9
8225,5
8226,3
8226,9
8226,5
8227,9
8227,5
8228,3
8228,9
8228,5
8229,4
8229,9
8229,1
8229,5
8230,9
8230,1
8231,9
8231,5
8232,12
8232,3
8232,56
8232,5
8232,74
8232,17
8233,9
8234,9
8234,5
8235,4
8235,9
8235,1
8235,5
8236,9
8237,29
8237,1
8237,5
8238,4
8238,1
8238,6
8239,9
8239,1
8240,4
8240,9
8240,1
8240,5
8241,9
8241,5
8242,9
8242,5
8243,9
8244,9
8244,1
8245,4
8245,3
8245,1
8245,5
8246,9
8246,5
8247,3
8247,9
8247,5
8248,29
8248,1
8248,5
8249,9
8249,5
8250,9
8250,5
8251,9
8251,5
8252,3
8252,161
8253,9
8253,5
8254,3
8254,1
8254,5
8255,12
8255,3
8255,56
8255,5
8255,74
8255,17
8256,3
8256,5
8257,29
8257,1
8257,5
8258,3
8259,3
8260,3
8261,3
8262,4
8262,9
8262,1
8262,5
8263,9
8263,83
8263,3
8263,111
8263,13
8263,6
8264,9
8264,5
8265,3
8266,29
8266,9
8267,9
8267,5
8268,4
8268,11
8268,1
8269,29
8269,9
8269,1
8270,3
8270,5
8270,6
8271,9
8271,5
8272,1
8272,2
8272,3
8272,4
8272,5
8272,6
8273,9
8273,5
8274,1
8274,2
8274,3
8274,4
8274,5
8274,6
8275,40
8275,1
8275,17
8276,9
8276,5
8277,1
8277,4
8277,74
8277,75
8277,17
8278,4
8278,1
8278,6
8279,9
8279,1
8279,5
8280,2
8280,29
8281,9
8281,5
8282,9
8282,83
8282,3
8282,111
8282,13
8282,6
8283,9
8284,40
8284,1
8284,5
8285,9
8285,5
8286,9
8286,1
8287,9
8287,1
8287,5
8287,13
8288,9
8288,5
8289,9
8289,1
8290,3
8290,5
8291,12
8291,3
8291,56
8291,5
8291,74
8291,17
8292,2
8292,1
8293,3
8293,1
8293,5
8294,3
8294,5
8295,9
8295,5
8296,2
8296,29
8297,9
8297,5
8298,9
8298,5
8299,3
8299,5
8300,40
8300,9
8300,29
8300,1
8300,5
8300,13
8301,3
8301,5
8302,3
8302,5
8303,2
8303,29
8304,3
8304,5
8305,47
8305,29
8305,4
8305,3
8305,6
8306,9
8306,5
8306,13
8307,17
8307,5
8307,83
8308,2
8308,1
8309,9
8310,9
8310,5
8311,9
8311,5
8312,5
8312,9
8312,1
8313,3
8313,5
8314,9
8314,5
8314,13
8315,2
8315,29
8316,4
8316,3
8316,1
8316,5
8317,2
8317,1
8318,9
8318,5
8319,9
8320,3
8320,5
8321,3
8322,9
8322,5
8323,9
8323,5
8324,3
8325,3
8325,5
8326,5
8326,9
8326,1
8327,1
8327,5
8328,2
8328,29
8329,4
8329,40
8329,1
8329,75
8330,4
8330,40
8330,1
8330,75
8331,9
8331,83
8331,2
8331,3
8331,17
8332,9
8332,5
8333,29
8333,1
8333,5
8334,9
8335,29
8335,1
8336,3
8336,5
8337,2
8337,29
8338,3
8338,5
8338,13
8339,4
8339,40
8339,1
8339,75
8340,9
8340,29
8340,1
8340,317
8340,5
8341,12
8341,3
8341,56
8341,5
8341,74
8341,17
8342,3
8342,161
8343,29
8343,17
8344,4
8344,1
8344,6
8345,9
8345,1
8346,9
8346,5
8347,9
8347,5
8348,9
8348,1
8348,13
8348,83
8349,3
8350,40
8350,1
8350,3
8350,5
8350,6
8351,29
8351,1
8352,3
8352,5
8353,9
8353,1
8354,3
8354,1
8354,5
8355,3
8355,9
8355,13
8356,9
8356,29
8356,1
8356,317
8356,5
8357,29
8357,17
8358,3
8358,5
8359,29
8359,9
8359,1
8359,111
8360,3
8360,5
8361,11
8361,5
8362,11
8362,5
8363,9
8363,1
8363,5
8364,11
8364,5
8365,29
8365,9
8366,29
8366,9
8366,1
8367,29
8367,9
8367,1
8367,111
8368,3
8368,1
8368,5
8369,1
8369,2
8369,3
8369,4
8369,5
8369,6
8370,4
8370,1
8370,6
8371,3
8371,19
8372,166
8372,19
8373,3
8373,5
8374,40
8374,1
8374,5
8375,3
8376,29
8376,1
8377,3
8377,5
8378,3
8378,5
8379,3
8379,5
8380,29
8380,1
8381,2
8381,29
8382,1
8382,4
8382,74
8382,75
8382,17
8383,9
8383,5
8384,3
8384,9
8384,5
8384,13
8385,12
8385,3
8385,56
8385,5
8385,74
8385,17
8386,3
8386,1
8386,5
8387,2
8387,1
8388,40
8388,5
8389,9
8389,1
8390,9
8390,1
8391,9
8391,5
8392,11
8392,3
8392,5
8393,9
8394,1
8394,5
8395,9
8395,1
8396,29
8396,6
8396,17
8396,83
8397,9
8397,12
8397,1
8397,5
8397,13
8398,29
8398,9
8399,1
8399,5
8400,3
8400,13
8400,6
8401,5
8401,1
8401,17
8401,13
8402,1
8402,5
8403,4
8403,1
8403,6
8404,29
8404,6
8404,17
8404,83
8405,9
8405,5
8406,317
8406,2
8406,5
8406,4
8407,2
8407,1
8408,3
8409,29
8409,1
8410,29
8410,1
8411,29
8411,9
8411,1
8412,4
8412,1
8412,6
8413,29
8413,9
8413,1
8414,3
8415,29
8415,1
8416,29
8416,1
8417,29
8417,1
8418,29
8418,1
8419,29
8419,9
8419,1
8420,29
8420,1
8421,29
8421,1
8422,29
8422,1
8423,9
8423,5
8424,29
8424,1
8425,166
8425,19
8426,9
8426,5
8427,3
8427,5
8428,3
8428,5
8429,9
8429,1
8429,5
8430,9
8430,1
8430,5
8431,9
8431,1
8431,5
8432,9
8432,1
8432,5
8433,9
8433,1
8433,5
8434,9
8434,1
8434,5
8435,9
8435,5
8436,9
8436,5
8437,11
8437,3
8437,5
8438,9
8438,1
8438,5
8439,9
8439,5
8440,13
8441,2
8441,1
8442,2
8442,29
8443,2
8443,29
8444,3
8444,9
8444,1
8445,29
8445,5
8446,1
8446,5
8447,3
8447,5
8448,29
8448,5
8449,29
8449,5
8450,29
8450,5
8451,29
8451,5
8452,29
8452,5
8453,29
8453,5
8454,29
8454,5
8455,29
8455,5
8456,29
8456,5
8457,29
8457,5
8458,29
8458,1
8458,5
8459,29
8459,5
8460,29
8460,5
8461,29
8461,5
8462,29
8462,5
8463,29
8463,5
8464,29
8464,5
8465,29
8465,5
8466,29
8466,5
8467,29
8467,5
8468,29
8468,5
8469,29
8469,5
8470,29
8470,5
8471,29
8471,5
8472,29
8472,5
8473,29
8473,5
8474,29
8474,5
8475,29
8475,5
8476,29
8476,5
8477,29
8477,5
8478,29
8478,5
8479,29
8479,5
8480,29
8480,5
8481,29
8481,5
8482,29
8482,5
8483,29
8483,5
8484,29
8484,5
8485,29
8485,5
8486,29
8486,5
8487,29
8487,5
8488,29
8488,5
8489,29
8489,5
8490,29
8490,5
8491,29
8491,5
8492,29
8492,5
8493,29
8493,5
8494,29
8494,5
8495,29
8495,5
8496,29
8496,5
8497,29
8497,5
8498,29
8498,5
8499,29
8499,5
8500,29
8500,5
8501,29
8501,5
8502,29
8502,5
8503,29
8503,5
8504,29
8504,5
8505,29
8505,5
8506,29
8506,5
8507,29
8507,5
8508,29
8508,5
8509,29
8509,5
8510,29
8510,5
8511,29
8511,5
8512,29
8512,5
8513,29
8513,5
8514,29
8514,5
8515,29
8515,5
8516,29
8516,5
8517,29
8517,5
8518,29
8518,5
8519,29
8519,5
8520,29
8520,5
8521,29
8521,5
8522,29
8522,5
8523,29
8523,5
8524,29
8524,5
8525,29
8525,5
8526,29
8526,5
8527,29
8527,5
8528,9
8528,83
8528,2
8528,3
8528,17
8529,9
8529,5
8530,2
8530,3
8531,11
8531,3
8531,5
8532,3
8533,3
8533,1
8533,5
8534,29
8534,9
8534,1
8535,29
8535,6
8535,17
8535,83
8536,9
8536,5
8537,9
8537,5
8538,9
8538,5
8539,9
8539,5
8540,9
8540,5
8541,29
8541,1
8542,166
8542,19
8543,9
8543,5
8544,9
8544,1
8544,5
8545,2
8545,29
8546,4
8546,1
8546,6
8547,3
8547,9
8547,5
8547,13
8548,9
8549,3
8549,5
8550,3
8551,3
8551,161
8552,3
8552,5
8553,2
8553,1
8554,9
8554,5
8555,3
8555,161
8556,3
8556,5
8557,9
8557,5
8558,2
8558,29
8559,3
8559,9
8559,5
8559,13
8560,9
8560,1
8561,29
8561,1
8562,9
8562,1
8562,5
8562,13
8563,2
8563,1
8564,9
8564,5
8565,2
8565,1
8566,9
8566,5
8567,2
8567,1
8568,3
8568,5
8569,3
8569,9
8569,5
8570,40
8570,1
8570,3
8570,5
8570,6
8571,3
8571,161
8571,17
8572,1
8572,4
8572,74
8572,75
8572,17
8573,29
8573,9
8573,1
8574,3
8574,1
8574,5
8575,3
8575,5
8576,2
8576,3
8577,3
8577,5
8578,9
8578,5
8579,9
8580,9
8580,1
8580,5
8581,3
8581,161
8582,2
8582,29
8583,3
8583,1
8583,5
8584,29
8584,1
8584,5
8584,13
8584,17
8585,4
8585,3
8585,1
8585,5
8586,2
8586,1
8587,9
8587,5
8587,13
8588,3
8588,5
8589,3
8589,1
8589,5
8590,2
8590,29
8591,3
8591,1
8591,5
8592,3
8592,5
8593,40
8593,9
8593,29
8593,1
8593,17
8593,6
8594,3
8595,3
8595,161
8596,3
8596,1
8596,5
8597,11
8597,5
8598,9
8599,3
8599,5
8600,3
8600,1
8600,5
8601,9
8601,1
8602,9
8602,83
8602,2
8602,3
8602,17
8603,3
8603,1
8603,5
8604,29
8604,1
8605,9
8605,5
8606,9
8606,83
8606,2
8606,3
8606,17
8607,9
8607,83
8607,2
8607,3
8607,17
8608,9
8608,83
8608,2
8608,3
8608,17
8609,3
8609,5
8610,3
8610,5
8611,1
8611,5
8611,13
8612,29
8612,1
8613,3
8613,5
8614,29
8614,1
8615,29
8615,1
8616,1
8616,5
8616,13
8617,29
8617,1
8618,29
8618,1
8619,9
8619,83
8619,2
8619,3
8619,17
8620,9
8620,5
8621,9
8622,166
8622,19
8623,4
8623,1
8623,6
8624,4
8624,1
8624,6
8625,3
8625,1
8625,5
8626,4
8626,1
8626,6
8627,29
8627,1
8628,29
8628,1
8629,3
8630,29
8630,1
8631,3
8631,5
8632,9
8632,1
8633,29
8633,9
8634,4
8634,3
8634,1
8634,5
8635,9
8635,5
8636,3
8636,161
8637,1
8637,5
8638,9
8639,4
8639,1
8639,6
8640,9
8641,2
8641,1
8642,29
8642,1
8643,3
8644,29
8644,1
8645,9
8645,5
8646,3
8646,5
8647,166
8647,19
8648,29
8648,9
8648,1
8649,29
8649,1
8650,3
8650,5
8651,47
8651,83
8651,2
8651,13
8651,17
8651,6
8652,3
8652,9
8652,13
8653,2
8653,3
8653,1
8653,5
8654,9
8654,5
8655,19
8656,40
8656,9
8656,29
8656,1
8656,2
8656,4
8656,56
8656,13
8656,6
8657,4
8657,1
8657,6
8658,3
8659,9
8659,29
8659,1
8659,56
8659,111
8659,17
8660,9
8660,83
8660,2
8660,3
8660,17
8661,9
8661,5
8662,40
8662,9
8662,29
8662,1
8662,2
8662,4
8662,56
8662,13
8662,6
8663,29
8663,9
8663,1
8664,9
8664,5
8665,3
8665,5
8666,9
8666,29
8666,1
8666,56
8666,111
8666,17
8667,9
8667,1
8667,4
8667,56
8667,6
8668,3
8668,1
8668,5
8669,3
8669,9
8669,5
8669,13
8670,9
8670,83
8670,2
8670,3
8670,17
8671,3
8671,5
8672,9
8672,29
8672,1
8672,56
8672,111
8672,17
8673,3
8673,1
8673,5
8674,9
8674,12
8674,1
8674,5
8674,13
8675,9
8675,83
8675,2
8675,3
8675,17
8676,3
8676,5
8677,2
8677,3
8677,1
8677,5
8678,9
8678,5
8679,9
8679,5
8680,9
8680,5
8681,9
8681,5
8682,9
8682,5
8683,9
8683,5
8684,9
8684,5
8685,9
8685,5
8686,3
8686,5
8687,4
8687,11
8687,1
8688,40
8688,9
8688,29
8688,1
8688,17
8688,6
8689,40
8689,9
8689,29
8689,1
8689,17
8689,6
8690,9
8690,5
8691,9
8691,1
8692,9
8692,1
8693,3
8693,1
8693,5
8694,3
8694,1
8694,5
8695,1
8695,5
8696,29
8696,9
8697,29
8697,9
8698,29
8698,9
8698,1
8699,29
8699,9
8700,40
8700,9
8700,29
8700,1
8700,2
8700,4
8700,56
8700,13
8700,6
8701,9
8702,9
8703,40
8703,9
8703,29
8703,1
8703,2
8703,4
8703,56
8703,13
8703,6
8704,3
8704,161
8705,2
8705,1
8706,2
8706,3
8706,9
8706,5
8707,29
8707,9
8707,1
8707,111
8708,9
8708,1
8708,5
8709,2
8709,29
8710,29
8710,1
8710,5
8711,9
8711,5
8712,2
8712,3
8713,11
8713,3
8713,5
8714,4
8714,1
8714,6
8715,29
8715,9
8715,1
8715,6
8716,3
8716,161
8717,4
8717,1
8717,6
8718,2
8718,1
8719,3
8720,166
8720,19
8721,29
8721,1
8722,5
8722,9
8722,1
8723,29
8723,1
8724,4
8724,11
8724,1
8725,9
8725,5
8726,29
8726,9
8726,1
8726,111
8727,9
8727,5
8728,3
8728,1
8728,5
8729,3
8729,5
8730,3
8730,1
8730,5
8731,4
8731,11
8731,1
8732,2
8732,9
8732,1
8732,5
8733,9
8733,1
8733,5
8733,13
8734,9
8735,9
8735,1
8736,9
8736,1
8737,3
8737,5
8738,3
8738,9
8738,1
8738,5
8739,2
8739,29
8740,3
8740,13
8741,4
8741,1
8741,6
8742,3
8742,5
8743,3
8744,1
8744,2
8744,3
8744,4
8744,5
8744,6
8745,2
8745,1
8746,166
8746,19
8747,3
8748,166
8748,19
8749,3
8750,3
8750,5
8751,11
8751,3
8751,5
8752,3
8753,1
8753,5
8754,3
8755,1
8755,5
8756,3
8757,1
8757,5
8758,166
8758,19
8759,29
8759,5
8760,2
8760,1
8761,9
8761,5
8762,29
8762,6
8762,17
8762,83
8763,1
8763,5
8763,13
8764,29
8764,1
8765,4
8765,9
8765,1
8765,5
8766,9
8766,5
8767,9
8767,5
8767,13
8768,9
8768,83
8768,2
8768,3
8768,17
8769,9
8769,5
8770,3
8770,5
8771,3
8771,5
8772,4
8772,9
8772,1
8772,5
8773,2
8773,3
8774,9
8774,1
8775,29
8775,9
8776,9
8776,1
8776,4
8776,56
8776,6
8777,9
8777,5
8778,29
8778,9
8779,3
8779,1
8779,5
8780,2
8780,1
8781,2
8781,3
8782,2
8782,3
8783,11
8783,3
8783,5
8784,11
8784,3
8784,5
8785,2
8785,3
8786,2
8786,3
8787,11
8787,3
8787,5
8788,2
8788,1
8789,9
8790,3
8790,13
8791,3
8791,5
8792,1
8792,5
8793,2
8793,29
8794,4
8794,1
8794,6
8795,1
8795,17
8796,12
8796,3
8796,56
8796,5
8796,74
8796,17
8797,3
8797,5
8798,4
8798,11
8798,1
8799,2
8799,1
8800,9
8800,1
8800,4
8800,56
8800,6
8801,4
8801,1
8801,6
8802,4
8802,1
8802,6
8803,9
8804,3
8804,161
8804,17
8805,3
8805,5
8806,3
8806,1
8806,5
8807,9
8807,5
8808,166
8808,19
8809,2
8809,1
8810,9
8810,5
8811,1
8811,5
8812,29
8812,1
8813,29
8813,1
8814,3
8815,29
8815,1
8816,3
8816,5
8816,13
8816,6
8817,9
8817,1
8817,4
8817,56
8817,6
8818,3
8818,13
8818,6
8819,3
8819,5
8820,9
8820,1
8821,5
8821,17
8821,13
8822,4
8822,1
8822,6
8823,4
8823,1
8823,6
8824,4
8824,1
8824,6
8825,4
8825,1
8825,6
8826,166
8826,19
8827,9
8828,1
8828,5
8829,1
8829,4
8829,74
8829,75
8829,17
8830,4
8830,1
8830,6
8831,1
8831,5
8832,9
8832,5
8833,3
8833,5
8834,3
8834,5
8835,9
8836,2
8836,29
8837,9
8837,1
8837,4
8837,56
8837,6
8838,9
8838,1
8838,4
8838,56
8838,6
8839,4
8839,1
8839,6
8840,9
8840,1
8841,40
8841,9
8841,29
8841,1
8841,17
8841,6
8842,9
8842,1
8843,2
8843,29
8844,3
8845,3
8845,1
8845,5
8846,29
8846,1
8847,29
8847,6
8847,17
8847,83
8848,3
8848,13
8848,6
8849,9
8849,1
8849,5
8850,9
8850,1
8850,5
8851,9
8851,5
8852,2
8852,29
8853,4
8853,11
8853,1
8854,29
8854,9
8854,1
8854,111
8855,9
8855,5
8856,3
8856,5
8857,9
8857,5
8858,29
8858,9
8858,1
8859,4
8859,40
8859,1
8859,75
8860,3
8860,9
8860,5
8861,3
8861,161
8862,29
8862,9
8862,1
8863,9
8863,1
8864,3
8864,13
8865,3
8866,29
8866,9
8866,1
8867,3
8867,5
8868,3
8868,5
8869,3
8869,5
8870,3
8870,5
8871,3
8871,13
8872,3
8872,5
8873,3
8873,5
8874,3
8874,5
8875,3
8875,5
8876,3
8876,5
8877,3
8877,5
8878,3
8878,5
8879,3
8879,5
8880,3
8880,5
8881,3
8881,5
8882,3
8882,5
8883,1
8883,4
8883,2
8883,56
8883,5
8883,17
8883,6
8884,3
8884,19
8885,2
8885,1
8886,9
8886,5
8887,4
8887,1
8887,6
8888,11
8888,3
8888,5
8889,9
8889,1
8889,83
8889,5
8889,6
8890,40
8890,9
8890,29
8890,1
8890,2
8890,4
8890,56
8890,13
8890,6
8891,4
8891,5
8892,9
8892,5
8893,3
8893,19
8894,1
8894,5
8895,9
8896,1
8896,5
8897,4
8897,1
8897,6
8898,3
8898,9
8898,5
8899,9
8899,5
8900,1
8900,2
8900,3
8900,4
8900,5
8900,6
8901,2
8901,1
8902,1
8902,5
8903,2
8903,29
8904,1
8904,4
8904,74
8904,75
8904,17
8905,3
8905,5
8906,11
8906,3
8906,5
8907,3
8907,5
8908,11
8908,3
8908,5
8909,9
8909,5
8910,3
8910,5
8911,9
8911,316
8911,1
8911,4
8911,3
8911,5
8911,17
8911,6
8912,9
8912,316
8912,1
8912,4
8912,3
8912,5
8912,17
8912,6
8913,3
8913,161
8914,4
8914,1
8914,6
8915,2
8915,1
8916,9
8916,5
8917,29
8917,1
8918,3
8919,29
8919,1
8920,9
8920,1
8920,4
8920,56
8920,6
8921,29
8921,1
8922,3
8923,29
8923,1
8924,29
8924,1
8925,29
8925,1
8926,3
8927,3
8928,29
8928,1
8929,29
8929,1
8930,3
8931,3
8932,3
8933,40
8933,9
8933,29
8933,1
8933,2
8933,4
8933,56
8933,13
8933,6
8934,3
8934,5
8935,3
8935,161
8936,11
8936,5
8937,29
8937,9
8937,1
8938,29
8938,1
8939,3
8939,9
8939,5
8939,13
8940,3
8940,9
8940,5
8940,13
8941,3
8941,9
8941,5
8941,13
8942,3
8942,5
8943,1
8944,9
8944,5
8945,3
8946,11
8946,5
8947,29
8947,9
8947,1
8947,5
8948,3
8949,3
8950,9
8950,5
8951,2
8951,29
8952,4
8952,1
8952,6
8953,5
8953,17
8953,13
8954,9
8954,5
8955,29
8955,1
8955,5
8956,5
8956,17
8956,13
8957,5
8957,17
8957,13
8958,3
8958,5
8959,9
8959,1
8959,5
8959,13
8960,4
8960,1
8960,6
8961,2
8961,1
8962,9
8962,1
8963,2
8963,29
8964,9
8964,5
8965,29
8965,1
8965,5
8966,1
8966,5
8967,3
8967,13
8968,3
8968,5
8969,40
8969,9
8969,316
8969,47
8969,29
8969,1
8969,83
8969,317
8969,56
8969,5
8969,74
8969,13
8969,17
8969,318
8969,6
8970,40
8970,9
8970,316
8970,47
8970,29
8970,1
8970,83
8970,317
8970,56
8970,5
8970,74
8970,13
8970,17
8970,318
8970,6
8971,9
8971,5
8972,2
8972,3
8972,1
8972,5
8973,29
8973,1
8973,5
8974,9
8974,5
8975,9
8975,5
8976,3
8976,13
8977,9
8977,5
8978,9
8978,5
8979,3
8979,13
8979,6
8980,9
8980,5
8981,40
8981,9
8981,316
8981,47
8981,29
8981,1
8981,83
8981,317
8981,56
8981,5
8981,74
8981,13
8981,17
8981,318
8981,6
8982,4
8982,1
8982,6
8983,29
8983,9
8983,1
8983,111
8984,3
8984,9
8984,5
8985,9
8985,5
8986,9
8986,5
8987,1
8987,5
8988,3
8988,5
8989,2
8989,29
8990,5
8990,9
8990,1
8991,3
8991,11
8992,3
8992,5
8993,2
8993,1
8994,9
8994,1
8994,4
8994,56
8994,6
8995,9
8995,1
8995,4
8995,56
8995,6
8996,3
8996,13
8997,3
8998,9
8998,12
8998,1
8998,5
8998,13
8999,9
8999,5
9000,3
9000,5
9001,3
9001,5
9002,29
9002,5
9003,9
9003,1
9003,5
9004,2
9004,1
9005,9
9005,5
9006,29
9006,9
9007,29
9007,4
9008,9
9008,5
9008,13
9009,9
9010,29
9010,9
9010,1
9011,4
9011,9
9011,1
9011,5
9012,3
9012,5
9013,9
9013,1
9013,13
9013,83
9014,29
9014,1
9015,29
9015,1
9016,5
9016,17
9016,13
9017,3
9017,5
9018,166
9018,19
9019,9
9019,5
9020,9
9020,5
9021,47
9021,83
9021,2
9021,13
9021,17
9021,6
9022,29
9022,1
9023,4
9023,1
9023,6
9024,4
9024,1
9024,6
9025,1
9025,4
9025,74
9025,75
9025,17
9026,29
9026,9
9026,1
9027,1
9027,5
9028,3
9028,5
9029,9
9029,1
9030,4
9030,1
9030,6
9031,2
9031,29
9032,3
9032,5
9033,29
9033,1
9034,2
9034,3
9034,5
9035,1
9035,5
9036,29
9036,9
9036,1
9037,29
9037,1
9038,3
9038,9
9038,5
9039,2
9039,29
9040,9
9040,1
9040,5
9040,13
9041,29
9041,6
9041,17
9041,83
9042,9
9042,5
9043,9
9043,1
9044,9
9044,1
9045,9
9045,5
9046,9
9046,1
9046,5
9047,2
9047,29
9048,3
9048,5
9049,4
9049,1
9049,6
9050,9
9050,5
9051,9
9051,5
9052,9
9052,5
9053,3
9053,1
9054,2
9054,1
9055,9
9055,5
9056,9
9056,5
9057,4
9057,9
9057,1
9057,5
9058,2
9058,29
9059,29
9059,6
9059,17
9059,83
9060,9
9060,1
9060,5
9060,13
9061,9
9061,5
9061,13
9062,9
9062,1
9063,9
9063,5
9064,1
9064,17
9065,47
9065,29
9065,4
9065,3
9065,6
9066,2
9066,11
9066,5
9066,13
9067,3
9067,1
9067,5
9068,3
9068,5
9069,4
9069,40
9069,1
9069,75
9070,2
9070,29
9071,4
9071,3
9071,1
9071,5
9072,1
9072,5
9073,3
9073,5
9074,9
9074,5
9075,3
9075,1
9075,5
9076,40
9076,9
9076,29
9076,1
9076,2
9076,4
9076,56
9076,13
9076,6
9077,3
9077,9
9077,5
9078,4
9078,3
9078,1
9078,5
9079,2
9079,1
9080,3
9080,9
9080,5
9081,3
9081,9
9081,5
9082,5
9082,17
9082,13
9083,3
9084,29
9084,9
9084,1
9084,111
9085,4
9085,3
9085,1
9085,5
9086,3
9086,9
9086,5
9087,3
9087,5
9088,3
9088,1
9089,1
9089,4
9089,2
9089,56
9089,5
9089,17
9089,6
9090,3
9091,9
9091,1
9092,29
9092,1
9092,5
9092,13
9092,17
9093,17
9093,12
9093,9
9093,5
9094,2
9095,3
9095,5
9096,2
9096,29
9097,2
9097,9
9097,1
9097,5
9098,3
9098,11
9099,2
9099,1
9100,3
9100,161
9101,2
9101,1
9102,9
9103,2
9103,1
9104,3
9104,1
9104,5
9105,3
9105,5
9106,9
9107,2
9107,29
9108,9
9108,316
9108,1
9108,4
9108,3
9108,5
9108,17
9108,6
9109,3
9109,161
9110,3
9110,161
9111,9
9111,316
9111,1
9111,4
9111,3
9111,5
9111,17
9111,6
9112,9
9112,316
9112,1
9112,4
9112,3
9112,5
9112,17
9112,6
9113,9
9114,3
9114,161
9115,9
9115,5
9116,9
9116,1
9116,5
9117,2
9117,29
9118,4
9118,11
9118,1
9119,9
9120,9
9120,5
9121,3
9121,5
9122,11
9122,5
9123,9
9123,1
9123,5
9123,13
9124,13
9124,6
9125,3
9125,9
9125,1
9125,5
9126,3
9127,9
9128,9
9128,83
9128,2
9128,3
9128,17
9129,9
9129,1
9129,5
9130,2
9130,29
9131,3
9131,161
9132,4
9132,11
9132,1
9133,9
9134,9
9134,5
9135,11
9135,5
9136,13
9136,6
9137,3
9137,5
9138,9
9138,1
9138,5
9138,13
9139,9
9140,3
9140,9
9140,1
9140,5
9141,3
9142,9
9142,1
9142,5
9143,2
9143,29
9144,3
9144,161
9145,4
9145,11
9145,1
9146,9
9147,11
9147,5
9148,3
9148,5
9149,13
9149,6
9150,9
9150,5
9151,9
9151,1
9151,5
9151,13
9152,3
9152,9
9152,1
9152,5
9153,3
9154,9
9155,9
9155,1
9155,5
9156,2
9156,29
9157,3
9157,161
9158,4
9158,11
9158,1
9159,9
9160,3
9160,5
9161,11
9161,5
9162,9
9162,5
9163,9
9163,1
9163,5
9163,13
9164,13
9164,6
9165,3
9166,3
9166,9
9166,1
9166,5
9167,9
9168,9
9168,1
9168,5
9169,2
9169,29
9170,3
9170,161
9171,9
9172,4
9172,11
9172,1
9173,11
9173,5
9174,9
9174,5
9175,9
9175,1
9175,5
9175,13
9176,13
9176,6
9177,3
9178,3
9178,9
9178,1
9178,5
9179,9
9180,9
9180,1
9180,5
9181,2
9181,29
9182,3
9182,161
9183,4
9183,11
9183,1
9184,9
9185,3
9185,5
9186,11
9186,5
9187,13
9187,6
9188,9
9188,5
9189,9
9189,1
9189,5
9189,13
9190,3
9190,9
9190,1
9190,5
9191,9
9191,1
9191,5
9192,3
9193,9
9194,2
9194,29
9195,3
9195,161
9196,4
9196,11
9196,1
9197,9
9198,11
9198,5
9199,13
9199,6
9200,9
9200,5
9201,3
9201,5
9202,9
9202,1
9202,5
9202,13
9203,3
9204,3
9204,9
9204,1
9204,5
9205,9
9205,1
9205,5
9206,9
9207,2
9207,29
9208,3
9208,161
9209,4
9209,11
9209,1
9210,9
9211,9
9211,5
9212,3
9212,5
9213,11
9213,5
9214,3
9214,5
9215,13
9215,6
9216,9
9216,1
9216,5
9216,13
9217,3
9217,9
9217,1
9217,5
9218,9
9219,3
9220,9
9220,1
9220,5
9221,2
9221,29
9222,3
9222,161
9223,4
9223,11
9223,1
9224,9
9225,3
9225,5
9226,11
9226,5
9227,9
9227,5
9228,13
9228,6
9229,9
9229,1
9229,5
9229,13
9230,9
9231,3
9231,9
9231,1
9231,5
9232,3
9233,3
9233,161
9234,9
9234,1
9234,5
9235,2
9235,29
9236,4
9236,11
9236,1
9237,9
9238,3
9238,5
9239,11
9239,5
9240,9
9240,5
9241,9
9241,1
9241,5
9241,13
9242,13
9242,6
9243,3
9244,9
9244,1
9244,5
9245,9
9246,3
9246,9
9246,1
9246,5
9247,2
9247,29
9248,3
9248,161
9249,4
9249,11
9249,1
9250,9
9251,3
9251,5
9252,11
9252,5
9253,9
9253,5
9254,9
9254,1
9254,5
9254,13
9255,13
9255,6
9256,9
9257,3
9258,3
9258,9
9258,1
9258,5
9259,9
9259,1
9259,5
9260,2
9260,29
9261,3
9261,161
9262,4
9262,11
9262,1
9263,9
9264,3
9264,5
9265,11
9265,5
9266,9
9266,5
9267,9
9267,1
9267,5
9267,13
9268,13
9268,6
9269,3
9269,9
9269,1
9269,5
9270,3
9271,9
9272,9
9272,1
9272,5
9273,2
9273,29
9274,3
9274,161
9275,9
9276,3
9276,5
9277,11
9277,5
9278,9
9278,5
9279,9
9279,1
9279,5
9279,13
9280,13
9280,6
9281,3
9282,3
9282,9
9282,1
9282,5
9283,9
9284,9
9284,1
9284,5
9285,2
9285,29
9286,3
9286,161
9287,4
9287,11
9287,1
9288,9
9289,3
9289,5
9290,9
9290,5
9291,11
9291,5
9292,13
9292,6
9293,9
9293,1
9293,5
9293,13
9294,9
9295,3
9295,9
9295,1
9295,5
9296,9
9296,1
9296,5
9297,3
9298,2
9298,29
9299,3
9299,161
9300,9
9301,3
9301,5
9302,11
9302,5
9303,9
9303,5
9304,13
9304,6
9305,9
9305,1
9305,5
9305,13
9306,3
9306,9
9306,1
9306,5
9307,4
9307,9
9307,1
9307,5
9308,3
9309,4
9309,11
9309,1
9310,4
9310,9
9310,1
9310,5
9311,2
9311,29
9312,29
9312,1
9313,3
9313,1
9313,5
9314,3
9314,5
9315,3
9315,5
9316,29
9316,1
9317,29
9317,1
9318,3
9318,5
9319,3
9319,5
9320,2
9320,1
9321,40
9321,9
9321,29
9321,1
9321,17
9321,6
9322,3
9322,5
9323,2
9323,1
9324,2
9324,29
9325,9
9325,1
9326,9
9327,2
9327,9
9327,1
9327,5
9328,9
9328,1
9329,9
9329,5
9330,3
9330,161
9331,2
9331,1
9332,2
9332,1
9333,3
9333,5
9334,2
9334,1
9335,29
9335,1
9336,29
9336,1
9337,2
9337,29
9338,9
9338,5
9339,166
9339,19
9340,3
9340,5
9341,2
9341,1
9342,29
9342,1
9343,29
9343,1
9343,5
9344,2
9344,1
9345,29
9345,1
9346,9
9347,2
9347,29
9348,9
9348,29
9348,1
9348,317
9348,5
9349,9
9349,5
9350,4
9350,11
9350,1
9351,3
9351,11
9352,9
9352,1
9352,13
9352,83
9353,40
9353,1
9353,5
9354,29
9354,1
9354,5
9355,2
9355,3
9355,9
9355,5
9356,1
9356,4
9356,74
9356,75
9356,17
9357,4
9357,1
9357,6
9358,47
9358,29
9358,4
9358,3
9358,6
9359,3
9359,5
9360,3
9360,5
9361,9
9361,5
9362,29
9362,1
9363,2
9363,1
9364,4
9364,9
9364,1
9364,5
9365,29
9365,1
9366,3
9366,5
9367,29
9367,1
9368,9
9368,5
9368,13
9369,3
9369,13
9370,3
9371,3
9371,1
9371,5
9372,166
9372,19
9373,1
9373,2
9373,3
9373,4
9373,5
9373,6
9374,1
9374,5
9375,1
9375,2
9375,3
9375,4
9375,5
9375,6
9376,1
9376,2
9376,3
9376,4
9376,5
9376,6
9377,29
9377,1
9378,5
9379,29
9379,1
9380,166
9380,19
9381,1
9381,5
9382,9
9382,1
9382,5
9383,3
9383,9
9383,5
9384,3
9384,1
9384,5
9385,4
9385,9
9385,1
9385,5
9386,5
9386,9
9386,1
9387,317
9387,2
9387,5
9387,4
9388,2
9388,29
9389,1
9389,5
9390,1
9390,5
9391,9
9392,1
9392,5
9393,9
9393,1
9393,4
9393,56
9393,6
9394,2
9394,1
9395,1
9395,4
9395,74
9395,75
9395,17
9396,3
9396,5
9397,5
9397,9
9397,1
9398,1
9398,5
9399,3
9399,5
9399,13
9399,6
9400,2
9400,29
9401,9
9401,5
9402,3
9402,5
9403,9
9403,1
9403,5
9404,3
9404,5
9405,3
9405,5
9406,2
9406,1
9407,3
9407,5
9408,3
9408,5
9409,2
9409,1
9410,1
9410,5
9411,5
9411,9
9411,1
9412,3
9412,13
9412,6
9413,2
9413,29
9414,1
9414,5
9415,3
9415,5
9416,9
9416,1
9416,5
9417,5
9417,9
9417,1
9418,2
9418,1
9419,9
9420,9
9420,5
9421,3
9421,5
9422,9
9422,1
9423,29
9423,1
9423,5
9424,47
9424,29
9424,4
9424,3
9424,6
9425,9
9425,1
9426,9
9427,2
9427,29
9428,3
9428,5
9429,9
9429,5
9430,5
9431,9
9431,5
9432,3
9432,5
9433,9
9433,5
9434,2
9434,1
9435,9
9435,5
9436,9
9436,5
9437,9
9437,5
9438,9
9438,5
9439,3
9439,5
9440,3
9440,5
9441,2
9441,29
9442,9
9442,1
9443,29
9443,1
9443,5
9444,3
9444,5
9445,9
9445,5
9446,3
9446,5
9447,29
9447,1
9448,3
9448,5
9449,29
9449,1
9449,5
9450,9
9450,5
9451,9
9451,1
9451,5
9452,2
9452,29
9453,1
9453,5
9454,2
9454,1
9455,9
9455,5
9456,9
9456,5
9457,29
9457,1
9457,5
9458,3
9458,13
9459,9
9459,5
9460,9
9460,5
9461,9
9461,5
9462,2
9462,29
9463,3
9463,5
9464,3
9464,5
9465,3
9465,5
9466,29
9466,1
9466,5
9467,29
9467,1
9467,5
9468,29
9468,1
9468,5
9469,29
9469,1
9469,5
9470,3
9470,5
9471,9
9471,5
9472,9
9472,5
9473,9
9473,5
9474,9
9474,5
9475,9
9475,5
9476,9
9476,5
9477,9
9477,5
9478,29
9478,17
9479,29
9479,17
9480,9
9480,5
9481,9
9481,5
9482,9
9483,9
9483,5
9484,9
9484,5
9485,9
9485,5
9486,9
9486,5
9487,3
9487,5
9488,3
9488,5
9489,9
9489,5
9490,9
9490,5
9491,3
9491,5
9492,9
9492,5
9493,9
9493,5
9494,9
9494,5
9495,9
9495,5
9496,3
9496,161
9497,29
9497,1
9497,5
9498,29
9498,1
9498,5
9499,12
9499,3
9499,56
9499,5
9499,74
9499,17
9500,3
9500,13
9501,9
9501,5
9502,9
9502,5
9503,3
9503,161
9504,2
9504,1
9505,9
9505,5
9506,9
9506,5
9507,3
9507,5
9508,11
9508,3
9508,5
9509,9
9509,5
9509,13
9510,40
9510,9
9510,29
9510,1
9510,5
9510,13
9511,2
9511,29
9512,3
9512,9
9512,5
9513,2
9513,3
9513,9
9513,5
9514,3
9514,161
9515,3
9515,161
9516,9
9516,1
9516,5
9517,2
9517,29
9518,9
9518,5
9519,3
9519,9
9519,5
9520,3
9520,5
9521,3
9521,11
9522,9
9522,5
9522,13
9523,3
9523,5
9524,9
9524,5
9524,13
9525,2
9525,29
9526,3
9526,13
9527,9
9527,1
9527,83
9527,5
9527,6
9528,9
9528,1
9528,83
9528,5
9528,6
9529,40
9529,9
9529,29
9529,1
9529,2
9529,4
9529,56
9529,13
9529,6
9530,3
9530,9
9530,5
9531,9
9531,5
9532,29
9532,1
9532,5
9533,9
9533,5
9534,9
9534,5
9535,9
9535,5
9536,9
9536,5
9537,9
9537,5
9538,9
9538,5
9539,9
9539,5
9540,29
9540,1
9540,5
9541,9
9541,5
9542,1
9542,2
9542,3
9542,4
9542,5
9542,6
9543,9
9543,5
9544,9
9544,5
9545,9
9545,5
9546,9
9546,5
9547,9
9547,5
9548,9
9548,5
9549,9
9549,5
9550,9
9550,5
9551,9
9551,5
9552,9
9552,5
9553,9
9553,5
9554,11
9554,3
9554,5
9555,11
9555,3
9555,5
9556,11
9556,3
9556,5
9557,11
9557,3
9557,5
9558,4
9558,1
9558,6
9559,9
9559,1
9559,5
9559,13
9560,11
9560,3
9560,5
9561,9
9561,1
9562,11
9562,3
9562,5
9563,11
9563,3
9563,5
9564,11
9564,3
9564,5
9565,4
9565,1
9565,6
9566,11
9566,3
9566,5
9567,11
9567,3
9567,5
9568,29
9568,9
9569,11
9569,3
9569,5
9570,29
9570,9
9571,4
9571,1
9571,6
9572,11
9572,3
9572,5
9573,4
9573,1
9573,6
9574,4
9574,1
9574,6
9575,4
9575,1
9575,6
9576,4
9576,1
9576,6
9577,11
9577,3
9577,5
9578,4
9578,1
9578,6
9579,11
9579,3
9579,5
9580,11
9580,3
9580,5
9581,4
9581,1
9581,6
9582,3
9582,5
9583,9
9583,5
9584,4
9584,1
9584,6
9585,9
9585,1
9586,29
9586,9
9587,29
9587,9
9588,29
9588,9
9589,9
9589,5
9590,29
9590,9
9591,29
9591,9
9592,2
9592,1
9593,3
9593,5
9594,1
9594,5
9595,9
9595,5
9596,9
9596,1
9597,3
9597,1
9597,5
9598,2
9598,1
9599,5
9599,3
9599,9
9599,1
9600,40
9600,9
9600,29
9600,1
9600,17
9600,6
9601,9
9601,5
9602,9
9602,5
9603,9
9603,5
9604,9
9604,5
9605,9
9605,5
9606,9
9606,5
9607,9
9607,5
9608,9
9608,5
9609,9
9609,5
9610,47
9610,29
9610,4
9610,3
9610,6
9611,9
9611,5
9612,9
9612,5
9613,29
9613,9
9613,1
9613,111
9614,29
9614,9
9614,1
9614,111
9615,3
9615,5
9616,3
9616,5
9617,9
9617,5
9618,9
9618,5
9619,29
9619,9
9619,1
9619,111
9620,9
9620,5
9621,29
9621,9
9621,1
9622,11
9622,5
9623,29
9623,9
9623,1
9624,29
9624,9
9624,1
9625,9
9625,5
9626,9
9626,5
9627,9
9627,5
9628,9
9628,5
9629,29
9629,9
9629,1
9630,29
9630,9
9630,1
9630,111
9631,29
9631,9
9631,1
9632,9
9632,5
9633,9
9633,5
9634,9
9634,5
9635,9
9635,5
9636,2
9636,3
9637,2
9637,3
9638,40
9638,9
9638,29
9638,1
9638,17
9638,6
9639,3
9639,161
9640,29
9640,9
9640,1
9641,29
9641,9
9641,1
9642,9
9642,5
9643,3
9643,5
9644,29
9644,5
9645,2
9645,1
9646,9
9646,5
9647,29
9647,9
9647,1
9648,9
9648,5
9649,3
9649,5
9650,9
9650,5
9651,2
9651,1
9652,9
9652,5
9653,2
9653,1
9654,47
9654,29
9654,4
9654,3
9654,6
9655,29
9655,9
9655,1
9656,40
9656,9
9656,29
9656,1
9656,17
9656,6
9657,29
9657,9
9657,1
9658,166
9658,19
9659,29
9659,9
9659,1
9659,111
9660,2
9660,3
9661,3
9662,40
9662,9
9662,29
9662,1
9662,17
9662,6
9663,3
9664,40
9664,9
9664,29
9664,1
9664,17
9664,6
9665,40
9665,9
9665,29
9665,1
9665,17
9665,6
9666,9
9666,5
9667,9
9667,5
9668,9
9668,5
9669,166
9669,19
9670,9
9670,5
9671,3
9671,5
9672,9
9672,5
9673,9
9673,5
9674,9
9674,5
9675,29
9675,9
9675,1
9676,2
9676,3
9677,2
9677,3
9678,3
9678,161
9679,4
9679,11
9679,1
9680,9
9680,5
9681,9
9681,5
9682,9
9682,5
9683,9
9683,5
9684,9
9684,5
9685,9
9685,5
9686,4
9686,11
9686,1
9687,29
9687,9
9687,1
9688,9
9688,83
9688,2
9688,3
9688,17
9689,29
9689,9
9689,1
9690,29
9690,9
9690,1
9691,29
9691,9
9691,1
9692,4
9692,11
9692,1
9693,9
9693,5
9694,4
9694,11
9694,1
9695,3
9695,9
9695,1
9695,5
9696,29
9696,1
9696,5
9697,3
9697,5
9698,11
9698,3
9698,5
9699,9
9699,83
9699,3
9699,111
9699,13
9699,6
9700,5
9700,9
9700,1
9701,1
9701,4
9701,74
9701,75
9701,17
9702,11
9702,5
9703,29
9703,9
9703,1
9704,3
9704,5
9705,11
9705,3
9705,5
9706,3
9706,5
9707,3
9707,9
9707,1
9707,5
9708,3
9709,3
9709,5
9710,4
9710,40
9710,1
9710,75
9711,2
9711,1
9712,3
9712,1
9713,9
9713,5
9714,3
9714,5
9715,29
9715,9
9715,1
9716,3
9717,3
9718,29
9718,9
9718,1
9719,9
9720,1
9720,4
9720,74
9720,75
9720,17
9721,9
9722,3
9722,19
9723,9
9723,5
9724,29
9724,9
9725,4
9725,11
9725,1
9726,1
9726,5
9727,9
9728,2
9728,1
9729,3
9729,5
9730,166
9730,19
9731,11
9731,3
9731,5
9732,166
9732,19
9733,9
9733,1
9733,4
9733,56
9733,6
9734,166
9734,19
9735,2
9735,9
9735,1
9735,5
9736,1
9736,5
9737,1
9737,5
9738,11
9738,3
9738,5
9739,2
9739,3
9740,9
9740,5
9741,1
9741,2
9741,3
9741,4
9741,5
9741,6
9742,1
9742,5
9743,3
9744,3
9744,5
9745,3
9746,317
9746,2
9746,5
9746,4
9747,1
9747,5
9748,3
9748,161
9748,5
9748,83
9749,3
9749,9
9749,13
9750,4
9750,11
9750,1
9751,29
9751,1
9752,9
9752,83
9752,2
9752,3
9752,17
9753,29
9753,9
9753,1
9754,1
9754,5
9755,29
9755,9
9755,1
9756,1
9756,4
9756,74
9756,75
9756,17
9757,3
9757,161
9757,17
9758,3
9758,5
9759,29
9759,1
9760,3
9760,5
9761,3
9762,3
9763,3
9763,9
9763,1
9763,5
9764,3
9764,161
9764,17
9765,9
9765,5
9766,3
9766,5
9767,3
9767,5
9768,3
9768,5
9769,3
9769,5
9770,9
9770,5
9771,2
9771,1
9772,9
9772,1
9772,5
9773,4
9773,1
9773,6
9774,5
9774,9
9774,1
9775,29
9775,1
9775,5
9776,9
9776,5
9777,9
9777,1
9777,5
9778,9
9778,1
9778,5
9779,317
9779,2
9779,5
9779,4
9780,2
9780,1
9781,9
9781,5
9782,3
9782,5
9783,2
9783,29
9784,4
9784,1
9784,6
9785,9
9785,5
9786,4
9786,1
9786,6
9787,4
9787,3
9787,1
9787,5
9788,4
9788,3
9788,1
9788,5
9789,11
9789,5
9790,4
9790,1
9790,6
9791,11
9791,5
9792,4
9792,1
9792,6
9793,2
9793,1
9794,47
9794,83
9794,2
9794,13
9794,17
9794,6
9795,4
9795,1
9795,6
9796,3
9796,5
9797,4
9797,1
9797,6
9798,2
9798,29
9799,3
9799,5
9800,9
9800,1
9800,5
9801,3
9801,13
9802,11
9802,3
9802,5
9803,3
9803,5
9804,2
9804,29
9805,9
9805,1
9806,4
9806,9
9806,1
9806,5
9807,40
9807,9
9807,29
9807,1
9807,2
9807,4
9807,56
9807,13
9807,6
9808,3
9808,5
9809,3
9809,5
9810,4
9810,1
9810,6
9811,4
9811,1
9811,6
9812,4
9812,1
9812,6
9813,4
9813,1
9813,6
9814,9
9814,1
9815,3
9815,9
9815,5
9815,13
9816,29
9816,1
9817,9
9817,5
9818,9
9818,5
9819,4
9819,11
9819,1
9820,3
9820,5
9821,9
9821,5
9822,9
9822,5
9823,3
9823,5
9824,4
9824,11
9824,1
9825,9
9825,5
9826,9
9826,5
9827,9
9827,1
9828,40
9828,1
9828,5
9829,9
9829,5
9830,9
9830,5
9831,3
9832,9
9832,5
9833,3
9834,9
9834,5
9835,9
9835,5
9836,3
9836,1
9836,5
9837,2
9837,1
9838,9
9838,1
9839,3
9839,5
9840,9
9840,1
9840,13
9840,83
9841,11
9841,3
9841,5
9842,11
9842,3
9842,5
9843,1
9843,5
9844,1
9844,5
9845,9
9845,83
9845,3
9845,111
9845,13
9845,6
9846,3
9846,161
9847,9
9847,5
9848,3
9848,9
9848,5
9849,9
9849,5
9850,9
9850,1
9851,3
9851,5
9852,9
9852,5
9853,9
9853,5
9854,3
9854,5
9855,29
9855,1
9855,5
9856,29
9856,1
9856,5
9856,13
9856,17
9857,3
9857,161
9858,29
9858,1
9858,5
9859,3
9860,9
9860,5
9861,3
9861,9
9861,5
9862,9
9862,5
9863,2
9863,3
9863,1
9863,5
9864,2
9864,3
9864,1
9864,5
9865,40
9865,1
9865,5
9866,2
9866,3
9866,1
9866,5
9867,3
9867,1
9867,5
9868,3
9868,1
9868,5
9869,9
9869,1
9870,3
9870,1
9870,5
9871,9
9871,5
9872,9
9872,5
9873,3
9873,9
9873,5
9874,9
9874,5
9875,3
9875,9
9875,5
9876,3
9876,5
9877,9
9877,83
9877,3
9877,111
9877,13
9877,6
9878,1
9878,5
9879,3
9879,5
9880,9
9880,5
9881,3
9881,1
9881,5
9882,2
9882,1
9883,29
9883,1
9883,5
9884,2
9884,1
9885,9
9885,5
9886,1
9886,4
9886,74
9886,75
9886,17
9887,1
9887,4
9887,74
9887,75
9887,17
9888,29
9888,1
9888,5
9889,3
9889,5
9890,2
9890,1
9891,3
9891,5
9892,29
9892,9
9893,2
9893,1
9894,3
9894,9
9894,5
9895,2
9895,1
9896,2
9896,1
9897,9
9897,5
9898,3
9898,5
9899,3
9900,9
9900,5
9901,9
9901,5
9902,3
9902,13
9902,6
9903,9
9903,1
9903,5
9904,2
9904,1
9905,2
9905,29
9906,1
9906,4
9906,74
9906,75
9906,17
9907,1
9907,4
9907,74
9907,75
9907,17
9908,3
9908,5
9909,2
9909,29
9910,29
9910,1
9910,5
9910,13
9910,17
9911,9
9911,5
9912,2
9912,1
9913,47
9913,29
9913,4
9913,3
9913,6
9914,29
9914,1
9914,5
9915,9
9915,5
9916,3
9916,1
9916,5
9917,29
9917,9
9917,1
9918,3
9918,1
9918,5
9919,3
9919,1
9919,5
9920,3
9920,5
9921,3
9921,1
9921,5
9922,317
9922,2
9922,5
9922,4
9923,3
9923,1
9923,5
9924,3
9924,1
9924,5
9925,9
9925,1
9926,9
9927,3
9927,5
9928,9
9928,5
9929,9
9930,9
9931,3
9931,5
9932,9
9933,9
9933,5
9934,1
9934,2
9934,3
9934,4
9934,5
9934,6
9935,3
9935,5
9936,9
9937,29
9937,6
9937,17
9937,83
9938,2
9938,1
9939,3
9940,3
9940,5
9941,29
9941,1
9942,9
9942,5
9943,9
9943,5
9944,3
9944,13
9945,3
9945,5
9946,11
9946,5
9947,29
9947,9
9947,1
9948,9
9948,5
9949,9
9949,5
9950,3
9951,47
9951,29
9951,4
9951,3
9951,6
9952,9
9952,5
9953,1
9953,2
9953,3
9953,4
9953,5
9953,6
9954,1
9954,2
9954,3
9954,4
9954,5
9954,6
9955,3
9955,19
9956,1
9956,2
9956,3
9956,4
9956,5
9956,6
9957,3
9957,5
9958,3
9958,5
9958,13
9958,6
9959,9
9959,5
9960,9
9960,1
9960,4
9960,56
9960,6
9961,9
9961,1
9961,4
9961,56
9961,6
9962,9
9962,5
9963,3
9964,3
9964,5
9965,3
9965,9
9965,5
9966,9
9966,5
9967,9
9967,5
9968,29
9968,1
9969,1
9969,5
9970,3
9970,161
9970,17
9971,3
9972,29
9972,1
9973,3
9973,161
9974,3
9974,5
9975,3
9975,5
9976,2
9976,1
9977,2
9977,29
9978,9
9978,1
9978,5
9979,9
9980,4
9980,40
9980,1
9980,75
9981,3
9981,161
9982,2
9982,29
9983,3
9983,5
9983,13
9984,3
9984,161
9985,2
9985,1
9986,3
9987,3
9987,5
9988,1
9989,3
9989,5
9990,3
9990,5
9991,3
9992,3
9993,2
9993,1
9994,3
9995,29
9995,1
9996,29
9996,1
9997,3
9997,5
9998,29
9998,1
9999,3
9999,13
10000,3
10000,5
10001,9
10002,19
10003,3
10003,5
10004,19
10005,9
10006,3
10006,5
10007,9
10008,9
10008,5
10009,1
10009,5
10010,9
10010,1
10010,4
10010,56
10010,6
10011,2
10011,1
10012,9
10012,1
10013,9
10014,9
10015,9
10015,1
10016,2
10016,29
10017,1
10017,4
10017,2
10017,56
10017,5
10017,17
10017,6
10018,3
10018,1
10018,5
10019,11
10019,5
10020,11
10020,5
10021,3
10021,1
10021,5
10022,2
10022,1
10023,3
10023,1
10023,5
10024,11
10024,3
10024,5
10025,1
10025,5
10026,3
10026,1
10026,5
10027,9
10028,3
10028,1
10028,5
10029,9
10030,3
10030,5
10031,29
10031,1
10032,29
10032,1
10033,29
10033,9
10033,1
10034,166
10034,19
10035,3
10035,5
10036,3
10036,5
10037,3
10037,5
10037,13
10038,3
10039,9
10039,5
10040,4
10040,9
10040,1
10040,5
10041,9
10041,1
10041,5
10042,3
10042,5
10043,11
10043,9
10043,1
10043,3
10043,5
10043,17
10043,6
10044,166
10044,19
10045,3
10046,1
10046,17
10047,1
10047,5
10048,9
10049,29
10049,9
10049,1
10050,9
10050,1
10051,2
10051,1
10052,3
10052,5
10053,2
10053,1
10054,3
10054,13
10055,3
10055,9
10055,5
10055,13
10056,3
10056,9
10056,5
10056,13
10057,2
10057,1
10058,2
10058,1
10059,4
10059,9
10059,1
10059,5
10060,3
10060,161
10061,2
10061,29
10062,5
10062,1
10062,17
10062,13
10063,9
10063,1
10064,9
10064,5
10065,11
10065,5
10066,9
10066,1
10067,166
10067,19
10068,3
10068,9
10068,5
10069,9
10069,5
10070,3
10070,5
10071,9
10071,5
10072,11
10072,9
10072,1
10072,3
10072,5
10072,17
10072,6
10073,317
10073,2
10073,5
10073,4
10074,4
10074,9
10074,1
10074,5
10075,3
10076,9
10076,1
10076,4
10076,56
10076,6
10077,9
10077,1
10078,4
10078,9
10078,1
10078,5
10079,9
10079,1
10080,9
10080,5
10081,9
10081,5
10082,2
10082,29
10083,3
10083,5
10084,29
10084,13
10084,6
10085,4
10085,40
10085,1
10085,75
10086,3
10086,5
10087,3
10087,161
10088,9
10088,5
10089,9
10089,5
10090,2
10090,1
10091,29
10091,1
10091,5
10092,11
10092,3
10092,5
10093,29
10093,5
10094,29
10094,9
10094,1
10095,1
10095,17
10096,9
10096,1
10096,4
10096,56
10096,6
10097,9
10097,1
10097,4
10097,56
10097,6
10098,9
10098,1
10099,3
10099,9
10099,1
10099,5
10100,3
10100,9
10100,1
10101,1
10101,17
10102,9
10102,1
10102,4
10102,56
10102,6
10103,9
10103,1
10103,4
10103,56
10103,6
10104,9
10104,1
10104,4
10104,56
10104,6
10105,9
10105,1
10106,9
10106,1
10106,4
10106,56
10106,6
10107,9
10107,5
10108,9
10108,1
10109,9
10109,1
10109,4
10109,56
10109,6
10110,9
10110,1
10110,6
10111,3
10111,1
10111,5
10112,9
10112,1
10113,9
10113,13
10114,3
10114,1
10114,5
10115,9
10115,13
10116,13
10116,6
10117,2
10117,1
10118,9
10118,5
10119,29
10119,1
10120,29
10120,1
10121,29
10121,1
10122,4
10122,9
10122,1
10122,5
10123,2
10123,29
10124,29
10124,1
10125,9
10125,5
10126,3
10126,5
10127,9
10127,5
10128,40
10128,9
10128,29
10128,1
10128,2
10128,4
10128,56
10128,13
10128,6
10129,3
10130,9
10130,5
10131,4
10131,1
10131,6
10132,2
10132,1
10133,29
10133,1
10134,9
10134,83
10134,2
10134,3
10134,17
10135,3
10135,1
10135,5
10136,29
10136,1
10137,40
10137,1
10137,5
10138,29
10138,1
10139,29
10139,1
10140,29
10140,1
10141,29
10141,1
10142,29
10142,1
10143,3
10143,5
10144,2
10144,1
10145,9
10145,5
10146,9
10146,5
10147,9
10147,1
10147,4
10147,56
10147,6
10148,2
10148,1
10149,2
10149,1
10150,9
10151,9
10151,5
10152,1
10152,4
10152,74
10152,75
10152,17
10153,9
10153,1
10153,5
10154,9
10154,1
10155,166
10155,19
10156,3
10156,161
10157,9
10157,1
10157,5
10158,4
10158,1
10158,6
10159,3
10159,5
10160,3
10160,5
10161,9
10161,1
10162,47
10162,29
10162,4
10162,3
10162,6
10163,3
10163,5
10164,40
10164,9
10164,29
10164,1
10164,2
10164,4
10164,56
10164,13
10164,6
10165,9
10165,83
10165,2
10165,3
10165,17
10166,3
10167,2
10167,1
10168,3
10168,5
10169,3
10169,5
10170,9
10170,5
10171,9
10172,3
10172,5
10173,83
10173,3
10173,5
10173,74
10173,13
10174,166
10174,19
10175,2
10175,1
10176,3
10176,1
10176,5
10177,9
10177,5
10178,9
10178,5
10179,29
10179,1
10180,4
10180,1
10180,6
10181,11
10181,5
10182,9
10182,5
10183,4
10183,1
10183,6
10184,3
10185,3
10185,9
10185,5
10185,13
10186,3
10186,9
10186,5
10186,13
10187,3
10187,9
10187,5
10187,13
10188,3
10188,9
10188,5
10188,13
10189,3
10189,9
10189,5
10189,13
10190,3
10190,9
10190,5
10190,13
10191,3
10191,9
10191,5
10191,13
10192,3
10192,9
10192,5
10192,13
10193,3
10193,9
10193,5
10193,13
10194,3
10194,9
10194,5
10194,13
10195,3
10195,9
10195,5
10195,13
10196,3
10196,9
10196,5
10196,13
10197,3
10197,9
10197,5
10197,13
10198,40
10198,5
10199,29
10199,1
10200,4
10200,1
10200,6
10201,4
10201,1
10201,6
10202,9
10202,5
10203,3
10204,29
10204,9
10204,1
10205,317
10205,2
10205,5
10205,4
10206,9
10206,1
10206,4
10206,56
10206,6
10207,5
10207,3
10207,9
10207,1
10208,11
10208,3
10208,5
10209,9
10210,3
10210,161
10210,17
10211,9
10211,5
10212,3
10212,5
10213,4
10213,1
10213,6
10214,2
10214,29
10215,1
10215,4
10215,74
10215,75
10215,17
10216,9
10216,5
10217,4
10217,1
10217,6
10218,9
10218,5
10219,29
10219,1
10220,9
10220,5
10221,9
10221,5
10222,9
10223,3
10223,9
10223,5
10224,9
10225,9
10225,5
10226,4
10226,11
10226,1
10227,9
10227,5
10228,3
10228,161
10229,3
10229,161
10230,3
10230,5
10231,3
10231,161
10232,2
10232,1
10233,166
10233,19
10234,3
10234,5
10235,1
10235,4
10235,74
10235,75
10235,17
10236,9
10237,1
10237,4
10237,74
10237,75
10237,17
10238,9
10239,9
10239,5
10240,2
10240,29
10241,1
10241,3
10241,5
10241,13
10241,17
10242,29
10242,9
10243,3
10243,5
10244,3
10244,1
10244,5
10245,2
10245,1
10246,3
10246,161
10247,3
10248,3
10249,9
10250,3
10250,5
10251,3
10251,5
10252,2
10252,29
10253,3
10253,5
10254,29
10254,1
10255,2
10255,1
10256,9
10257,2
10257,29
10258,1
10258,4
10258,74
10258,75
10258,17
10259,3
10259,13
10260,9
10260,5
10261,2
10261,1
10262,4
10262,1
10262,6
10263,9
10263,5
10264,9
10264,5
10265,3
10266,3
10266,5
10267,1
10267,4
10267,74
10267,75
10267,17
10268,5
10268,1
10268,17
10268,13
10269,9
10270,3
10270,5
10271,9
10271,5
10272,3
10273,3
10273,5
10274,5
10274,3
10274,9
10274,1
10275,9
10275,5
10276,3
10276,1
10276,5
10277,1
10277,2
10277,3
10277,4
10277,5
10277,6
10278,29
10278,9
10278,1
10278,111
10279,3
10279,161
10279,5
10279,83
10280,11
10280,5
10281,29
10281,9
10281,1
10281,111
10282,3
10283,3
10283,13
10283,6
10284,9
10284,5
10285,3
10285,5
10286,3
10286,5
10287,3
10288,3
10288,1
10288,5
10289,9
10289,5
10290,9
10290,5
10291,3
10291,5
10292,29
10292,9
10292,1
10293,2
10293,1
10294,9
10294,5
10295,9
10295,5
10296,3
10296,9
10296,1
10296,5
10297,9
10297,5
10298,9
10298,5
10299,9
10300,5
10300,3
10300,9
10300,1
10301,4
10301,9
10301,1
10301,5
10302,9
10303,1
10303,5
10304,2
10304,1
10305,2
10305,1
10306,29
10306,5
10307,5
10307,9
10307,1
10308,2
10308,29
10309,5
10309,9
10309,1
10310,9
10310,5
10311,9
10312,3
10312,5
10313,2
10313,29
10314,3
10314,1
10315,1
10315,5
10316,1
10316,5
10317,3
10317,1
10318,1
10318,5
10319,2
10319,1
10320,13
10320,6
10321,13
10321,6
10322,4
10322,9
10322,1
10322,5
10323,3
10323,5
10324,9
10325,9
10325,1
10325,13
10325,83
10326,9
10327,2
10327,1
10328,2
10328,29
10329,4
10329,9
10329,1
10329,5
10330,29
10330,1
10331,29
10331,9
10331,1
10332,9
10332,1
10332,13
10332,83
10333,9
10333,5
10334,1
10334,4
10334,74
10334,75
10334,17
10335,9
10335,1
10335,5
10335,13
10336,2
10336,3
10336,9
10336,5
10337,3
10337,5
10338,29
10338,6
10338,17
10338,83
10339,9
10339,5
10340,4
10340,1
10340,6
10341,3
10341,1
10341,5
10342,29
10342,9
10342,1
10343,9
10343,5
10344,29
10344,9
10344,1
10345,4
10345,9
10345,1
10345,5
10346,3
10346,5
10347,3
10347,161
10347,17
10348,4
10348,1
10348,6
10349,3
10349,5
10350,29
10350,5
10351,9
10351,5
10352,29
10352,5
10353,1
10353,17
10354,1
10354,17
10355,1
10355,17
10356,1
10356,17
10357,166
10357,19
10358,9
10358,1
10358,13
10358,83
10359,9
10360,9
10360,5
10361,2
10361,29
10362,3
10362,5
10362,6
10363,29
10363,1
10364,9
10364,5
10365,9
10365,5
10366,9
10366,5
10367,9
10367,5
10368,9
10368,5
10369,9
10369,5
10370,9
10370,5
10371,9
10371,5
10372,9
10372,5
10373,29
10373,1
10374,9
10374,83
10374,3
10374,111
10374,13
10374,6
10375,9
10375,1
10376,29
10376,1
10377,3
10378,9
10378,5
10379,9
10379,5
10380,9
10380,5
10381,4
10381,11
10381,1
10382,9
10382,5
10383,47
10383,29
10383,2
10383,5
10383,17
10384,47
10384,29
10384,2
10384,5
10384,17
10385,9
10385,1
10386,9
10386,5
10387,3
10387,161
10388,11
10388,3
10388,5
10389,5
10389,9
10389,1
10390,2
10390,11
10390,5
10391,9
10391,29
10391,1
10391,56
10391,111
10391,17
10392,3
10392,161
10393,29
10393,9
10393,1
10393,111
10394,9
10394,29
10394,1
10394,56
10394,111
10394,17
10395,3
10395,11
10396,3
10396,11
10397,3
10397,11
10398,3
10398,11
10399,3
10399,9
10399,5
10400,3
10400,11
10401,29
10401,9
10401,1
10402,3
10403,166
10403,19
10404,5
10404,3
10404,9
10404,1
10405,166
10405,19
10406,47
10406,29
10406,2
10406,5
10406,17
10407,11
10407,3
10407,5
10408,2
10408,1
10408,13
10409,9
10409,1
10409,5
10409,13
10410,3
10411,3
10411,161
10412,29
10412,1
10413,11
10413,3
10413,5
10414,11
10414,3
10414,5
10415,11
10415,3
10415,5
10416,3
10416,5
10417,3
10417,9
10417,5
10417,13
10418,2
10418,9
10418,1
10418,5
10419,3
10419,5
10420,29
10420,6
10420,17
10420,83
10421,4
10421,3
10421,1
10421,5
10422,3
10422,1
10423,29
10423,9
10423,1
10424,9
10424,13
10425,40
10425,9
10425,29
10425,1
10425,17
10425,6
10426,4
10426,1
10426,6
10427,3
10427,5
10428,4
10428,40
10428,1
10428,75
10429,3
10429,11
10430,3
10431,9
10432,4
10432,5
10433,29
10433,9
10433,1
10434,11
10434,3
10434,5
10435,2
10435,29
10436,29
10436,9
10436,1
10437,9
10437,1
10438,9
10438,1
10439,3
10439,9
10439,1
10440,9
10440,5
10441,3
10441,5
10442,4
10442,40
10442,1
10442,75
10443,2
10443,29
10444,3
10444,1
10444,5
10445,3
10445,5
10446,3
10447,4
10447,11
10447,1
10448,9
10448,5
10449,9
10449,5
10450,29
10450,1
10451,3
10451,161
10452,1
10452,4
10452,74
10452,75
10452,17
10453,3
10453,5
10454,3
10454,9
10454,5
10455,9
10455,5
10456,29
10456,4
10457,4
10457,9
10457,1
10457,5
10458,2
10458,3
10458,1
10458,5
10459,9
10460,2
10460,1
10461,3
10461,9
10461,5
10462,40
10462,9
10462,29
10462,1
10462,2
10462,4
10462,56
10462,13
10462,6
10463,9
10463,5
10464,11
10464,3
10464,5
10465,9
10466,9
10466,5
10467,4
10467,5
10468,2
10468,29
10469,9
10469,5
10470,9
10470,5
10471,29
10471,1
10472,9
10472,5
10473,2
10473,1
10474,9
10474,5
10475,9
10476,3
10476,5
10477,2
10477,29
10478,3
10478,5
10479,3
10479,5
10480,3
10480,1
10481,17
10481,12
10481,9
10481,5
10482,2
10482,29
10483,9
10483,5
10484,4
10484,11
10484,1
10485,9
10485,5
10486,9
10486,5
10487,2
10487,29
10488,3
10488,5
10489,9
10489,5
10490,3
10490,1
10490,5
10491,3
10491,9
10491,5
10492,29
10492,9
10493,1
10493,5
10494,9
10494,5
10495,29
10495,9
10495,1
10496,40
10496,9
10496,29
10496,1
10496,2
10496,4
10496,56
10496,13
10496,6
10497,9
10497,5
10498,2
10498,1
10499,3
10499,9
10499,5
10499,13
10500,3
10500,5
10501,3
10501,5
10502,3
10502,9
10502,5
10502,13
10503,3
10503,9
10503,5
10503,13
10504,3
10504,9
10504,5
10504,13
10505,3
10505,9
10505,5
10505,13
10506,3
10506,9
10506,5
10506,13
10507,3
10507,9
10507,5
10507,13
10508,9
10508,1
10509,3
10509,9
10509,5
10509,13
10510,3
10510,9
10510,5
10510,13
10511,3
10511,9
10511,5
10511,13
10512,3
10512,9
10512,5
10512,13
10513,3
10513,9
10513,5
10513,13
10514,3
10514,9
10514,5
10514,13
10515,3
10515,9
10515,5
10515,13
10516,3
10516,9
10516,5
10516,13
10517,3
10517,9
10517,5
10517,13
10518,3
10518,9
10518,5
10518,13
10519,40
10519,5
10520,3
10520,9
10520,5
10520,13
10521,3
10521,9
10521,5
10521,13
10522,166
10522,19
10523,4
10523,1
10523,6
10524,29
10524,9
10524,1
10525,4
10525,1
10525,6
10526,4
10526,1
10526,6
10527,4
10527,1
10527,6
10528,9
10528,5
10529,3
10530,4
10530,1
10530,6
10531,4
10531,1
10531,6
10532,11
10532,3
10532,5
10533,3
10534,4
10534,1
10534,6
10535,3
10535,1
10535,5
10536,29
10536,1
10537,29
10537,9
10538,29
10538,1
10538,5
10538,13
10538,17
10539,9
10539,83
10539,2
10539,3
10539,17
10540,3
10540,19
10541,9
10541,5
10542,9
10542,5
10543,4
10543,9
10543,1
10543,5
10544,3
10544,9
10544,1
10545,3
10545,5
10546,9
10547,9
10547,1
10547,5
10548,9
10549,2
10549,29
10550,9
10551,9
10551,5
10552,3
10552,1
10553,3
10553,5
10554,3
10554,5
10555,9
10555,5
10556,3
10556,9
10556,5
10557,9
10557,1
10558,3
10558,13
10558,6
10559,4
10559,9
10559,1
10559,5
10560,4
10560,9
10560,1
10560,5
10561,4
10561,9
10561,1
10561,5
10562,9
10563,2
10563,1
10564,4
10564,9
10564,1
10564,5
10565,5
10565,1
10565,17
10565,13
10566,3
10566,161
10567,4
10567,9
10567,1
10567,5
10568,2
10568,1
10569,2
10569,29
10570,3
10570,9
10570,5
10571,3
10572,9
10573,2
10573,29
10574,9
10574,1
10574,3
10574,5
10574,13
10574,17
10575,40
10575,9
10575,29
10575,1
10575,17
10575,6
10576,29
10576,1
10577,9
10577,83
10577,2
10577,3
10577,17
10578,2
10578,1
10579,29
10579,9
10579,1
10580,4
10580,11
10580,1
10581,2
10581,3
10581,9
10581,5
10582,4
10582,5
10583,11
10583,9
10583,12
10583,1
10583,2
10583,5
10583,13
10584,9
10584,5
10585,3
10585,5
10586,9
10586,5
10587,3
10587,9
10587,5
10587,13
10588,3
10588,9
10588,5
10589,29
10589,9
10589,1
10590,11
10590,3
10590,5
10591,4
10591,3
10591,1
10591,5
10592,2
10592,1
10593,4
10593,3
10593,1
10593,5
10594,9
10594,5
10595,29
10595,9
10595,1
10596,9
10596,5
10597,9
10597,5
10598,29
10598,9
10598,1
10599,3
10599,11
10600,5
10600,3
10600,9
10600,1
10601,29
10601,1
10602,29
10602,6
10602,17
10602,83
10603,4
10603,9
10603,1
10603,5
10604,3
10604,13
10604,6
10605,3
10605,5
10606,40
10606,9
10606,29
10606,1
10606,2
10606,4
10606,56
10606,13
10606,6
10607,3
10607,5
10608,1
10608,5
10609,3
10609,161
10610,9
10610,5
10610,13
10611,9
10611,1
10611,4
10611,56
10611,6
10612,9
10612,5
10612,13
10613,3
10613,5
10614,2
10614,29
10615,9
10615,83
10615,2
10615,3
10615,17
10616,4
10616,1
10616,6
10617,9
10617,83
10617,2
10617,3
10617,17
10618,3
10618,9
10618,5
10619,9
10619,5
10620,3
10620,5
10621,2
10622,9
10622,1
10623,2
10623,3
10623,9
10623,5
10624,3
10624,5
10625,3
10625,1
10625,5
10626,3
10626,1
10626,5
10627,9
10627,1
10628,29
10628,9
10628,1
10629,3
10629,5
10630,317
10630,2
10630,5
10630,4
10631,9
10631,1
10632,317
10632,2
10632,5
10632,4
10633,13
10634,13
10635,13
10636,13
10637,13
10638,13
10639,13
10640,29
10640,1
10640,5
10641,2
10641,29
10642,2
10642,29
10643,2
10643,29
10644,9
10644,5
10645,5
10645,9
10645,1
10646,2
10646,29
10647,2
10647,29
10648,9
10648,1
10648,5
10649,2
10649,29
10650,3
10650,161
10651,29
10651,1
10652,29
10652,9
10652,1
10653,29
10653,1
10654,29
10654,1
10655,29
10655,1
10656,29
10656,1
10657,29
10657,1
10658,29
10658,1
10659,29
10659,1
10660,166
10660,19
10661,29
10661,9
10661,1
10662,2
10662,3
10662,1
10662,5
10663,9
10663,1
10663,5
10664,3
10664,1
10664,5
10665,2
10665,29
10666,3
10666,5
10667,1
10667,4
10667,74
10667,75
10667,17
10668,1
10668,2
10668,3
10668,4
10668,5
10668,6
10669,40
10669,9
10669,29
10669,1
10669,5
10669,13
10670,4
10670,1
10670,6
10671,3
10671,13
10672,29
10672,9
10672,1
10673,9
10674,3
10674,5
10675,2
10675,1
10676,4
10676,1
10676,6
10677,9
10677,5
10678,3
10678,161
10678,17
10679,9
10679,1
10680,1
10680,5
10681,29
10681,9
10681,1
10681,111
10682,3
10682,5
10683,29
10683,9
10683,1
10683,111
10684,29
10684,9
10684,1
10684,111
10685,4
10685,11
10685,1
10686,4
10686,11
10686,1
10687,9
10687,5
10688,29
10688,9
10688,1
10688,111
10689,11
10689,5
10690,9
10690,1
10691,29
10691,1
10691,5
10692,29
10692,9
10692,1
10692,111
10693,2
10693,1
10694,2
10694,29
10695,3
10695,5
10696,5
10696,1
10696,17
10696,13
10697,29
10697,9
10697,1
10697,111
10698,9
10698,5
10699,3
10699,161
10700,3
10700,161
10701,3
10701,161
10702,3
10702,161
10703,3
10703,161
10704,9
10704,83
10704,3
10704,111
10704,13
10704,6
10705,317
10705,2
10705,5
10705,4
10706,9
10706,1
10706,5
10707,9
10707,5
10708,9
10708,5
10709,9
10709,5
10710,29
10710,9
10710,1
10711,29
10711,9
10711,1
10712,29
10712,9
10712,1
10713,3
10713,5
10714,9
10714,1
10715,29
10715,9
10715,1
10716,3
10716,1
10716,5
10717,9
10717,316
10717,1
10717,4
10717,3
10717,5
10717,17
10717,6
10718,3
10718,1
10718,5
10719,4
10719,11
10719,1
10720,29
10720,6
10720,17
10720,83
10721,29
10721,1
10722,3
10722,1
10722,5
10723,29
10723,1
10724,3
10724,13
10725,5
10725,3
10725,9
10725,1
10726,2
10726,9
10726,5
10727,3
10727,1
10727,5
10728,29
10728,9
10728,1
10729,29
10729,1
10730,3
10730,5
10731,40
10731,9
10731,29
10731,1
10731,5
10731,13
10732,4
10732,3
10732,1
10732,5
10733,3
10733,9
10733,1
10733,5
10734,29
10734,9
10734,1
10734,5
10735,9
10735,1
10736,1
10736,5
10737,1
10737,5
10738,9
10738,1
10739,1
10739,5
10740,1
10740,5
10741,9
10741,5
10742,3
10742,5
10743,3
10743,5
10744,3
10745,3
10745,5
10746,1
10746,5
10747,3
10747,5
10748,9
10748,1
10749,29
10749,1
10750,3
10751,2
10751,1
10752,9
10752,1
10752,5
10752,13
10753,3
10753,5
10754,1
10754,4
10754,74
10754,75
10754,17
10755,2
10755,29
10756,3
10756,5
10757,2
10757,1
10758,4
10758,1
10758,6
10759,3
10759,5
10760,9
10761,2
10761,29
10762,4
10762,1
10762,6
10763,3
10764,3
10765,1
10765,5
10766,9
10766,1
10766,83
10766,5
10766,13
10766,17
10767,3
10767,1
10768,9
10769,29
10769,6
10769,17
10769,83
10770,11
10770,9
10770,12
10770,1
10770,2
10770,5
10770,13
10771,29
10771,9
10771,1
10772,29
10772,1
10773,3
10773,5
10774,9
10774,5
10775,3
10775,5
10776,3
10776,5
10777,4
10777,1
10777,6
10778,3
10778,161
10778,17
10779,9
10779,5
10780,9
10780,5
10781,9
10781,5
10782,9
10782,5
10782,13
10783,1
10783,5
10784,2
10784,9
10784,1
10784,5
10785,9
10785,5
10786,3
10786,5
10787,9
10787,1
10787,83
10787,5
10787,6
10788,2
10788,1
10789,1
10789,5
10790,1
10790,5
10791,11
10791,9
10791,12
10791,1
10791,2
10791,5
10791,13
10792,4
10792,3
10792,1
10792,5
10793,9
10793,83
10793,2
10793,3
10793,17
10794,3
10794,5
10795,29
10795,1
10796,4
10796,1
10796,6
10797,4
10797,1
10797,6
10798,3
10798,1
10798,5
10799,3
10799,1
10799,5
10800,9
10800,5
10801,1
10801,5
10802,3
10802,5
10803,29
10803,9
10803,1
10804,2
10804,9
10804,1
10804,5
10805,1
10806,2
10806,1
10807,29
10807,9
10807,1
10808,166
10808,19
10809,9
10809,5
10810,2
10810,9
10810,1
10810,5
10811,3
10811,5
10812,29
10812,9
10812,1
10813,3
10814,11
10814,5
10815,3
10815,1
10815,5
10816,3
10817,3
10817,9
10817,1
10817,5
10818,3
10819,29
10819,1
10820,9
10820,1
10820,4
10820,56
10820,6
10821,3
10821,5
10822,3
10822,13
10822,6
10823,3
10823,5
10824,3
10824,5
10825,9
10825,5
10826,3
10826,13
10827,29
10827,1
10828,4
10828,3
10828,1
10828,5
10829,3
10829,5
10830,3
10830,5
10831,3
10831,13
10832,1
10832,5
10833,5
10833,9
10833,1
10834,9
10834,1
10834,4
10834,56
10834,6
10835,2
10835,29
10836,2
10836,29
10837,40
10837,9
10837,29
10837,1
10837,2
10837,4
10837,56
10837,13
10837,6
10838,40
10838,9
10838,29
10838,1
10838,2
10838,4
10838,56
10838,13
10838,6
10839,2
10839,29
10840,3
10840,9
10840,5
10840,13
10841,3
10841,9
10841,5
10841,13
10842,40
10842,9
10842,29
10842,1
10842,2
10842,4
10842,56
10842,13
10842,6
10843,3
10843,9
10843,5
10843,13
10844,3
10844,9
10844,5
10844,13
10845,1
10845,5
10846,3
10846,9
10846,5
10846,13
10847,3
10847,9
10847,5
10847,13
10848,3
10848,9
10848,5
10848,13
10849,3
10849,9
10849,5
10849,13
10850,3
10850,9
10850,5
10850,13
10851,3
10851,9
10851,5
10851,13
10852,3
10852,9
10852,5
10852,13
10853,3
10853,9
10853,5
10853,13
10854,3
10854,9
10854,5
10854,13
10855,3
10855,9
10855,5
10855,13
10856,3
10856,9
10856,5
10856,13
10857,3
10857,9
10857,5
10857,13
10858,9
10858,1
10858,5
10859,9
10859,5
10860,9
10860,1
10861,3
10861,5
10862,9
10862,5
10863,9
10863,5
10864,9
10864,5
10865,9
10865,5
10866,3
10866,5
10867,9
10867,5
10868,9
10868,5
10869,2
10869,9
10869,1
10869,5
10870,3
10870,5
10871,9
10871,5
10872,9
10872,5
10873,3
10873,161
10874,9
10874,5
10874,13
10875,40
10875,1
10875,5
10876,1
10876,2
10876,3
10876,4
10876,5
10876,6
10877,3
10877,5
10878,2
10878,29
10879,19
10880,1
10880,5
10881,40
10881,9
10881,29
10881,1
10881,2
10881,4
10881,56
10881,13
10881,6
10882,2
10882,1
10883,2
10884,4
10884,9
10884,1
10884,5
10885,29
10885,9
10885,1
10886,166
10886,19
10887,29
10887,1
10887,5
10888,3
10888,1
10888,5
10889,9
10889,1
10889,13
10889,83
10890,3
10890,5
10891,3
10891,5
10892,3
10892,1
10892,5
10893,9
10893,5
10894,3
10894,13
10895,2
10895,3
10895,1
10895,5
10896,9
10896,5
10897,4
10897,9
10897,1
10897,5
10898,2
10898,29
10899,9
10900,9
10900,5
10901,29
10901,1
10901,5
10902,2
10902,1
10903,3
10903,1
10903,5
10904,3
10904,5
10905,4
10905,9
10905,1
10905,5
10906,9
10906,5
10907,4
10907,9
10907,1
10907,5
10908,2
10908,29
10909,40
10909,9
10909,29
10909,1
10909,2
10909,4
10909,56
10909,13
10909,6
10910,2
10910,1
10911,1
10911,4
10911,74
10911,75
10911,17
10912,9
10912,5
10913,11
10913,5
10914,9
10914,5
10915,9
10915,5
10916,9
10916,5
10917,29
10917,1
10918,29
10918,9
10918,1
10919,3
10919,5
10920,3
10920,1
10920,5
10921,29
10921,1
10922,29
10922,1
10923,29
10923,1
10924,29
10924,1
10925,3
10925,9
10925,5
10926,29
10926,1
10927,29
10927,1
10928,4
10928,9
10928,1
10928,5
10929,3
10929,5
10930,9
10930,12
10930,1
10930,5
10930,13
10931,2
10931,1
10932,3
10932,5
10933,9
10934,9
10934,83
10934,2
10934,3
10934,17
10935,9
10935,1
10936,3
10936,1
10936,5
10937,9
10937,5
10938,3
10939,2
10939,3
10939,1
10939,5
10940,9
10940,1
10941,3
10942,9
10942,1
10943,9
10943,1
10944,2
10944,3
10944,1
10944,5
10945,9
10946,2
10946,1
10947,3
10947,161
10947,17
10948,29
10948,9
10948,1
10949,3
10949,5
10950,9
10951,1
10951,5
10952,9
10952,5
10953,3
10953,5
10954,9
10954,5
10955,3
10955,9
10955,1
10956,2
10956,1
10957,3
10957,5
10958,9
10958,83
10958,2
10958,3
10958,17
10959,3
10959,9
10959,1
10959,5
10960,3
10961,3
10961,5
10962,9
10962,5
10963,9
10963,5
10964,3
10964,1
10964,5
10965,3
10965,1
10966,9
10966,5
10967,9
10967,1
10967,5
10967,13
10968,29
10968,1
10969,9
10969,1
10969,13
10969,83
10970,3
10970,5
10971,4
10971,1
10971,6
10972,4
10972,1
10972,6
10973,9
10973,5
10974,29
10974,9
10974,1
10975,9
10975,83
10975,2
10975,3
10975,17
10976,3
10976,9
10976,5
10977,3
10977,1
10977,5
10978,9
10978,5
10979,9
10979,5
10980,166
10980,19
10981,11
10981,5
10982,3
10982,5
10983,2
10983,29
10984,3
10984,5
10984,13
10984,6
10985,3
10985,5
10986,40
10986,5
10987,2
10987,29
10988,9
10988,5
10989,9
10989,5
10990,3
10990,5
10991,9
10991,5
10992,3
10992,5
10993,3
10993,5
10994,3
10995,9
10995,1
10996,29
10996,1
10996,5
10997,4
10997,1
10997,6
10998,3
10998,5
10999,3
10999,13
11000,9
11000,5
11001,9
11002,3
11002,13
11003,9
11003,1
11004,3
11004,13
11005,9
11005,5
11006,3
11006,5
11007,29
11007,9
11007,1
11008,9
11008,5
11009,3
11009,9
11009,5
11010,2
11010,3
11010,1
11010,5
11011,3
11011,13
11012,9
11013,9
11013,5
11014,9
11015,2
11015,29
11016,3
11016,5
11017,3
11017,1
11017,5
11018,3
11018,5
11019,12
11019,3
11019,56
11019,5
11019,74
11019,17
11020,3
11020,1
11021,3
11021,5
11021,13
11021,6
11022,1
11022,5
11023,2
11023,1
11024,29
11024,1
11025,29
11025,1
11026,29
11026,1
11027,29
11027,1
11028,29
11028,1
11029,47
11029,83
11029,2
11029,13
11029,17
11029,6
11030,3
11030,5
11031,9
11031,1
11032,29
11032,1
11033,29
11033,1
11034,29
11034,1
11035,3
11035,5
11036,29
11036,1
11037,29
11037,1
11038,29
11038,1
11039,3
11040,4
11040,9
11040,1
11040,5
11041,9
11041,5
11042,2
11042,29
11043,29
11043,5
11044,9
11044,5
11045,9
11045,5
11046,3
11046,5
11047,9
11047,5
11048,29
11048,1
11048,5
11049,9
11049,5
11050,3
11050,5
11051,9
11051,5
11052,9
11052,5
11053,47
11053,29
11053,4
11053,3
11053,6
11054,29
11054,1
11054,5
11055,29
11055,1
11055,5
11056,3
11056,5
11057,29
11057,1
11057,5
11058,29
11058,9
11058,1
11058,111
11059,9
11059,5
11060,9
11060,5
11061,3
11061,5
11062,29
11062,1
11062,5
11063,9
11063,5
11064,29
11064,1
11064,5
11065,29
11065,1
11065,5
11066,9
11066,1
11067,29
11067,9
11067,1
11067,5
11068,9
11068,5
11069,9
11069,83
11069,3
11069,111
11069,13
11069,6
11070,29
11070,1
11070,5
11071,29
11071,9
11071,1
11071,111
11072,9
11072,1
11072,83
11072,2
11072,17
11073,9
11073,83
11073,2
11073,3
11073,17
11074,1
11074,5
11075,3
11075,1
11075,5
11076,9
11076,83
11076,2
11076,3
11076,17
11077,29
11077,1
11078,5
11078,17
11078,13
11079,3
11079,161
11080,29
11080,9
11081,9
11081,5
11082,3
11082,5
11083,4
11083,9
11083,1
11083,5
11084,3
11084,5
11085,3
11085,9
11085,5
11086,3
11086,9
11086,5
11087,5
11087,9
11087,1
11088,3
11088,5
11089,3
11090,40
11090,9
11090,29
11090,1
11090,2
11090,4
11090,56
11090,13
11090,6
11091,3
11091,5
11092,3
11092,5
11093,3
11093,13
11093,6
11094,2
11094,3
11094,1
11094,5
11095,1
11095,2
11095,3
11095,4
11095,5
11095,6
11096,3
11096,5
11097,29
11097,9
11097,1
11098,2
11098,1
11099,3
11099,5
11100,5
11100,9
11100,1
11101,3
11101,161
11102,2
11102,3
11102,9
11102,5
11103,29
11103,6
11103,17
11103,83
11104,9
11104,1
11104,5
11104,13
11105,3
11105,5
11106,1
11106,5
11107,9
11107,5
11108,3
11108,13
11108,6
11109,13
11109,6
11110,1
11110,5
11111,3
11111,5
11112,9
11112,29
11112,1
11112,317
11112,5
11113,2
11113,29
11114,3
11114,5
11115,2
11115,1
11116,9
11116,5
11117,3
11117,5
11118,3
11119,9
11119,1
11120,2
11120,1
11121,2
11121,29
11122,3
11122,9
11122,5
11122,13
11123,3
11123,9
11123,5
11123,13
11124,3
11124,9
11124,5
11124,13
11125,3
11125,9
11125,5
11125,13
11126,3
11126,9
11126,5
11126,13
11127,3
11127,9
11127,5
11127,13
11128,3
11128,9
11128,5
11128,13
11129,3
11129,9
11129,5
11129,13
11130,3
11130,9
11130,5
11130,13
11131,3
11131,9
11131,5
11131,13
11132,3
11132,9
11132,5
11132,13
11133,3
11133,9
11133,5
11133,13
11134,3
11134,9
11134,5
11134,13
11135,3
11135,9
11135,5
11135,13
11136,3
11136,9
11136,5
11136,13
11137,3
11137,9
11137,5
11137,13
11138,3
11138,9
11138,5
11138,13
11139,3
11139,9
11139,5
11139,13
11140,3
11140,9
11140,5
11140,13
11141,9
11141,1
11141,5
11142,11
11142,5
11143,166
11143,19
11144,3
11144,5
11145,9
11145,5
11146,9
11146,5
11147,1
11147,5
11148,3
11148,5
11149,3
11149,5
11150,2
11150,29
11151,2
11151,1
11152,3
11152,5
11153,9
11153,5
11154,2
11154,29
11155,3
11156,9
11156,1
11157,9
11157,5
11158,29
11158,9
11158,1
11159,1
11159,4
11159,74
11159,75
11159,17
11160,4
11160,40
11160,1
11160,75
11161,2
11161,29
11162,4
11162,9
11162,1
11162,5
11163,9
11163,5
11164,3
11164,9
11164,1
11164,5
11165,9
11165,83
11165,2
11165,3
11165,17
11166,29
11166,1
11166,5
11167,29
11167,6
11167,17
11167,83
11168,1
11168,5
11169,2
11169,1
11170,3
11170,1
11170,5
11171,3
11171,5
11172,3
11172,13
11172,6
11173,3
11174,9
11174,1
11175,40
11175,9
11175,29
11175,1
11175,2
11175,4
11175,56
11175,13
11175,6
11176,3
11176,5
11177,1
11177,5
11178,4
11178,11
11178,1
11179,3
11179,5
11180,9
11180,1
11181,3
11181,1
11181,5
11182,9
11182,1
11183,29
11183,1
11184,9
11184,5
11185,9
11185,5
11186,3
11186,5
11187,9
11187,5
11188,9
11188,5
11189,9
11189,1
11190,1
11190,4
11190,2
11190,56
11190,5
11190,17
11190,6
11191,9
11191,5
11192,4
11192,11
11192,1
11193,9
11193,5
11194,3
11194,161
11195,3
11195,161
11196,3
11196,5
11197,9
11197,5
11198,2
11198,1
11198,13
11199,3
11199,5
11200,29
11200,9
11200,1
11201,29
11201,9
11201,1
11202,29
11202,9
11202,1
11203,3
11203,5
11204,3
11204,5
11205,29
11205,9
11205,1
11206,29
11206,9
11206,1
11207,9
11207,1
11208,4
11208,3
11208,1
11208,5
11209,3
11209,5
11210,29
11210,9
11210,1
11211,317
11211,2
11211,5
11211,4
11212,9
11212,1
11212,13
11212,83
11213,40
11213,1
11213,5
11214,3
11214,9
11214,5
11214,13
11215,40
11215,5
11216,2
11216,9
11216,5
11217,9
11217,83
11217,3
11217,111
11217,13
11217,6
11218,9
11218,83
11218,3
11218,111
11218,13
11218,6
11219,3
11219,9
11219,5
11219,13
11220,9
11220,1
11220,13
11221,166
11221,19
11222,5
11222,17
11222,13
11223,3
11223,5
11223,13
11224,29
11224,1
11225,4
11225,40
11225,1
11225,75
11226,2
11226,1
11227,9
11227,1
11228,9
11228,1
11228,4
11228,56
11228,6
11229,2
11229,3
11230,3
11230,5
11231,11
11231,3
11231,5
11232,11
11232,3
11232,5
11233,29
11233,5
11234,29
11234,9
11234,1
11235,9
11235,5
11236,166
11236,19
11237,9
11237,5
11238,3
11238,5
11239,3
11239,40
11239,17
11239,83
11240,29
11240,1
11240,5
11241,29
11241,9
11241,1
11242,9
11242,5
11243,3
11243,1
11243,5
11244,3
11244,13
11245,11
11245,3
11245,5
11246,3
11246,13
11246,6
11247,3
11247,9
11247,5
11247,13
11248,9
11248,5
11249,3
11249,5
11250,3
11250,5
11251,317
11251,2
11251,5
11251,4
11252,317
11252,2
11252,5
11252,4
11253,2
11253,3
11254,317
11254,2
11254,5
11254,4
11255,56
11255,5
11255,13
11256,29
11256,9
11256,1
11256,111
11257,9
11257,1
11257,13
11257,83
11258,5
11258,17
11258,13
11259,9
11260,9
11260,1
11261,5
11261,3
11261,9
11261,1
11262,9
11262,5
11263,11
11263,3
11263,5
11264,9
11264,5
11265,317
11265,2
11265,5
11265,4
11266,3
11266,9
11266,13
11267,4
11267,1
11267,6
11268,317
11268,2
11268,5
11268,4
11269,317
11269,2
11269,5
11269,4
11270,3
11270,5
11271,9
11271,1
11271,5
11272,9
11272,1
11272,5
11273,9
11273,1
11273,5
11274,9
11274,1
11274,5
11275,9
11275,1
11275,5
11276,9
11276,1
11276,5
11277,9
11277,1
11277,5
11278,3
11278,161
11278,17
11279,9
11279,1
11280,3
11281,29
11281,9
11281,1
11282,3
11282,5
11283,9
11283,5
11284,9
11284,5
11285,3
11285,1
11285,5
11286,9
11286,5
11287,11
11287,9
11287,1
11287,3
11287,5
11287,17
11287,6
11288,11
11288,9
11288,1
11288,3
11288,5
11288,17
11288,6
11289,4
11289,11
11289,1
11290,9
11290,83
11290,2
11290,3
11290,17
11291,9
11291,1
11291,83
11291,5
11291,6
11292,3
11292,5
11293,2
11293,29
11294,3
11294,5
11295,4
11295,9
11295,1
11295,5
11296,3
11296,9
11296,5
11297,4
11297,9
11297,1
11297,5
11298,9
11299,3
11300,3
11301,3
11301,19
11302,3
11302,5
11303,2
11303,29
11304,29
11304,1
11305,3
11306,3
11306,5
11307,3
11307,5
11308,3
11308,5
11309,3
11309,5
11310,9
11310,1
11310,4
11310,56
11310,6
11311,9
11311,1
11311,4
11311,56
11311,6
11312,3
11312,5
11313,3
11313,5
11314,40
11314,9
11314,29
11314,1
11314,17
11314,6
11315,40
11315,9
11315,29
11315,1
11315,17
11315,6
11316,4
11316,3
11316,1
11316,5
11317,3
11317,1
11317,5
11318,9
11318,1
11318,4
11318,56
11318,6
11319,9
11319,1
11319,4
11319,56
11319,6
11320,3
11320,5
11321,3
11321,5
11322,3
11322,5
11323,3
11323,5
11324,3
11324,9
11324,1
11324,5
11325,3
11325,9
11325,1
11325,5
11326,3
11326,5
11327,3
11327,5
11328,3
11328,9
11328,1
11328,5
11329,3
11329,5
11330,3
11330,9
11330,1
11330,5
11331,2
11331,9
11331,1
11331,5
11332,2
11332,9
11332,1
11332,5
11333,9
11334,13
11334,6
11335,3
11335,9
11335,1
11336,3
11336,9
11336,1
11337,1
11337,4
11337,74
11337,75
11337,17
11338,1
11338,5
11339,4
11339,1
11339,6
11340,1
11340,4
11340,74
11340,75
11340,17
11341,40
11341,9
11341,29
11341,1
11341,2
11341,4
11341,56
11341,13
11341,6
11342,40
11342,9
11342,29
11342,1
11342,2
11342,4
11342,56
11342,13
11342,6
11343,40
11343,9
11343,29
11343,1
11343,2
11343,4
11343,56
11343,13
11343,6
11344,40
11344,9
11344,29
11344,1
11344,2
11344,4
11344,56
11344,13
11344,6
11345,3
11345,1
11346,29
11346,1
11347,9
11348,3
11348,5
11349,3
11349,5
11350,3
11350,1
11350,5
11351,3
11351,5
11352,9
11352,5
11353,9
11354,9
11355,4
11355,11
11355,1
11356,3
11356,9
11356,5
11356,13
11357,9
11358,29
11358,1
11358,5
11359,56
11359,5
11359,13
11360,9
11360,1
11360,5
11361,2
11361,29
11362,1
11362,5
11363,3
11364,29
11364,9
11364,1
11364,13
11365,29
11365,1
11366,2
11366,9
11366,1
11366,5
11367,29
11367,1
11368,4
11368,1
11368,6
11369,4
11369,3
11369,1
11369,5
11370,3
11370,9
11370,1
11370,5
11371,3
11372,1
11372,5
11373,29
11373,9
11373,1
11374,4
11374,11
11374,1
11375,40
11375,5
11376,3
11376,1
11376,5
11377,9
11377,1
11378,3
11379,3
11379,161
11380,9
11381,3
11381,1
11381,5
11382,9
11383,1
11383,2
11383,3
11383,4
11383,5
11383,6
11384,56
11384,5
11384,13
11385,9
11386,9
11386,1
11387,29
11387,1
11388,3
11389,3
11389,5
11390,4
11390,9
11390,1
11390,5
11391,3
11391,1
11391,5
11392,9
11393,9
11394,9
11395,29
11395,9
11396,56
11396,5
11396,13
11397,9
11397,5
11398,3
11398,5
11399,9
11399,1
11400,29
11400,1
11401,9
11401,5
11402,3
11403,9
11404,9
11404,5
11404,13
11405,29
11405,1
11406,9
11406,5
11407,29
11407,1
11408,9
11408,5
11409,29
11409,1
11409,5
11410,3
11410,161
11411,9
11411,5
11412,9
11412,1
11413,1
11413,5
11414,9
11414,1
11415,29
11415,6
11415,17
11415,83
11416,9
11416,1
11417,3
11417,5
11418,3
11418,5
11419,2
11419,1
11420,4
11420,1
11420,6
11421,29
11421,9
11422,2
11422,29
11423,29
11423,9
11423,1
11424,3
11424,5
11425,9
11425,5
11426,2
11426,29
11427,3
11427,9
11427,5
11428,9
11428,5
11429,9
11429,1
11430,29
11430,1
11430,5
11431,4
11431,9
11431,1
11431,5
11432,4
11432,1
11432,6
11433,3
11433,5
11434,9
11435,3
11435,5
11436,4
11436,3
11436,1
11436,5
11437,29
11437,1
11438,9
11438,1
11439,9
11439,5
11440,29
11440,1
11441,9
11441,5
11442,3
11442,9
11442,5
11443,3
11443,5
11444,4
11444,40
11444,1
11444,75
11445,3
11445,5
11445,13
11446,29
11446,1
11447,5
11447,9
11447,1
11448,12
11448,3
11448,56
11448,5
11448,74
11448,17
11449,11
11449,3
11449,5
11450,5
11450,1
11450,17
11450,13
11451,9
11451,5
11452,4
11452,11
11452,1
11453,9
11453,5
11454,3
11454,9
11454,5
11455,3
11455,9
11455,5
11455,13
11456,4
11456,9
11456,1
11456,5
11457,9
11457,5
11458,3
11458,13
11459,9
11459,5
11460,9
11460,1
11460,4
11460,56
11460,6
11461,9
11461,5
11462,29
11462,17
11463,9
11463,13
11463,83
11464,3
11464,1
11464,5
11465,9
11465,1
11466,9
11466,5
11467,9
11467,5
11468,3
11468,1
11469,9
11469,1
11470,9
11470,5
11471,4
11471,9
11471,1
11471,5
11472,9
11472,5
11473,2
11473,1
11474,9
11474,1
11475,3
11475,5
11476,2
11476,29
11477,9
11477,5
11478,4
11478,1
11478,6
11479,3
11479,5
11480,9
11480,5
11481,2
11481,1
11482,3
11482,1
11482,5
11483,9
11483,1
11484,3
11484,1
11484,5
11485,3
11485,1
11485,5
11486,3
11486,1
11486,5
11487,3
11487,1
11487,5
11488,3
11488,1
11488,5
11489,2
11489,1
11490,9
11490,1
11490,4
11490,56
11490,6
11491,3
11491,5
11492,9
11492,5
11493,9
11493,5
11493,13
11494,3
11495,3
11495,5
11496,3
11496,1
11496,5
11497,2
11497,1
11498,4
11498,1
11498,6
11499,3
11499,1
11499,5
11500,3
11500,5
11501,2
11501,29
11502,3
11502,5
11503,1
11503,4
11503,2
11503,56
11503,5
11503,17
11503,6
11504,9
11504,83
11504,2
11504,3
11504,17
11505,9
11505,5
11506,3
11507,3
11507,5
11508,3
11508,5
11509,3
11509,5
11510,3
11510,5
11511,2
11511,1
11512,2
11512,1
11513,2
11513,1
11514,2
11514,1
11515,2
11515,1
11516,29
11516,9
11516,1
11517,3
11517,161
11518,29
11518,9
11518,1
11518,111
11519,4
11519,1
11519,6
11520,29
11520,9
11520,1
11521,3
11522,2
11522,3
11522,5
11523,9
11523,1
11523,5
11524,2
11524,1
11525,3
11525,161
11526,9
11526,5
11527,3
11527,161
11527,17
11528,4
11528,11
11528,1
11529,29
11529,9
11529,1
11530,3
11530,5
11531,3
11532,9
11532,5
11533,9
11533,5
11534,29
11534,1
11535,3
11536,29
11536,1
11537,4
11537,1
11537,6
11538,9
11538,5
11539,3
11539,5
11540,9
11540,5
11541,29
11541,1
11541,5
11542,11
11542,3
11542,5
11543,11
11543,3
11543,5
11544,1
11544,5
11545,1
11545,5
11546,29
11546,1
11547,1
11547,2
11547,3
11547,4
11547,5
11547,6
11548,11
11548,3
11548,5
11549,3
11549,5
11550,29
11550,5
11551,2
11551,1
11552,3
11552,9
11552,1
11552,5
11553,17
11553,5
11553,83
11554,9
11554,5
11555,9
11555,5
11556,3
11556,5
11557,9
11557,5
11558,9
11558,5
11559,9
11559,5
11560,11
11560,3
11561,3
11561,5
11562,3
11563,9
11563,1
11563,5
11564,1
11564,17
11565,1
11565,4
11565,74
11565,75
11565,17
11566,2
11566,29
11567,3
11567,1
11568,2
11568,1
11569,29
11569,1
11570,1
11570,17
11571,3
11571,5
11572,1
11572,5
11573,4
11573,9
11573,1
11573,5
11574,9
11575,29
11575,47
11575,75
11576,3
11576,9
11576,5
11577,1
11577,5
11578,9
11578,1
11578,83
11578,5
11578,13
11578,17
11579,2
11579,1
11580,4
11580,9
11580,1
11580,5
11581,1
11581,5
11582,29
11582,47
11582,75
11583,4
11583,9
11583,1
11583,5
11584,2
11584,1
11585,4
11585,9
11585,1
11585,5
11586,1
11586,5
11587,4
11587,9
11587,1
11587,5
11588,1
11588,5
11589,29
11589,47
11589,75
11590,9
11590,1
11590,83
11590,5
11590,13
11590,17
11591,3
11591,1
11591,5
11592,1
11592,5
11593,9
11593,1
11593,83
11593,5
11593,13
11593,17
11594,9
11594,1
11595,4
11595,1
11595,6
11596,9
11597,2
11597,11
11597,5
11597,13
11598,3
11599,9
11600,9
11601,9
11601,1
11601,83
11601,5
11601,13
11601,17
11602,29
11602,47
11602,75
11603,4
11603,1
11603,6
11604,9
11605,9
11606,29
11606,1
11606,5
11606,13
11606,17
11607,2
11607,11
11607,5
11607,13
11608,1
11608,5
11609,2
11609,11
11609,5
11609,13
11610,9
11610,1
11610,83
11610,5
11610,13
11610,17
11611,9
11612,3
11612,1
11612,5
11613,9
11614,9
11614,1
11614,83
11614,5
11614,13
11614,17
11615,1
11615,5
11616,9
11616,1
11616,83
11616,5
11616,13
11616,17
11617,3
11617,1
11617,5
11618,9
11619,3
11619,1
11619,5
11620,9
11621,9
11622,5
11622,1
11622,17
11622,13
11623,9
11624,3
11624,1
11624,5
11625,9
11625,1
11625,83
11625,5
11625,13
11625,17
11626,9
11626,1
11626,83
11626,5
11626,13
11626,17
11627,9
11628,1
11628,5
11629,1
11629,5
11630,29
11630,47
11630,75
11631,9
11631,1
11631,83
11631,5
11631,13
11631,17
11632,1
11632,5
11633,9
11633,1
11633,83
11633,5
11633,13
11633,17
11634,1
11634,5
11635,9
11635,1
11635,83
11635,5
11635,13
11635,17
11636,1
11636,5
11637,9
11637,1
11637,83
11637,5
11637,13
11637,17
11638,1
11638,5
11639,9
11639,1
11639,83
11639,5
11639,13
11639,17
11640,2
11640,1
11641,3
11641,5
11642,3
11642,5
11643,3
11643,5
11644,3
11644,5
11645,3
11645,5
11646,3
11646,5
11647,3
11647,5
11648,2
11648,29
11649,5
11649,9
11649,1
11650,12
11650,3
11650,56
11650,5
11650,74
11650,17
11651,9
11652,3
11652,5
11653,9
11653,1
11653,83
11653,5
11653,6
11654,40
11654,1
11654,3
11654,5
11654,6
11655,3
11655,5
11656,3
11656,5
11657,9
11657,1
11657,83
11657,5
11657,6
11658,9
11658,1
11658,83
11658,5
11658,6
11659,9
11659,5
11660,9
11660,1
11661,9
11661,1
11662,9
11662,5
11663,1
11663,5
11663,13
11664,9
11664,5
11665,3
11666,9
11666,5
11667,5
11667,17
11667,13
11668,2
11668,1
11669,3
11669,5
11670,2
11670,29
11671,9
11672,9
11673,9
11673,5
11674,9
11674,5
11675,3
11675,13
11676,9
11676,5
11677,2
11677,1
11678,9
11678,1
11678,5
11678,13
11679,2
11679,29
11680,3
11680,9
11680,5
11681,3
11681,5
11682,2
11682,1
11683,9
11683,5
11684,9
11684,1
11685,2
11685,1
11686,2
11686,1
11687,2
11687,1
11688,29
11688,1
11688,5
11689,2
11689,1
11690,2
11690,1
11691,2
11691,1
11692,2
11692,1
11693,9
11694,3
11694,5
11695,3
11695,5
11696,3
11696,5
11697,3
11698,2
11698,1
11699,3
11699,9
11699,5
11699,13
11700,2
11700,29
11701,3
11701,9
11701,5
11701,13
11702,3
11702,161
11702,17
11703,9
11703,1
11703,5
11703,13
11704,9
11704,13
11704,83
11705,4
11705,9
11705,1
11705,5
11706,11
11706,3
11707,2
11707,1
11708,3
11708,5
11709,47
11709,83
11709,2
11709,13
11709,17
11709,6
11710,9
11710,5
11711,9
11711,5
11712,47
11712,83
11712,2
11712,13
11712,17
11712,6
11713,47
11713,83
11713,2
11713,13
11713,17
11713,6
11714,47
11714,83
11714,2
11714,13
11714,17
11714,6
11715,47
11715,83
11715,2
11715,13
11715,17
11715,6
11716,47
11716,83
11716,2
11716,13
11716,17
11716,6
11717,47
11717,83
11717,2
11717,13
11717,17
11717,6
11718,47
11718,83
11718,2
11718,13
11718,17
11718,6
11719,47
11719,83
11719,2
11719,13
11719,17
11719,6
11720,47
11720,83
11720,2
11720,13
11720,17
11720,6
11721,47
11721,83
11721,2
11721,13
11721,17
11721,6
11722,47
11722,83
11722,2
11722,13
11722,17
11722,6
11723,47
11723,83
11723,2
11723,13
11723,17
11723,6
11724,3
11724,5
11725,3
11726,29
11726,9
11726,1
11726,111
11727,9
11727,83
11727,2
11727,3
11727,17
11728,9
11728,5
11729,3
11729,5
11730,9
11730,5
11731,3
11731,1
11731,5
11732,13
11732,6
11733,9
11733,29
11733,1
11733,56
11733,111
11733,17
11734,1
11734,5
11735,40
11735,9
11735,29
11735,1
11735,2
11735,4
11735,56
11735,13
11735,6
11736,13
11736,6
11737,9
11737,5
11738,1
11738,5
11739,3
11740,3
11741,9
11741,5
11742,9
11743,9
11743,1
11743,4
11743,56
11743,6
11744,9
11744,5
11745,9
11745,5
11746,3
11747,3
11747,5
11747,6
11748,4
11748,11
11748,1
11749,3
11749,1
11749,5
11750,3
11750,5
11751,3
11751,5
11752,2
11752,3
11752,9
11752,5
11753,3
11753,5
11754,9
11754,83
11754,3
11754,111
11754,13
11754,6
11755,3
11755,9
11755,5
11756,1
11756,5
11757,3
11757,161
11757,5
11757,83
11758,9
11759,3
11759,13
11760,9
11760,316
11760,1
11760,4
11760,3
11760,5
11760,17
11760,6
11761,9
11761,83
11761,3
11761,111
11761,13
11761,6
11762,2
11762,3
11762,9
11762,5
11763,3
11763,9
11763,5
11763,13
11764,3
11764,1
11764,5
11765,3
11765,1
11765,5
11766,47
11766,29
11766,4
11766,3
11766,6
11767,40
11767,9
11767,29
11767,1
11767,2
11767,4
11767,56
11767,13
11767,6
11768,29
11768,1
11769,3
11769,9
11769,5
11769,13
11770,3
11770,9
11770,5
11771,4
11771,1
11771,6
11772,29
11772,1
11773,29
11773,1
11774,3
11774,9
11774,1
11774,5
11775,9
11775,1
11776,29
11776,1
11776,5
11777,9
11777,1
11777,5
11777,13
11778,3
11778,5
11779,9
11780,9
11781,9
11781,1
11781,83
11781,5
11781,6
11782,9
11783,29
11783,9
11783,1
11784,29
11784,9
11784,1
11785,9
11785,5
11785,13
11786,4
11786,3
11786,1
11786,5
11787,3
11787,5
11788,9
11788,5
11789,166
11789,19
11790,9
11790,5
11791,3
11792,9
11792,5
11793,9
11793,5
11794,3
11794,5
11795,3
11795,5
11796,40
11796,9
11796,29
11796,1
11796,2
11796,4
11796,56
11796,13
11796,6
11797,29
11797,9
11798,3
11798,9
11798,1
11798,5
11799,29
11799,9
11799,1
11800,9
11800,5
11801,3
11801,1
11802,9
11802,1
11802,83
11802,5
11802,6
11803,29
11803,1
11804,9
11804,1
11804,4
11804,56
11804,6
11805,2
11805,11
11805,5
11805,13
11806,9
11806,5
11807,9
11807,1
11808,3
11808,1
11808,5
11809,29
11809,9
11809,1
11810,9
11810,5
11811,9
11811,5
11812,9
11812,5
11813,3
11814,9
11814,316
11814,1
11814,4
11814,3
11814,5
11814,17
11814,6
11815,3
11816,2
11816,3
11816,9
11816,5
11817,9
11817,29
11817,1
11817,56
11817,111
11817,17
11818,3
11818,5
11819,9
11819,1
11819,5
11820,29
11820,9
11820,1
11821,4
11821,11
11821,1
11822,9
11822,29
11822,1
11822,56
11822,111
11822,17
11823,4
11823,11
11823,1
11824,2
11824,3
11825,9
11825,5
11826,9
11826,5
11827,9
11827,5
11828,9
11828,5
11829,29
11829,9
11830,2
11830,11
11830,5
11830,13
11831,9
11831,5
11832,9
11832,5
11833,3
11833,9
11833,5
11834,9
11834,5
11835,3
11835,5
11836,4
11836,11
11836,1
11837,9
11837,5
11838,3
11838,5
11839,3
11839,9
11839,5
11840,2
11840,3
11840,5
11841,9
11841,5
11842,3
11842,1
11842,5
11843,3
11843,1
11843,5
11844,9
11844,5
11845,11
11845,3
11845,5
11846,29
11846,1
11846,5
11847,3
11848,9
11848,316
11848,1
11848,4
11848,3
11848,5
11848,17
11848,6
11849,3
11850,2
11850,3
11850,9
11850,5
11851,9
11851,83
11851,3
11851,111
11851,13
11851,6
11852,11
11852,3
11852,5
11853,3
11853,9
11853,5
11853,13
11854,3
11854,9
11854,13
11855,40
11855,9
11855,29
11855,1
11855,17
11855,6
11856,3
11856,1
11857,166
11857,19
11858,29
11858,1
11858,5
11859,3
11859,1
11859,5
11860,9
11860,1
11860,13
11860,83
11861,9
11861,5
11862,29
11862,9
11862,1
11863,29
11863,1
11864,29
11864,1
11865,29
11865,1
11866,3
11866,5
11867,29
11867,1
11868,29
11868,1
11869,4
11869,1
11869,6
11870,3
11870,5
11871,4
11871,1
11871,6
11872,166
11872,19
11873,4
11873,1
11873,6
11874,4
11874,1
11874,6
11875,2
11876,2
11876,29
11877,3
11877,1
11877,5
11878,9
11878,1
11878,83
11878,2
11878,17
11879,9
11879,1
11879,13
11879,83
11880,3
11880,5
11881,1
11881,4
11881,74
11881,75
11881,17
11882,2
11882,29
11883,5
11883,1
11883,17
11883,13
11884,29
11884,1
11884,5
11885,29
11885,1
11885,5
11885,13
11885,17
11886,11
11886,3
11887,40
11887,9
11887,29
11887,1
11887,2
11887,4
11887,56
11887,13
11887,6
11888,9
11888,5
11889,3
11890,3
11891,3
11891,9
11891,5
11892,2
11893,3
11893,1
11893,5
11894,3
11894,9
11894,5
11895,29
11895,1
11895,5
11896,3
11896,1
11896,5
11897,3
11897,5
11898,9
11898,5
11899,9
11899,1
11899,13
11899,83
11900,3
11901,3
11901,5
11902,3
11902,1
11902,5
11903,29
11903,1
11903,5
11904,9
11904,5
11905,29
11905,6
11905,17
11905,83
11906,9
11906,5
11907,3
11907,5
11908,9
11908,83
11908,2
11908,3
11908,17
11909,3
11909,5
11910,29
11910,1
11911,3
11911,1
11911,5
11912,3
11912,1
11912,5
11913,9
11913,5
11914,9
11914,83
11914,2
11914,3
11914,17
11915,29
11915,1
11916,3
11916,1
11916,5
11917,9
11917,1
11918,1
11918,5
11918,13
11919,2
11919,3
11919,9
11919,5
11920,3
11920,5
11921,3
11921,5
11922,29
11922,13
11922,6
11923,4
11923,9
11923,1
11923,5
11924,29
11924,9
11925,29
11925,13
11925,6
11926,9
11926,5
11927,9
11927,5
11928,47
11928,83
11928,2
11928,13
11928,17
11928,6
11929,47
11929,83
11929,2
11929,13
11929,17
11929,6
11930,47
11930,83
11930,2
11930,13
11930,17
11930,6
11931,47
11931,83
11931,2
11931,13
11931,17
11931,6
11932,47
11932,83
11932,2
11932,13
11932,17
11932,6
11933,47
11933,83
11933,2
11933,13
11933,17
11933,6
11934,9
11935,2
11935,29
11936,3
11936,5
11937,3
11937,5
11938,2
11938,9
11938,5
11939,3
11939,13
11940,4
11940,9
11940,1
11940,5
11941,13
11941,6
11942,3
11942,5
11943,2
11943,1
11944,3
11944,9
11944,5
11944,13
11945,2
11945,29
11946,9
11946,5
11947,9
11947,5
11948,3
11948,5
11949,9
11949,1
11950,4
11950,11
11950,1
11951,40
11951,9
11951,29
11951,1
11951,17
11951,6
11952,9
11952,5
11953,2
11953,3
11954,2
11954,3
11955,1
11955,5
11956,1
11956,5
11957,47
11957,29
11957,4
11957,3
11957,6
11958,2
11958,3
11958,5
11959,9
11959,5
11960,2
11960,3
11960,5
11961,9
11962,3
11962,5
11963,9
11963,5
11964,9
11964,83
11964,2
11964,3
11964,17
11965,3
11965,1
11965,5
11966,3
11966,13
11967,29
11967,9
11968,9
11968,5
11969,3
11969,1
11969,5
11970,3
11970,13
11971,29
11971,6
11971,17
11971,83
11972,3
11972,5
11973,40
11973,1
11973,5
11974,9
11974,5
11975,9
11975,5
11975,13
11976,3
11976,1
11977,40
11977,1
11977,5
11978,9
11978,5
11979,9
11979,5
11980,3
11980,5
11981,29
11981,6
11981,17
11981,83
11982,2
11982,9
11982,1
11982,5
11983,3
11983,5
11983,13
11983,6
11984,9
11985,4
11985,11
11985,1
11986,40
11986,9
11986,316
11986,47
11986,29
11986,1
11986,83
11986,317
11986,56
11986,5
11986,74
11986,13
11986,17
11986,318
11986,6
11987,40
11987,9
11987,316
11987,47
11987,29
11987,1
11987,83
11987,317
11987,56
11987,5
11987,74
11987,13
11987,17
11987,318
11987,6
11988,3
11988,5
11989,9
11989,5
11990,9
11990,5
11991,40
11991,9
11991,316
11991,47
11991,29
11991,1
11991,83
11991,317
11991,56
11991,5
11991,74
11991,13
11991,17
11991,318
11991,6
11992,3
11992,1
11992,5
11993,9
11994,29
11994,1
11994,5
11995,9
11995,5
11996,29
11996,1
11996,5
11997,9
11997,5
11998,9
11998,5
11999,3
11999,5
12000,29
12000,9
12000,1
12001,9
12001,5
12002,11
12002,3
12002,5
12003,9
12003,1
12003,4
12003,56
12003,6
12004,9
12004,5
12005,9
12005,5
12006,3
12006,5
12007,9
12007,5
12008,40
12008,9
12008,316
12008,47
12008,29
12008,1
12008,83
12008,317
12008,56
12008,5
12008,74
12008,13
12008,17
12008,318
12008,6
12009,9
12009,5
12010,5
12010,17
12010,13
12011,1
12011,5
12012,9
12012,5
12013,29
12013,9
12013,1
12014,3
12014,5
12015,9
12015,5
12016,29
12016,9
12016,1
12017,9
12017,29
12017,1
12017,2
12017,3
12018,166
12018,19
12019,9
12019,5
12020,2
12020,3
12020,1
12020,5
12021,3
12021,9
12021,1
12021,5
12022,9
12022,5
12023,9
12023,83
12023,2
12023,3
12023,17
12024,9
12024,5
12025,29
12025,1
12025,5
12026,3
12026,5
12027,29
12027,9
12027,1
12028,9
12028,5
12029,9
12029,5
12030,9
12030,5
12031,9
12031,5
12032,3
12032,11
12033,9
12033,5
12034,9
12034,5
12035,9
12035,5
12036,9
12036,5
12036,13
12037,9
12037,5
12038,29
12038,9
12038,1
12039,29
12039,9
12039,1
12040,3
12040,5
12041,9
12041,5
12042,40
12042,1
12042,5
12043,3
12043,1
12043,5
12044,47
12044,29
12044,4
12044,3
12044,6
12045,4
12045,1
12045,6
12046,3
12046,5
12047,9
12047,5
12048,4
12048,1
12048,6
12049,3
12049,1
12049,5
12050,3
12050,9
12050,5
12051,3
12051,5
12052,3
12052,5
12053,29
12053,9
12053,1
12054,9
12054,5
12055,3
12055,9
12055,5
12056,9
12056,1
12057,3
12057,9
12057,5
12058,47
12058,29
12058,4
12058,3
12058,6
12059,3
12059,9
12059,5
12060,40
12060,1
12060,5
12061,3
12061,9
12061,5
12062,29
12062,1
12063,3
12063,9
12063,5
12064,3
12064,9
12064,5
12065,29
12065,1
12066,3
12066,9
12066,5
12067,3
12067,9
12067,5
12068,3
12068,5
12069,9
12069,5
12070,9
12070,5
12071,3
12071,5
12072,9
12072,1
12072,83
12072,5
12072,6
12073,9
12073,5
12074,3
12074,5
12075,3
12075,5
12076,3
12076,1
12076,5
12077,40
12077,9
12077,29
12077,1
12077,17
12077,6
12078,3
12078,5
12079,3
12079,5
12080,9
12080,5
12081,29
12081,9
12081,1
12082,9
12082,5
12083,3
12083,5
12084,4
12084,9
12084,1
12084,5
12085,9
12085,5
12086,29
12086,9
12086,1
12087,2
12087,9
12087,1
12087,5
12088,4
12088,11
12088,1
12089,29
12089,9
12089,1
12090,40
12090,9
12090,29
12090,1
12090,2
12090,4
12090,56
12090,13
12090,6
12091,4
12091,9
12091,1
12091,5
12092,29
12092,9
12092,1
12093,29
12093,9
12093,1
12094,3
12095,4
12095,9
12095,1
12095,5
12096,3
12096,1
12096,5
12097,40
12097,9
12097,29
12097,1
12097,2
12097,4
12097,56
12097,13
12097,6
12098,3
12098,5
12099,3
12099,13
12100,3
12100,5
12101,9
12101,1
12101,5
12102,3
12102,5
12103,2
12103,29
12104,3
12104,5
12105,3
12105,5
12106,2
12106,1
12107,9
12108,9
12109,9
12110,9
12110,5
12111,29
12111,9
12111,1
12112,9
12112,5
12113,9
12113,5
12114,3
12114,5
12115,4
12115,1
12116,1
12116,5
12117,9
12117,5
12118,9
12118,5
12119,9
12119,1
12119,13
12119,83
12120,1
12120,4
12120,74
12120,75
12120,17
12121,4
12121,9
12121,1
12121,5
12122,1
12122,4
12122,74
12122,75
12122,17
12123,9
12123,5
12124,9
12124,1
12125,3
12125,5
12126,4
12126,1
12126,6
12127,3
12127,5
12128,29
12128,1
12128,5
12129,4
12129,1
12129,6
12130,3
12130,5
12131,1
12131,4
12131,2
12131,56
12131,5
12131,17
12131,6
12132,3
12132,5
12133,12
12133,3
12133,56
12133,5
12133,74
12133,17
12134,9
12134,5
12135,166
12135,19
12136,166
12136,19
12137,5
12137,9
12137,1
12138,3
12138,5
12139,4
12139,11
12139,1
12140,1
12141,9
12141,5
12142,9
12142,5
12143,9
12143,5
12144,12
12144,3
12144,56
12144,5
12144,74
12144,17
12145,12
12145,3
12145,56
12145,5
12145,74
12145,17
12146,29
12146,9
12146,1
12146,111
12147,3
12147,5
12148,3
12148,9
12148,5
12149,9
12149,5
12150,9
12150,5
12151,40
12151,9
12151,29
12151,1
12151,2
12151,4
12151,56
12151,13
12151,6
12152,9
12152,83
12152,2
12152,3
12152,17
12153,47
12153,29
12153,4
12153,3
12153,6
12154,2
12154,29
12155,2
12155,29
12156,2
12156,29
12157,2
12157,29
12158,9
12158,5
12159,9
12159,5
12160,29
12160,9
12160,1
12161,2
12161,29
12162,2
12162,29
12163,2
12163,29
12164,11
12164,9
12164,2
12164,4
12164,5
12165,11
12165,9
12165,2
12165,4
12165,5
12166,11
12166,9
12166,2
12166,4
12166,5
12167,11
12167,9
12167,2
12167,4
12167,5
12168,2
12168,29
12169,2
12169,29
12170,2
12170,29
12171,2
12171,29
12172,29
12172,9
12172,1
12173,2
12173,29
12174,9
12174,1
12174,83
12174,5
12174,6
12175,2
12175,29
12176,3
12176,5
12177,29
12177,1
12178,29
12178,1
12179,3
12179,5
12180,3
12180,5
12181,2
12181,29
12182,29
12182,1
12182,5
12183,3
12183,5
12184,5
12185,9
12185,83
12185,3
12185,111
12185,13
12185,6
12186,3
12186,5
12187,29
12187,1
12187,5
12188,3
12188,5
12189,47
12189,83
12189,2
12189,13
12189,17
12189,6
12190,2
12190,29
12191,47
12191,83
12191,2
12191,13
12191,17
12191,6
12192,9
12192,1
12193,47
12193,83
12193,2
12193,13
12193,17
12193,6
12194,47
12194,83
12194,2
12194,13
12194,17
12194,6
12195,47
12195,83
12195,2
12195,13
12195,17
12195,6
12196,47
12196,83
12196,2
12196,13
12196,17
12196,6
12197,47
12197,83
12197,2
12197,13
12197,17
12197,6
12198,47
12198,83
12198,2
12198,13
12198,17
12198,6
12199,47
12199,83
12199,2
12199,13
12199,17
12199,6
12200,47
12200,83
12200,2
12200,13
12200,17
12200,6
12201,47
12201,83
12201,2
12201,13
12201,17
12201,6
12202,47
12202,83
12202,2
12202,13
12202,17
12202,6
12203,47
12203,83
12203,2
12203,13
12203,17
12203,6
12204,47
12204,83
12204,2
12204,13
12204,17
12204,6
12205,47
12205,83
12205,2
12205,13
12205,17
12205,6
12206,47
12206,83
12206,2
12206,13
12206,17
12206,6
12207,47
12207,83
12207,2
12207,13
12207,17
12207,6
12208,47
12208,83
12208,2
12208,13
12208,17
12208,6
12209,47
12209,83
12209,2
12209,13
12209,17
12209,6
12210,47
12210,83
12210,2
12210,13
12210,17
12210,6
12211,3
12211,161
12211,5
12211,83
12212,3
12212,9
12212,5
12213,9
12213,83
12213,2
12213,3
12213,17
12214,11
12214,3
12214,5
12215,4
12215,5
12216,9
12216,5
12217,4
12217,1
12217,6
12218,3
12218,1
12218,5
12219,9
12219,1
12220,9
12220,1
12220,83
12220,5
12220,6
12221,9
12221,5
12222,11
12222,3
12222,5
12223,3
12223,5
12224,3
12224,5
12225,9
12225,5
12226,3
12226,13
12227,9
12227,5
12228,3
12228,5
12229,3
12229,5
12230,3
12230,5
12231,9
12231,5
12232,9
12232,5
12233,3
12234,9
12234,5
12235,9
12235,5
12236,2
12236,9
12236,1
12236,5
12237,3
12237,1
12238,29
12238,1
12238,5
12239,3
12239,5
12240,3
12240,9
12240,5
12241,9
12241,5
12242,9
12242,5
12243,9
12243,5
12244,9
12244,1
12244,5
12244,13
12245,9
12245,1
12246,9
12246,5
12247,9
12247,83
12247,3
12247,111
12247,13
12247,6
12248,11
12248,9
12248,2
12248,4
12248,5
12249,3
12249,5
12250,9
12250,5
12251,29
12251,9
12251,1
12251,5
12252,2
12252,3
12252,9
12252,5
12253,3
12253,161
12254,29
12254,1
12255,9
12255,5
12256,9
12256,5
12257,40
12257,9
12257,316
12257,47
12257,29
12257,1
12257,83
12257,317
12257,56
12257,5
12257,74
12257,13
12257,17
12257,318
12257,6
12258,9
12258,5
12259,29
12259,1
12260,9
12260,1
12260,4
12260,56
12260,6
12261,29
12261,9
12261,1
12262,3
12262,1
12262,5
12263,29
12263,1
12264,29
12264,1
12265,29
12265,1
12266,9
12266,1
12266,5
12267,2
12267,1
12268,9
12269,2
12269,29
12270,29
12270,9
12270,1
12271,3
12271,5
12272,29
12272,9
12272,1
12273,9
12273,5
12274,29
12274,9
12274,1
12275,3
12275,9
12275,5
12276,12
12276,3
12276,56
12276,5
12276,74
12276,17
12277,2
12278,9
12278,1
12278,4
12278,56
12278,6
12279,9
12280,11
12280,3
12280,5
12281,11
12281,3
12281,5
12282,3
12282,5
12283,3
12283,161
12284,9
12284,5
12285,3
12286,29
12286,9
12286,1
12287,2
12287,29
12288,29
12288,9
12288,1
12288,111
12289,29
12289,9
12289,1
12289,111
12290,3
12290,9
12290,5
12291,3
12291,9
12291,1
12291,5
12292,9
12292,83
12292,2
12292,3
12292,17
12293,9
12293,83
12293,2
12293,3
12293,17
12294,9
12294,5
12295,29
12295,9
12296,9
12296,5
12297,47
12297,29
12297,4
12297,3
12297,6
12298,29
12298,1
12298,5
12299,9
12299,83
12299,2
12299,3
12299,17
12300,3
12300,5
12301,3
12302,9
12302,5
12303,9
12303,5
12304,9
12304,5
12305,9
12305,1
12306,4
12306,1
12306,6
12307,9
12307,1
12308,4
12308,1
12308,6
12309,3
12309,161
12310,29
12310,1
12310,5
12311,3
12312,29
12312,9
12312,1
12313,29
12313,9
12313,1
12313,111
12314,9
12314,5
12315,9
12315,5
12316,29
12316,1
12316,5
12317,9
12317,83
12317,3
12317,111
12317,13
12317,6
12318,2
12318,1
12319,29
12319,1
12319,5
12320,3
12320,5
12321,9
12321,1
12321,83
12321,4
12321,2
12321,5
12321,17
12322,40
12322,9
12322,29
12322,1
12322,2
12322,4
12322,56
12322,13
12322,6
12323,3
12323,5
12324,9
12324,5
12325,2
12325,1
12326,2
12326,1
12327,2
12327,1
12328,2
12328,1
12329,2
12329,1
12330,11
12330,3
12330,5
12331,2
12331,3
12331,9
12332,2
12332,3
12333,2
12333,1
12334,9
12334,1
12335,3
12335,161
12336,3
12337,3
12337,9
12337,5
12338,9
12338,1
12338,6
12339,3
12339,9
12339,1
12340,47
12340,29
12340,4
12340,3
12340,6
12341,29
12341,17
12342,29
12342,6
12342,17
12342,83
12343,40
12343,9
12343,316
12343,47
12343,29
12343,1
12343,83
12343,317
12343,56
12343,5
12343,74
12343,13
12343,17
12343,318
12343,6
12344,5
12345,9
12345,1
12345,5
12345,13
12346,3
12346,9
12346,1
12347,3
12347,11
12348,3
12348,19
12349,9
12349,5
12350,3
12350,19
12351,3
12351,1
12351,5
12352,9
12352,5
12353,9
12353,1
12354,19
12355,11
12355,3
12356,3
12356,5
12357,2
12357,3
12357,9
12357,5
12358,1
12358,4
12358,74
12358,75
12358,17
12359,9
12360,2
12360,29
12361,29
12361,9
12361,1
12362,29
12362,9
12363,13
12363,6
12364,9
12364,12
12364,1
12364,5
12364,13
12365,3
12365,5
12366,40
12366,9
12366,29
12366,1
12366,2
12366,4
12366,56
12366,13
12366,6
12367,2
12367,3
12367,9
12367,5
12368,3
12368,161
12369,3
12369,5
12370,9
12370,1
12370,5
12371,2
12371,29
12372,29
12372,1
12372,5
12373,3
12373,1
12374,3
12374,1
12375,9
12375,1
12375,5
12376,3
12376,1
12377,3
12377,5
12378,3
12378,5
12379,29
12379,9
12379,1
12380,3
12380,1
12380,5
12381,5
12381,1
12381,17
12381,13
12382,9
12382,5
12383,3
12383,5
12384,12
12384,3
12384,56
12384,5
12384,74
12384,17
12385,12
12385,3
12385,56
12385,5
12385,74
12385,17
12386,2
12386,29
12387,3
12387,5
12388,2
12388,1
12389,1
12389,17
12390,2
12390,29
12391,3
12391,5
12392,3
12392,161
12392,17
12393,29
12393,9
12393,1
12394,3
12394,5
12395,1
12395,5
12395,13
12396,9
12396,5
12397,2
12397,1
12398,29
12398,1
12398,5
12398,13
12398,17
12399,2
12399,29
12400,3
12400,5
12401,3
12401,5
12402,3
12402,5
12403,3
12403,5
12404,5
12404,9
12404,1
12405,29
12405,1
12406,3
12406,1
12406,5
12407,3
12407,5
12408,5
12408,9
12408,1
12409,3
12410,29
12410,1
12411,3
12412,29
12412,1
12413,3
12413,5
12413,13
12413,6
12414,3
12415,29
12415,1
12416,166
12416,19
12417,47
12417,83
12417,2
12417,13
12417,17
12417,6
12418,3
12418,5
12419,3
12419,9
12419,5
12420,29
12420,9
12420,1
12421,9
12421,1
12422,3
12422,161
12422,5
12422,83
12423,2
12423,3
12423,9
12423,5
12424,9
12424,1
12425,2
12425,9
12425,1
12425,5
12426,3
12426,5
12427,9
12427,5
12427,13
12428,9
12428,5
12428,13
12429,9
12430,5
12430,17
12430,13
12431,3
12432,29
12432,9
12432,1
12433,9
12433,5
12434,9
12434,1
12435,1
12435,4
12435,74
12435,75
12435,17
12436,4
12436,1
12436,6
12437,4
12437,9
12437,1
12437,5
12438,2
12438,29
12439,3
12439,5
12440,4
12440,11
12440,1
12441,11
12441,5
12442,3
12442,5
12443,3
12443,5
12444,9
12444,5
12445,9
12445,5
12446,3
12446,5
12447,9
12447,5
12448,29
12448,1
12449,9
12449,1
12449,5
12450,166
12450,19
12451,9
12451,1
12452,3
12453,3
12454,9
12454,1
12455,3
12455,5
12456,9
12456,5
12457,4
12457,1
12457,6
12458,9
12458,5
12459,29
12459,9
12459,1
12459,111
12460,9
12460,1
12461,29
12461,9
12461,1
12461,111
12462,3
12462,5
12463,9
12463,1
12463,4
12463,56
12463,6
12464,11
12464,3
12464,5
12465,3
12465,5
12466,3
12466,5
12467,9
12467,1
12468,11
12468,5
12469,2
12469,29
12470,2
12470,29
12471,2
12471,29
12472,40
12472,9
12472,29
12472,1
12472,2
12472,4
12472,56
12472,13
12472,6
12473,40
12473,9
12473,29
12473,1
12473,2
12473,4
12473,56
12473,13
12473,6
12474,3
12474,5
12475,29
12475,9
12475,1
12476,40
12476,9
12476,29
12476,1
12476,2
12476,4
12476,56
12476,13
12476,6
12477,2
12477,29
12478,40
12478,9
12478,29
12478,1
12478,2
12478,4
12478,56
12478,13
12478,6
12479,2
12479,29
12480,40
12480,9
12480,29
12480,1
12480,2
12480,4
12480,56
12480,13
12480,6
12481,2
12481,29
12482,40
12482,9
12482,29
12482,1
12482,2
12482,4
12482,56
12482,13
12482,6
12483,2
12483,29
12484,2
12484,29
12485,40
12485,9
12485,29
12485,1
12485,2
12485,4
12485,56
12485,13
12485,6
12486,40
12486,9
12486,29
12486,1
12486,2
12486,4
12486,56
12486,13
12486,6
12487,2
12487,29
12488,40
12488,9
12488,29
12488,1
12488,2
12488,4
12488,56
12488,13
12488,6
12489,2
12489,29
12490,2
12490,29
12491,40
12491,9
12491,29
12491,1
12491,2
12491,4
12491,56
12491,13
12491,6
12492,2
12492,29
12493,9
12493,5
12494,2
12494,29
12495,40
12495,9
12495,29
12495,1
12495,2
12495,4
12495,56
12495,13
12495,6
12496,40
12496,9
12496,29
12496,1
12496,2
12496,4
12496,56
12496,13
12496,6
12497,40
12497,9
12497,29
12497,1
12497,2
12497,4
12497,56
12497,13
12497,6
12498,2
12498,29
12499,40
12499,9
12499,29
12499,1
12499,2
12499,4
12499,56
12499,13
12499,6
12500,2
12500,29
12501,40
12501,9
12501,29
12501,1
12501,2
12501,4
12501,56
12501,13
12501,6
12502,11
12502,5
12503,40
12503,9
12503,29
12503,1
12503,2
12503,4
12503,56
12503,13
12503,6
12504,2
12504,1
12505,2
12505,1
12506,2
12506,1
12507,2
12507,1
12508,2
12508,1
12509,2
12509,1
12510,2
12510,1
12511,2
12511,1
12512,2
12512,1
12513,2
12513,1
12514,2
12514,1
12515,2
12515,1
12516,2
12516,1
12517,2
12517,1
12518,2
12518,1
12519,2
12519,1
12520,2
12520,3
12520,9
12520,5
12521,2
12521,1
12522,2
12522,1
12523,2
12523,1
12524,2
12524,3
12524,9
12524,5
12525,166
12525,19
12526,29
12526,1
12527,3
12528,2
12528,29
12529,3
12529,1
12529,5
12530,40
12530,9
12530,316
12530,47
12530,29
12530,1
12530,83
12530,317
12530,56
12530,5
12530,74
12530,13
12530,17
12530,318
12530,6
12531,9
12531,5
12532,2
12532,3
12532,5
12533,3
12533,9
12533,5
12534,3
12534,5
12535,2
12535,3
12535,5
12536,3
12536,5
12537,11
12537,5
12538,3
12538,5
12538,13
12539,3
12539,5
12540,2
12540,1
12541,9
12541,1
12542,9
12542,5
12543,29
12543,6
12543,17
12543,83
12544,9
12544,1
12545,9
12545,5
12546,9
12546,1
12547,3
12547,1
12547,5
12548,3
12548,5
12549,9
12549,5
12550,3
12551,4
12551,1
12551,6
12552,29
12552,9
12552,1
12553,3
12553,5
12554,4
12554,1
12554,6
12555,29
12555,9
12555,1
12556,3
12557,3
12557,1
12558,40
12558,9
12558,29
12558,1
12558,2
12558,4
12558,56
12558,13
12558,6
12559,29
12559,9
12559,1
12560,9
12560,1
12560,83
12560,5
12560,6
12561,3
12561,9
12561,5
12562,3
12562,5
12563,3
12564,3
12564,9
12564,5
12565,3
12565,5
12566,2
12566,9
12566,1
12566,5
12567,40
12567,9
12567,29
12567,1
12567,17
12567,6
12568,29
12568,3
12568,11
12568,5
12569,3
12569,5
12570,3
12570,5
12571,9
12571,5
12572,9
12572,5
12573,40
12573,9
12573,29
12573,1
12573,17
12573,6
12574,9
12574,1
12575,9
12575,5
12576,29
12576,9
12576,1
12577,4
12577,11
12577,1
12578,9
12578,5
12579,3
12579,5
12580,3
12580,5
12581,3
12581,5
12582,29
12582,9
12582,1
12583,29
12583,9
12583,1
12584,9
12584,5
12585,3
12585,5
12586,9
12586,5
12587,29
12587,9
12587,1
12588,3
12588,5
12589,1
12589,2
12589,3
12589,4
12589,5
12589,6
12590,3
12591,3
12592,1
12592,5
12592,13
12593,3
12594,3
12595,9
12595,1
12595,4
12595,56
12595,6
12596,9
12596,5
12597,9
12597,5
12598,9
12598,5
12599,9
12599,5
12600,2
12600,3
12600,9
12600,5
12601,9
12601,5
12602,3
12602,161
12602,17
12603,3
12603,5
12603,13
12604,3
12604,1
12604,5
12605,3
12605,5
12606,9
12606,1
12607,2
12607,29
12608,9
12608,5
12609,29
12609,9
12609,1
12610,9
12610,1
12611,3
12611,1
12611,5
12612,3
12612,5
12613,3
12613,9
12613,5
12614,3
12614,5
12615,4
12615,9
12615,1
12615,5
12616,9
12616,1
12617,9
12618,9
12618,1
12619,2
12619,1
12620,3
12621,29
12621,1
12622,3
12622,5
12623,9
12624,3
12625,29
12625,1
12626,3
12627,29
12627,1
12628,3
12629,3
12630,29
12630,1
12631,9
12631,5
12632,3
12633,29
12633,1
12634,29
12634,1
12635,29
12635,1
12636,29
12636,1
12637,4
12637,9
12637,1
12637,5
12638,4
12638,1
12638,6
12639,3
12639,5
12640,3
12640,9
12640,5
12641,3
12641,5
12642,2
12642,9
12642,1
12642,5
12643,3
12643,5
12643,13
12643,6
12644,40
12644,9
12644,29
12644,1
12644,2
12644,4
12644,56
12644,13
12644,6
12645,9
12646,3
12646,1
12646,5
12647,9
12647,5
12648,3
12648,9
12648,1
12648,5
12649,3
12649,1
12649,5
12650,2
12650,1
12651,9
12651,5
12652,4
12652,1
12652,6
12653,29
12653,9
12653,1
12654,9
12654,1
12655,3
12655,9
12655,5
12656,2
12656,1
12656,75
12656,6
12657,3
12657,13
12658,9
12658,5
12659,3
12659,5
12660,4
12660,9
12660,1
12660,5
12661,3
12661,5
12662,3
12662,1
12662,5
12663,3
12663,5
12664,9
12664,5
12665,9
12666,2
12666,29
12667,2
12667,1
12668,9
12668,5
12669,4
12669,1
12669,6
12670,2
12670,1
12671,2
12671,1
12672,2
12672,1
12673,2
12673,1
12674,2
12674,1
12675,2
12675,1
12676,2
12676,1
12677,9
12678,2
12678,1
12679,3
12679,5
12680,3
12680,5
12681,3
12681,5
12682,2
12682,29
12683,3
12684,9
12684,5
12685,2
12685,1
12686,9
12687,2
12687,29
12688,3
12688,5
12689,9
12689,1
12689,5
12690,2
12690,29
12691,3
12691,5
12692,2
12692,1
12693,1
12693,17
12694,3
12694,1
12695,11
12695,5
12696,9
12697,1
12697,4
12697,74
12697,75
12697,17
12698,9
12699,3
12699,1
12700,1
12700,5
12701,1
12701,5
12702,1
12702,4
12702,74
12702,75
12702,17
12703,2
12703,1
12704,1
12704,5
12705,1
12705,5
12706,29
12706,47
12706,75
12707,1
12707,5
12708,9
12709,29
12709,47
12709,75
12710,1
12710,5
12711,1
12711,5
12712,1
12712,5
12713,1
12713,4
12713,74
12713,75
12713,17
12714,3
12714,1
12715,2
12715,1
12716,3
12716,5
12717,1
12717,5
12718,2
12718,1
12719,1
12719,5
12720,9
12721,9
12722,1
12722,5
12723,9
12724,3
12725,1
12725,4
12725,74
12725,75
12725,17
12726,3
12726,1
12727,3
12727,1
12728,2
12728,1
12729,4
12729,9
12729,1
12729,5
12730,1
12730,4
12730,74
12730,75
12730,17
12731,40
12731,9
12731,316
12731,47
12731,29
12731,1
12731,83
12731,317
12731,56
12731,5
12731,74
12731,13
12731,17
12731,318
12731,6
12732,2
12732,29
12733,12
12733,3
12733,56
12733,5
12733,74
12733,17
12734,3
12735,3
12735,161
12736,3
12737,2
12737,1
12738,3
12738,5
12739,3
12739,5
12740,3
12740,5
12741,3
12741,1
12741,5
12742,2
12742,1
12743,2
12743,29
12744,29
12744,9
12744,1
12745,3
12745,9
12745,5
12746,3
12747,9
12747,5
12748,29
12748,9
12748,1
12749,3
12750,29
12750,1
12751,3
12751,9
12751,5
12752,166
12752,19
12753,29
12753,9
12753,1
12754,29
12754,9
12754,1
12755,9
12755,5
12756,3
12756,5
12757,3
12757,5
12758,3
12758,5
12759,9
12759,5
12760,40
12760,9
12760,29
12760,1
12760,2
12760,4
12760,56
12760,13
12760,6
12761,3
12762,9
12762,5
12763,11
12763,3
12764,1
12764,4
12764,74
12764,75
12764,17
12765,9
12765,5
12766,3
12767,3
12767,5
12768,9
12768,5
12769,3
12769,5
12770,3
12770,9
12770,5
12770,13
12771,9
12771,5
12772,3
12772,5
12773,29
12773,1
12773,5
12774,1
12774,13
12775,9
12775,5
12776,3
12776,5
12777,9
12777,5
12778,3
12778,5
12779,9
12779,1
12780,5
12780,9
12780,1
12781,9
12781,83
12781,2
12781,3
12781,17
12782,3
12782,1
12782,5
12783,3
12784,3
12784,1
12784,5
12785,40
12785,1
12785,5
12786,9
12786,83
12786,3
12786,111
12786,13
12786,6
12787,9
12787,316
12787,1
12787,4
12787,3
12787,5
12787,17
12787,6
12788,2
12788,1
12788,13
12789,2
12789,3
12789,9
12789,5
12790,1
12790,2
12790,3
12790,4
12790,5
12790,6
12791,29
12791,13
12791,6
12792,4
12792,11
12792,1
12793,1
12793,5
12794,40
12794,1
12794,5
12795,9
12796,9
12796,1
12797,317
12797,2
12797,5
12797,4
12798,29
12798,1
12798,5
12798,13
12798,17
12799,4
12799,9
12799,1
12799,5
12800,4
12800,11
12800,1
12801,4
12801,11
12801,1
12802,4
12802,3
12802,1
12802,5
12803,9
12803,1
12803,4
12803,56
12803,6
12804,2
12804,9
12804,1
12804,5
12805,9
12805,5
12806,3
12806,5
12807,40
12807,9
12807,29
12807,1
12807,2
12807,4
12807,56
12807,13
12807,6
12808,3
12808,1
12808,5
12809,9
12809,83
12809,2
12809,3
12809,17
12810,9
12810,1
12810,4
12810,56
12810,6
12811,3
12811,5
12812,11
12812,3
12813,3
12813,5
12814,9
12814,5
12815,3
12815,5
12816,29
12816,9
12816,1
12817,3
12817,5
12818,9
12818,29
12818,1
12818,56
12818,111
12818,17
12819,29
12819,9
12819,1
12819,13
12820,9
12820,5
12821,3
12821,5
12822,3
12822,9
12822,5
12822,13
12823,9
12823,5
12824,4
12824,11
12824,1
12825,9
12825,5
12826,9
12826,5
12827,9
12827,5
12828,3
12828,5
12829,3
12829,5
12830,9
12830,5
12831,4
12831,9
12831,1
12831,5
12832,3
12833,3
12833,5
12834,4
12834,11
12834,1
12835,3
12835,5
12836,3
12836,5
12837,3
12837,5
12838,3
12838,5
12839,3
12839,161
12840,1
12840,5
12841,9
12841,1
12841,4
12841,56
12841,6
12842,9
12842,1
12842,4
12842,56
12842,6
12843,5
12843,9
12843,1
12844,29
12844,9
12844,1
12844,111
12845,9
12845,5
12846,9
12846,5
12847,9
12847,5
12848,9
12848,5
12849,9
12849,1
12849,4
12849,56
12849,6
12850,9
12850,5
12851,29
12851,9
12851,1
12852,9
12852,83
12852,2
12852,3
12852,17
12853,9
12853,1
12853,4
12853,56
12853,6
12854,3
12854,5
12855,9
12855,5
12856,9
12856,1
12856,4
12856,56
12856,6
12857,3
12857,5
12858,3
12858,5
12859,3
12859,1
12859,5
12860,3
12860,5
12861,3
12861,5
12862,29
12862,1
12863,9
12863,1
12863,4
12863,56
12863,6
12864,9
12864,1
12864,4
12864,56
12864,6
12865,9
12865,5
12866,3
12866,5
12867,9
12867,5
12868,4
12868,1
12868,6
12869,29
12869,1
12870,3
12870,5
12871,9
12871,1
12872,3
12872,5
12873,3
12873,1
12873,5
12874,1
12874,4
12874,74
12874,75
12874,17
12875,29
12875,1
12876,29
12876,1
12877,9
12877,5
12878,3
12878,9
12878,5
12879,3
12879,5
12880,3
12880,5
12881,3
12881,5
12882,9
12882,5
12883,40
12883,9
12883,29
12883,1
12883,2
12883,4
12883,56
12883,13
12883,6
12884,3
12884,5
12885,3
12885,5
12886,3
12886,5
12887,3
12888,9
12888,5
12889,9
12889,5
12890,2
12890,11
12890,5
12890,13
12891,29
12891,1
12891,5
12892,3
12892,5
12893,40
12893,9
12893,29
12893,1
12893,2
12893,4
12893,56
12893,13
12893,6
12894,29
12894,4
12895,1
12896,40
12896,9
12896,29
12896,1
12896,2
12896,4
12896,56
12896,13
12896,6
12897,3
12898,47
12898,29
12898,4
12898,3
12898,6
12899,9
12899,5
12900,3
12901,3
12901,5
12902,29
12902,9
12902,1
12903,3
12903,1
12904,3
12904,5
12905,29
12905,1
12905,5
12905,13
12905,17
12906,3
12906,9
12906,5
12907,2
12907,3
12908,3
12908,5
12909,3
12910,2
12910,3
12911,3
12911,13
12912,9
12912,5
12913,9
12913,83
12913,2
12913,3
12913,17
12914,2
12914,1
12915,4
12915,9
12915,1
12915,5
12916,2
12916,3
12917,9
12917,5
12918,29
12918,1
12918,5
12919,9
12919,5
12920,9
12920,5
12921,3
12921,5
12922,3
12922,13
12923,9
12923,5
12924,29
12924,9
12924,1
12925,3
12925,5
12926,3
12926,5
12927,9
12927,5
12928,29
12928,9
12928,1
12929,29
12929,9
12929,1
12930,3
12930,9
12930,5
12931,3
12931,5
12932,3
12932,5
12933,29
12933,9
12933,1
12934,4
12934,3
12934,1
12934,5
12935,29
12935,9
12935,1
12936,9
12936,1
12936,83
12936,5
12936,6
12937,29
12937,9
12937,1
12938,29
12938,9
12938,1
12939,3
12939,9
12939,5
12940,9
12940,5
12941,9
12941,5
12942,29
12942,9
12942,1
12943,9
12943,5
12944,3
12944,1
12944,5
12945,3
12945,5
12946,29
12946,1
12946,5
12947,3
12947,5
12948,9
12948,5
12949,3
12949,5
12950,3
12951,9
12951,5
12952,29
12952,9
12952,1
12953,9
12953,5
12954,29
12954,9
12954,1
12955,3
12956,9
12956,5
12957,3
12957,5
12958,3
12958,9
12958,5
12959,3
12959,9
12959,1
12960,3
12960,5
12961,3
12962,2
12962,3
12962,9
12962,5
12963,9
12963,1
12963,5
12964,5
12964,3
12964,9
12964,1
12965,3
12965,9
12965,5
12966,3
12966,5
12967,2
12967,29
12968,1
12968,4
12968,74
12968,75
12968,17
12969,1
12969,4
12969,74
12969,75
12969,17
12970,3
12970,5
12971,5
12971,17
12971,13
12972,3
12972,5
12973,2
12973,1
12974,40
12974,5
12975,29
12975,9
12976,4
12976,11
12976,1
12977,3
12977,5
12978,29
12978,9
12978,1
12979,4
12979,9
12979,1
12979,5
12980,9
12980,1
12981,2
12981,29
12982,2
12982,1
12983,4
12983,1
12983,6
12984,9
12984,1
12984,5
12985,3
12985,5
12986,2
12986,29
12987,3
12987,5
12988,4
12988,1
12988,6
12989,3
12989,161
12990,9
12990,5
12991,3
12991,5
12992,9
12992,5
12993,29
12993,9
12993,1
12994,2
12994,29
12995,9
12995,5
12996,29
12996,1
12996,5
12996,13
12996,17
12997,3
12997,5
12998,9
12998,5
12999,9
12999,5
13000,4
13000,1
13000,6
13001,29
13001,1
13001,5
13002,29
13002,1
13002,5
13003,3
13003,13
13004,9
13004,5
13005,5
13006,3
13006,5
13007,9
13007,1
13008,19
13009,29
13009,9
13009,1
13009,13
13010,3
13010,5
13010,13
13011,3
13011,161
13012,5
13012,1
13012,17
13012,13
13013,5
13013,1
13013,17
13013,13
13014,9
13014,1
13014,5
13015,2
13015,1
13016,1
13016,4
13016,74
13016,75
13016,17
13017,2
13017,29
13018,2
13018,1
13019,9
13020,4
13020,1
13020,6
13021,9
13022,29
13022,1
13023,9
13024,29
13024,1
13025,29
13025,1
13026,9
13026,5
13027,29
13027,1
13027,5
13027,13
13027,17
13028,2
13028,29
13029,4
13029,1
13029,6
13030,9
13030,5
13031,9
13031,5
13032,9
13032,5
13033,9
13033,5
13034,9
13034,1
13034,5
13034,13
13035,9
13035,1
13035,5
13035,13
13036,9
13036,5
13037,3
13037,9
13037,5
13038,3
13038,5
13039,4
13039,1
13039,6
13040,1
13040,4
13040,74
13040,75
13040,17
13041,29
13041,1
13041,5
13042,40
13042,9
13042,29
13042,1
13042,2
13042,4
13042,56
13042,13
13042,6
13043,29
13043,9
13043,1
13044,9
13044,5
13045,3
13045,13
13046,9
13046,5
13047,3
13047,5
13047,13
13048,5
13049,3
13049,5
13050,3
13050,5
13051,9
13051,5
13052,9
13052,1
13052,5
13053,29
13053,1
13054,3
13054,5
13055,9
13055,1
13056,29
13056,9
13056,1
13057,2
13057,1
13058,3
13058,5
13059,9
13059,5
13060,4
13060,1
13060,6
13061,3
13061,161
13061,17
13062,2
13062,29
13063,2
13063,29
13064,40
13064,9
13064,29
13064,1
13064,2
13064,4
13064,56
13064,13
13064,6
13065,2
13065,29
13066,2
13066,29
13067,40
13067,9
13067,29
13067,1
13067,2
13067,4
13067,56
13067,13
13067,6
13068,2
13068,29
13069,40
13069,9
13069,29
13069,1
13069,2
13069,4
13069,56
13069,13
13069,6
13070,40
13070,9
13070,29
13070,1
13070,2
13070,4
13070,56
13070,13
13070,6
13071,2
13071,29
13072,9
13072,5
13073,40
13073,9
13073,29
13073,1
13073,2
13073,4
13073,56
13073,13
13073,6
13074,2
13074,29
13075,40
13075,9
13075,29
13075,1
13075,2
13075,4
13075,56
13075,13
13075,6
13076,2
13076,29
13077,2
13077,29
13078,40
13078,9
13078,29
13078,1
13078,2
13078,4
13078,56
13078,13
13078,6
13079,2
13079,29
13080,40
13080,9
13080,29
13080,1
13080,2
13080,4
13080,56
13080,13
13080,6
13081,2
13081,29
13082,40
13082,9
13082,29
13082,1
13082,2
13082,4
13082,56
13082,13
13082,6
13083,40
13083,9
13083,29
13083,1
13083,2
13083,4
13083,56
13083,13
13083,6
13084,2
13084,29
13085,40
13085,9
13085,29
13085,1
13085,2
13085,4
13085,56
13085,13
13085,6
13086,2
13086,29
13087,40
13087,9
13087,29
13087,1
13087,2
13087,4
13087,56
13087,13
13087,6
13088,2
13088,29
13089,2
13089,29
13090,40
13090,9
13090,29
13090,1
13090,2
13090,4
13090,56
13090,13
13090,6
13091,40
13091,9
13091,29
13091,1
13091,2
13091,4
13091,56
13091,13
13091,6
13092,2
13092,29
13093,2
13093,29
13094,40
13094,9
13094,29
13094,1
13094,2
13094,4
13094,56
13094,13
13094,6
13095,2
13095,29
13096,40
13096,9
13096,29
13096,1
13096,2
13096,4
13096,56
13096,13
13096,6
13097,40
13097,9
13097,29
13097,1
13097,2
13097,4
13097,56
13097,13
13097,6
13098,40
13098,9
13098,29
13098,1
13098,2
13098,4
13098,56
13098,13
13098,6
13099,2
13099,29
13100,40
13100,9
13100,29
13100,1
13100,2
13100,4
13100,56
13100,13
13100,6
13101,2
13101,29
13102,2
13102,29
13103,2
13103,29
13104,2
13104,29
13105,2
13105,29
13106,2
13106,29
13107,2
13107,29
13108,3
13109,3
13109,9
13109,5
13110,3
13110,5
13111,9
13111,5
13112,2
13112,1
13113,3
13114,3
13115,9
13115,5
13116,4
13116,3
13117,3
13117,5
13118,40
13118,9
13118,29
13118,1
13118,17
13118,6
13119,9
13119,1
13119,5
13120,3
13120,5
13121,3
13121,5
13122,29
13122,1
13123,3
13123,1
13123,5
13124,9
13124,5
13125,3
13125,1
13125,5
13126,3
13126,5
13127,166
13127,19
13128,3
13128,13
13128,6
13129,29
13129,1
13130,3
13130,161
13131,29
13131,9
13131,1
13132,11
13132,3
13133,29
13133,9
13133,1
13134,3
13134,9
13134,5
13135,3
13135,5
13136,3
13136,5
13137,9
13137,5
13137,13
13138,3
13138,5
13139,166
13139,19
13140,3
13141,3
13141,5
13142,29
13142,6
13142,17
13142,83
13143,3
13143,5
13144,3
13144,5
13145,166
13145,19
13146,29
13146,9
13146,1
13147,3
13148,9
13148,5
13149,3
13150,40
13150,9
13150,29
13150,1
13150,2
13150,4
13150,56
13150,13
13150,6
13151,3
13151,5
13152,29
13152,9
13152,1
13153,12
13153,3
13153,56
13153,5
13153,74
13153,17
13154,3
13154,5
13155,3
13156,9
13156,5
13157,29
13157,9
13157,1
13158,3
13158,5
13159,9
13159,5
13160,9
13160,5
13161,2
13161,3
13161,1
13161,5
13162,3
13162,5
13163,29
13163,1
13163,5
13164,12
13164,3
13164,56
13164,5
13164,74
13164,17
13165,29
13165,1
13165,5
13166,9
13166,5
13167,3
13167,5
13168,29
13168,3
13168,11
13168,5
13169,4
13169,1
13169,6
13170,3
13170,5
13171,3
13171,5
13172,3
13172,13
13173,40
13173,9
13173,29
13173,1
13173,17
13173,6
13174,3
13174,5
13175,29
13175,9
13175,1
13176,9
13176,5
13177,9
13177,5
13178,9
13178,5
13179,3
13179,5
13180,3
13180,5
13181,9
13181,5
13182,29
13182,1
13182,5
13183,29
13183,1
13183,5
13184,9
13184,5
13185,40
13185,1
13185,5
13186,3
13186,5
13187,29
13187,1
13187,5
13188,3
13188,5
13189,40
13189,1
13189,5
13190,3
13190,5
13191,3
13191,5
13192,40
13192,9
13192,29
13192,1
13192,2
13192,4
13192,56
13192,13
13192,6
13193,3
13193,9
13193,5
13193,13
13194,9
13194,5
13195,9
13195,5
13196,4
13196,11
13196,1
13197,9
13197,5
13198,3
13198,5
13199,1
13199,5
13200,9
13200,5
13201,3
13202,3
13203,2
13203,3
13204,3
13204,161
13205,1
13205,3
13205,5
13205,13
13205,17
13206,29
13206,13
13206,6
13207,29
13207,1
13208,29
13208,1
13208,5
13209,3
13209,13
13210,9
13210,5
13211,1
13211,5
13212,3
13212,5
13213,3
13213,5
13214,9
13214,5
13215,9
13215,5
13216,4
13216,11
13216,1
13217,3
13217,9
13217,5
13218,4
13218,11
13218,1
13219,9
13219,5
13220,9
13220,5
13221,5
13221,9
13221,1
13222,9
13222,5
13223,3
13223,13
13224,3
13224,13
13225,9
13225,5
13226,3
13226,13
13227,9
13227,5
13228,9
13228,5
13229,9
13229,5
13230,29
13230,1
13230,5
13231,4
13231,11
13231,1
13232,4
13232,9
13232,1
13232,5
13233,9
13233,5
13234,3
13234,9
13234,5
13235,9
13235,5
13236,9
13236,5
13237,9
13237,5
13238,9
13238,1
13239,3
13239,5
13240,9
13240,5
13241,3
13241,13
13242,3
13242,5
13243,3
13243,13
13244,3
13244,13
13245,3
13245,13
13246,9
13246,5
13247,9
13247,5
13248,3
13248,1
13249,3
13249,13
13250,3
13250,13
13251,29
13251,1
13252,3
13252,9
13252,5
13253,9
13253,5
13254,3
13254,5
13255,40
13255,1
13255,5
13256,3
13256,13
13257,3
13257,5
13258,3
13258,5
13259,40
13259,1
13259,5
13260,3
13260,5
13261,3
13261,5
13262,40
13262,1
13262,5
13263,3
13263,5
13264,3
13264,5
13265,4
13265,9
13265,1
13265,5
13266,3
13266,5
13267,9
13268,9
13268,5
13269,1
13269,2
13269,3
13269,4
13269,5
13269,6
13270,9
13270,1
13270,13
13270,83
13271,4
13271,1
13271,6
13272,3
13272,5
13273,29
13273,9
13273,1
13274,29
13274,9
13274,1
13275,4
13275,1
13275,6
13276,9
13276,5
13277,29
13277,4
13278,29
13278,13
13278,6
13279,9
13280,3
13280,5
13281,2
13281,29
13282,3
13283,3
13283,5
13284,2
13284,1
13285,11
13285,5
13286,3
13286,5
13287,9
13287,1
13287,5
13288,9
13289,2
13289,29
13290,3
13290,161
13291,3
13291,5
13292,2
13292,1
13293,9
13293,1
13294,3
13295,9
13295,5
13296,40
13296,9
13296,29
13296,1
13296,2
13296,4
13296,56
13296,13
13296,6
13297,5
13297,9
13297,1
13298,2
13298,29
13299,9
13300,3
13300,1
13300,5
13301,9
13301,1
13302,9
13302,1
13302,4
13302,56
13302,6
13303,2
13303,1
13304,9
13304,5
13304,13
13305,3
13305,5
13306,29
13306,9
13306,1
13307,9
13307,1
13307,4
13307,56
13307,6
13308,9
13308,5
13309,29
13309,9
13309,1
13310,1
13310,5
13311,9
13311,5
13312,29
13312,1
13313,9
13313,5
13314,9
13314,5
13315,9
13315,5
13316,3
13316,5
13317,3
13317,5
13318,9
13318,5
13319,29
13319,9
13319,1
13319,111
13320,9
13320,5
13321,9
13321,5
13322,9
13322,5
13323,9
13323,5
13324,29
13324,1
13325,9
13325,5
13325,13
13326,9
13326,5
13327,9
13327,5
13328,9
13328,5
13329,9
13329,5
13330,3
13330,9
13330,5
13331,3
13331,5
13332,29
13332,9
13333,3
13334,9
13334,5
13335,9
13335,5
13336,9
13336,5
13337,9
13337,5
13338,9
13338,5
13339,3
13339,9
13339,5
13340,3
13341,3
13341,9
13341,5
13342,40
13342,1
13342,5
13343,3
13343,1
13343,5
13344,9
13344,5
13345,12
13345,3
13345,56
13345,5
13345,74
13345,17
13346,3
13346,1
13346,5
13347,2
13347,3
13347,5
13348,5
13349,9
13349,1
13350,29
13350,9
13350,1
13351,3
13351,1
13351,5
13352,29
13352,9
13352,1
13352,5
13353,2
13353,9
13353,1
13353,5
13354,11
13354,3
13354,5
13355,3
13355,9
13355,1
13355,5
13356,9
13356,1
13357,3
13357,5
13358,3
13358,9
13358,1
13358,5
13359,9
13359,1
13360,3
13360,5
13361,29
13361,9
13361,1
13361,5
13362,3
13362,9
13362,5
13362,13
13363,3
13363,5
13364,3
13364,5
13365,3
13365,1
13365,5
13366,3
13366,9
13366,1
13366,5
13367,3
13367,5
13367,13
13368,29
13368,9
13368,1
13369,29
13369,1
13370,9
13370,5
13371,3
13371,1
13372,29
13372,9
13372,1
13373,29
13373,9
13374,9
13374,5
13375,4
13375,1
13375,6
13376,9
13376,5
13377,3
13377,9
13377,5
13377,13
13378,4
13378,1
13378,6
13379,3
13379,5
13380,9
13380,5
13381,29
13381,1
13382,4
13382,1
13382,6
13383,29
13383,9
13384,9
13384,5
13385,4
13385,1
13385,6
13386,4
13386,1
13386,6
13387,9
13387,5
13388,29
13388,9
13389,1
13389,2
13389,3
13389,4
13389,5
13389,6
13390,9
13390,1
13390,4
13390,56
13390,6
13391,29
13391,9
13391,1
13392,9
13392,5
13393,3
13394,9
13394,5
13395,4
13395,1
13395,6
13396,4
13396,1
13396,6
13397,3
13397,9
13397,5
13398,9
13398,5
13399,9
13399,5
13400,9
13400,5
13401,4
13401,1
13401,6
13402,9
13402,1
13403,4
13403,1
13403,6
13404,9
13404,5
13405,9
13405,5
13406,9
13406,5
13407,9
13407,1
13408,3
13408,5
13409,4
13409,1
13409,6
13410,3
13410,13
13411,3
13411,5
13412,9
13412,5
13413,29
13413,9
13413,1
13414,9
13414,1
13414,6
13415,2
13415,9
13415,1
13415,5
13416,29
13416,1
13417,3
13417,9
13417,5
13418,9
13418,5
13419,3
13419,13
13420,9
13420,1
13420,4
13420,56
13420,6
13421,9
13421,1
13421,4
13421,56
13421,6
13422,9
13422,5
13423,3
13423,19
13424,3
13424,19
13425,4
13425,9
13425,1
13425,5
13426,4
13426,11
13426,1
13427,4
13427,9
13427,1
13427,5
13428,3
13428,5
13429,3
13429,5
13430,47
13430,83
13430,2
13430,13
13430,17
13430,6
13431,3
13431,19
13432,4
13432,1
13432,6
13433,29
13433,6
13433,17
13433,83
13434,3
13434,5
13435,9
13435,1
13435,4
13435,56
13435,6
13436,3
13436,19
13437,29
13437,9
13437,1
13438,29
13438,9
13439,3
13439,5
13440,3
13440,5
13441,29
13441,9
13441,1
13441,5
13442,3
13442,5
13443,3
13443,5
13444,4
13444,11
13444,1
13445,40
13445,9
13445,29
13445,1
13445,2
13445,4
13445,56
13445,13
13445,6
13446,3
13446,5
13447,2
13447,3
13447,1
13447,5
13448,9
13448,1
13448,6
13449,29
13449,1
13450,9
13450,5
13451,47
13451,83
13451,2
13451,13
13451,17
13451,6
13452,1
13452,2
13452,3
13452,4
13452,5
13452,6
13453,1
13453,2
13453,3
13453,4
13453,5
13453,6
13454,3
13455,9
13455,5
13456,3
13456,5
13457,9
13457,5
13458,9
13458,5
13459,9
13459,5
13460,9
13460,5
13461,29
13461,9
13461,1
13462,9
13462,5
13463,29
13463,9
13463,1
13464,29
13464,9
13464,1
13465,3
13465,5
13466,3
13467,9
13467,5
13468,9
13468,5
13469,9
13469,5
13470,29
13470,1
13471,9
13471,5
13472,166
13472,19
13473,2
13473,3
13474,29
13474,9
13474,1
13475,9
13475,5
13476,9
13476,5
13477,166
13477,19
13478,166
13478,19
13479,166
13479,19
13480,166
13480,19
13481,2
13481,3
13482,1
13482,4
13482,74
13482,75
13482,17
13483,9
13483,1
13484,29
13484,1
13484,5
13485,3
13485,5
13486,3
13486,5
13487,9
13487,1
13487,4
13487,56
13487,6
13488,9
13488,1
13488,4
13488,56
13488,6
13489,29
13489,9
13489,1
13489,111
13490,1
13490,4
13490,74
13490,75
13490,17
13491,9
13491,5
13492,9
13492,5
13493,3
13493,13
13494,29
13494,9
13494,1
13494,111
13495,9
13495,5
13496,29
13496,9
13496,1
13496,111
13497,29
13497,1
13497,5
13498,29
13498,1
13498,5
13499,2
13499,1
13500,29
13500,9
13500,1
13500,111
13501,3
13501,5
13502,29
13502,1
13502,5
13503,9
13503,5
13504,29
13504,1
13505,29
13505,1
13506,4
13506,11
13506,1
13507,29
13507,9
13507,1
13508,9
13508,5
13509,9
13509,5
13510,9
13510,5
13511,9
13511,5
13512,9
13512,5
13513,3
13513,1
13513,5
13514,9
13514,5
13515,9
13515,5
13516,1
13516,5
13517,9
13517,1
13517,5
13517,13
13518,3
13519,3
13519,1
13519,5
13520,9
13521,9
13521,5
13522,9
13522,5
13523,9
13523,5
13524,9
13524,5
13525,4
13525,1
13525,6
13526,9
13526,5
13527,3
13528,3
13528,5
13529,9
13529,1
13530,3
13530,5
13531,3
13532,9
13532,5
13533,9
13533,5
13533,13
13534,3
13534,5
13535,3
13536,29
13536,9
13536,1
13537,9
13537,5
13537,13
13538,9
13538,1
13538,4
13538,56
13538,6
13539,9
13539,1
13540,9
13541,29
13541,1
13541,5
13542,9
13542,5
13543,9
13543,5
13544,3
13545,9
13545,5
13546,3
13546,5
13547,3
13547,161
13548,9
13548,5
13549,9
13549,5
13550,3
13550,5
13551,4
13551,1
13551,6
13552,3
13553,1
13553,5
13554,9
13554,5
13555,9
13555,5
13556,166
13556,19
13557,40
13557,9
13557,29
13557,1
13557,5
13557,13
13558,9
13559,40
13559,9
13559,29
13559,1
13559,5
13559,13
13560,1
13560,2
13560,3
13560,4
13560,5
13560,6
13561,3
13561,5
13562,9
13562,5
13563,3
13563,5
13563,13
13563,6
13564,3
13565,1
13565,5
13566,9
13567,29
13567,6
13567,17
13567,83
13568,4
13568,11
13568,1
13569,4
13569,9
13569,1
13569,5
13570,2
13570,29
13571,3
13571,9
13571,1
13571,5
13572,29
13572,1
13573,3
13574,3
13574,5
13575,3
13575,5
13576,3
13576,9
13576,5
13577,3
13578,29
13578,1
13579,4
13579,9
13579,1
13579,5
13580,1
13580,5
13581,9
13581,1
13582,9
13582,5
13583,4
13583,9
13583,1
13583,5
13584,9
13584,5
13585,29
13585,1
13586,3
13586,5
13587,2
13587,1
13588,29
13588,1
13589,3
13589,5
13590,9
13590,1
13590,5
13591,3
13591,5
13592,3
13592,5
13593,4
13593,5
13594,9
13594,1
13594,5
13595,4
13595,11
13595,1
13596,2
13596,3
13596,9
13597,3
13597,11
13598,3
13598,11
13599,3
13599,11
13600,2
13600,3
13601,3
13601,19
13602,3
13602,1
13602,5
13603,3
13603,19
13604,9
13604,5
13605,9
13605,5
13606,2
13606,1
13607,3
13607,9
13607,5
13607,13
13608,3
13608,5
13609,3
13609,5
13610,3
13610,9
13610,5
13610,13
13611,3
13611,1
13611,5
13612,9
13612,5
13613,2
13613,1
13614,2
13614,1
13615,2
13615,1
13616,9
13616,1
13616,4
13616,56
13616,6
13617,4
13617,9
13617,1
13617,5
13618,2
13618,1
13619,1
13619,17
13620,3
13621,40
13621,9
13621,29
13621,1
13621,2
13621,4
13621,56
13621,13
13621,6
13622,29
13622,9
13622,1
13623,3
13623,1
13623,5
13624,3
13624,5
13625,5
13625,9
13625,1
13626,3
13626,5
13627,9
13627,5
13628,9
13628,5
13629,9
13629,5
13630,3
13630,1
13630,5
13631,9
13631,5
13632,3
13632,13
13633,29
13633,9
13633,1
13634,9
13635,3
13635,13
13636,9
13636,5
13637,3
13638,3
13638,5
13639,3
13639,5
13640,3
13640,5
13641,3
13641,5
13642,3
13642,5
13643,3
13643,5
13644,3
13644,5
13645,3
13645,5
13646,3
13646,5
13647,3
13647,5
13648,9
13648,5
13649,9
13649,5
13650,3
13650,5
13651,3
13651,5
13652,29
13652,5
13653,3
13653,19
13654,3
13654,5
13655,3
13655,5
13656,3
13656,5
13657,3
13657,5
13658,3
13658,5
13659,3
13660,4
13660,9
13660,1
13660,5
13661,29
13661,5
13662,29
13662,5
13663,29
13663,5
13664,29
13664,5
13665,29
13665,5
13666,3
13666,5
13667,9
13668,9
13669,2
13669,11
13669,5
13669,13
13670,3
13670,1
13670,5
13671,3
13671,1
13671,5
13672,166
13672,19
13673,3
13673,5
13674,3
13675,1
13675,5
13676,3
13676,1
13676,5
13677,9
13678,3
13678,1
13678,5
13679,40
13679,1
13679,5
13680,1
13680,5
13681,9
13681,1
13681,83
13681,5
13681,6
13682,29
13682,5
13683,29
13683,5
13684,29
13684,1
13685,9
13685,83
13685,2
13685,3
13685,17
13686,3
13687,3
13688,3
13689,3
13690,3
13690,5
13691,3
13691,5
13692,5
13692,9
13692,1
13693,9
13693,5
13694,3
13695,3
13696,1
13696,4
13696,74
13696,75
13696,17
13697,9
13697,5
13698,4
13698,1
13698,6
13699,2
13699,1
13700,9
13700,5
13701,29
13701,9
13701,1
13702,3
13702,5
13703,9
13703,5
13704,3
13704,5
13705,29
13705,9
13705,1
13706,166
13706,19
13707,13
13707,6
13708,9
13708,5
13709,3
13709,9
13709,5
13709,13
13710,3
13710,1
13710,5
13711,11
13711,3
13711,5
13712,3
13712,161
13713,9
13713,1
13713,5
13714,9
13714,5
13715,29
13715,9
13715,1
13716,3
13716,161
13716,17
13717,9
13717,5
13718,9
13718,5
13719,1
13719,5
13720,3
13720,13
13720,6
13721,3
13721,161
13721,17
13722,2
13722,29
13723,11
13723,5
13724,2
13724,29
13725,9
13725,5
13726,40
13726,9
13726,29
13726,1
13726,2
13726,4
13726,56
13726,13
13726,6
13727,40
13727,9
13727,29
13727,1
13727,2
13727,4
13727,56
13727,13
13727,6
13728,9
13728,5
13729,2
13729,29
13730,9
13730,5
13730,13
13731,2
13731,29
13732,9
13732,5
13732,13
13733,9
13733,5
13733,13
13734,2
13734,29
13735,9
13735,5
13735,13
13736,2
13736,29
13737,2
13737,29
13738,9
13738,5
13738,13
13739,2
13739,29
13740,9
13740,5
13740,13
13741,9
13741,5
13741,13
13742,2
13742,29
13743,2
13743,29
13744,9
13744,5
13744,13
13745,9
13745,5
13745,13
13746,2
13746,29
13747,2
13747,29
13748,2
13748,29
13749,9
13749,5
13749,13
13750,9
13750,5
13750,13
13751,9
13751,5
13751,13
13752,9
13752,5
13752,13
13753,2
13753,29
13754,3
13754,5
13755,2
13755,29
13756,2
13756,3
13756,1
13756,5
13757,12
13757,3
13757,56
13757,5
13757,74
13757,17
13758,3
13758,9
13758,5
13758,13
13759,3
13759,5
13760,29
13760,6
13760,17
13760,83
13761,3
13761,9
13761,5
13762,9
13762,1
13762,5
13762,13
13763,3
13764,9
13764,5
13765,3
13765,5
13766,1
13766,5
13767,9
13767,1
13767,4
13767,56
13767,6
13768,3
13768,5
13769,29
13769,9
13769,1
13770,3
13770,161
13771,9
13771,5
13772,9
13772,5
13773,3
13774,3
13775,3
13776,9
13777,3
13777,161
13778,3
13779,9
13779,5
13780,1
13780,5
13781,3
13781,9
13781,5
13782,2
13782,9
13782,1
13782,5
13783,3
13783,5
13784,3
13785,29
13785,6
13785,17
13785,83
13786,2
13786,29
13787,9
13787,1
13787,5
13788,1
13788,5
13789,9
13789,5
13790,3
13790,11
13791,56
13791,5
13791,13
13792,3
13793,3
13793,11
13794,11
13794,9
13794,12
13794,1
13794,2
13794,5
13794,13
13795,40
13795,9
13795,29
13795,1
13795,5
13795,13
13796,3
13796,9
13796,1
13796,5
13797,3
13797,5
13798,5
13798,17
13798,13
13799,166
13799,19
13800,29
13800,5
13801,3
13801,5
13801,13
13802,3
13802,5
13803,3
13803,5
13804,166
13804,19
13805,29
13805,5
13806,1
13806,5
13807,3
13807,5
13807,13
13808,1
13808,5
13809,1
13809,5
13810,47
13810,29
13810,2
13810,5
13810,17
13811,2
13811,3
13812,1
13812,5
13813,9
13813,5
13814,29
13814,1
13814,5
13815,29
13815,9
13815,1
13815,111
13816,2
13816,3
13816,9
13816,5
13817,3
13818,9
13818,5
13819,29
13819,1
13820,1
13820,5
13821,3
13821,9
13821,5
13822,3
13823,9
13823,5
13824,9
13824,5
13825,3
13825,9
13825,5
13826,3
13826,1
13826,5
13827,3
13828,9
13828,5
13829,3
13829,5
13830,29
13830,1
13831,40
13831,9
13831,29
13831,1
13831,17
13831,6
13832,40
13832,1
13832,5
13833,3
13834,9
13834,5
13834,13
13835,29
13835,1
13836,3
13836,5
13837,9
13837,5
13838,29
13838,1
13839,29
13839,1
13840,9
13840,5
13841,166
13841,19
13842,29
13842,9
13843,9
13843,5
13844,2
13844,29
13845,3
13845,1
13845,5
13846,29
13846,1
13846,5
13846,13
13846,17
13847,9
13847,5
13848,29
13848,9
13849,9
13849,5
13850,9
13850,5
13851,9
13851,5
13852,3
13853,9
13853,5
13854,29
13854,1
13854,5
13855,2
13855,1
13856,9
13856,83
13856,2
13856,3
13856,17
13857,9
13857,5
13858,9
13859,29
13859,1
13860,3
13860,5
13861,5
13862,5
13863,3
13863,1
13863,5
13864,29
13864,1
13864,5
13865,9
13865,5
13866,166
13866,19
13867,1
13867,17
13868,3
13868,5
13869,9
13869,5
13870,9
13871,4
13871,11
13871,1
13872,9
13873,9
13873,5
13874,29
13874,13
13874,6
13875,29
13875,1
13875,5
13876,29
13876,13
13876,6
13877,166
13877,19
13878,29
13878,13
13878,6
13879,4
13879,11
13879,1
13880,3
13880,5
13881,3
13881,1
13881,5
13882,4
13882,9
13882,1
13882,5
13883,5
13883,9
13883,1
13884,1
13884,5
13885,2
13885,29
13886,9
13886,5
13886,13
13887,9
13887,5
13888,12
13888,3
13888,56
13888,5
13888,74
13888,17
13889,9
13889,5
13890,9
13890,1
13891,9
13892,9
13892,5
13893,9
13893,5
13894,9
13894,5
13895,3
13895,5
13896,29
13896,9
13896,1
13897,2
13897,1
13898,3
13898,5
13899,3
13899,5
13900,3
13900,5
13901,9
13901,1
13901,4
13901,56
13901,6
13902,3
13902,161
13903,3
13903,161
13904,9
13904,316
13904,1
13904,4
13904,3
13904,5
13904,17
13904,6
13905,3
13905,161
13906,3
13906,161
13907,3
13907,161
13908,3
13908,161
13909,3
13909,5
13910,3
13910,5
13911,3
13911,5
13912,3
13912,161
13913,3
13913,161
13914,2
13914,29
13915,9
13915,316
13915,1
13915,4
13915,3
13915,5
13915,17
13915,6
13916,3
13916,161
13917,9
13917,316
13917,1
13917,4
13917,3
13917,5
13917,17
13917,6
13918,3
13918,161
13919,3
13919,161
13920,3
13920,161
13921,3
13921,5
13922,3
13922,5
13923,3
13923,5
13924,3
13924,161
13925,9
13925,316
13925,1
13925,4
13925,3
13925,5
13925,17
13925,6
13926,9
13926,316
13926,1
13926,4
13926,3
13926,5
13926,17
13926,6
13927,3
13927,161
13928,2
13928,29
13929,3
13929,161
13930,3
13930,161
13931,3
13931,161
13932,3
13932,161
13933,29
13933,1
13934,3
13934,9
13934,1
13935,9
13935,5
13936,9
13937,2
13937,29
13938,166
13938,19
13939,29
13939,13
13939,6
13940,3
13940,5
13941,4
13941,11
13941,1
13942,9
13943,3
13943,5
13944,3
13944,5
13945,9
13945,5
13945,13
13946,2
13946,29
13947,2
13947,29
13948,9
13948,5
13948,13
13949,9
13949,5
13949,13
13950,2
13950,29
13951,9
13951,5
13952,9
13952,5
13952,13
13953,2
13953,29
13954,2
13954,29
13955,9
13955,5
13955,13
13956,9
13956,5
13956,13
13957,3
13957,1
13957,5
13958,2
13958,29
13959,3
13959,5
13960,3
13960,5
13961,3
13961,5
13962,3
13962,5
13963,3
13963,5
13964,3
13964,5
13965,3
13965,5
13966,3
13966,5
13967,3
13967,5
13968,3
13968,5
13969,3
13969,5
13970,3
13970,5
13971,3
13971,5
13972,3
13972,5
13973,3
13973,5
13974,3
13974,5
13975,3
13975,5
13976,3
13976,5
13977,3
13977,5
13978,3
13978,5
13979,3
13979,9
13979,5
13980,9
13980,5
13981,9
13981,5
13982,9
13982,5
13983,3
13984,9
13985,1
13985,5
13986,4
13986,1
13986,6
13987,2
13988,29
13988,9
13988,1
13989,29
13989,1
13989,5
13990,4
13990,40
13990,1
13990,75
13991,29
13991,9
13992,2
13992,9
13992,1
13992,5
13993,3
13993,5
13994,3
13994,5
13995,29
13995,1
13995,5
13996,3
13996,1
13997,2
13997,3
13997,5
13998,3
13998,5
13999,3
13999,9
13999,13
14000,29
14000,1
14000,5
14001,9
14001,83
14001,3
14001,111
14001,13
14001,6
14002,3
14002,9
14002,5
14003,9
14003,5
14004,9
14005,9
14005,5
14006,3
14006,9
14006,5
14007,9
14007,1
14007,4
14007,56
14007,6
14008,3
14008,5
14009,3
14009,5
14010,40
14010,9
14010,29
14010,1
14010,2
14010,4
14010,56
14010,13
14010,6
14011,4
14011,5
14012,3
14012,5
14013,9
14014,9
14014,1
14015,3
14015,5
14016,9
14016,5
14017,2
14017,3
14017,1
14017,5
14018,9
14018,5
14019,9
14019,5
14020,9
14020,5
14021,9
14021,1
14021,4
14021,56
14021,6
14022,17
14022,12
14022,9
14022,5
14023,29
14023,9
14023,1
14024,2
14024,29
14025,9
14025,1
14026,3
14026,5
14027,9
14028,11
14028,3
14029,9
14029,1
14030,9
14030,1
14031,2
14031,1
14032,3
14032,5
14033,9
14033,1
14033,83
14033,2
14033,17
14034,29
14034,1
14034,5
14035,29
14035,1
14035,5
14036,3
14037,3
14038,3
14039,3
14040,3
14041,29
14041,1
14042,9
14042,5
14043,3
14044,2
14044,9
14044,1
14044,5
14045,19
14046,1
14046,5
14047,3
14048,11
14048,3
14048,5
14049,1
14049,2
14049,3
14049,4
14049,5
14049,6
14050,9
14050,5
14050,13
14051,29
14051,1
14052,9
14052,5
14053,3
14053,1
14053,5
14054,2
14054,3
14055,11
14055,3
14055,5
14056,4
14056,9
14056,1
14056,5
14057,1
14057,5
14058,4
14058,3
14058,1
14058,5
14059,29
14059,1
14059,5
14060,11
14060,3
14060,5
14061,3
14062,3
14062,5
14063,3
14063,5
14064,9
14064,1
14065,11
14065,3
14065,5
14066,2
14066,3
14067,2
14067,1
14068,1
14068,5
14069,4
14069,9
14069,1
14069,5
14070,11
14070,3
14070,5
14071,3
14071,5
14072,9
14072,5
14073,3
14074,2
14074,1
14075,9
14075,5
14075,13
14076,9
14076,5
14076,13
14077,2
14077,29
14078,9
14078,5
14078,13
14079,9
14079,1
14080,3
14080,5
14081,2
14081,29
14082,29
14082,1
14082,5
14083,9
14083,5
14083,13
14084,2
14084,29
14085,2
14085,29
14086,9
14086,5
14086,13
14087,9
14087,5
14087,13
14088,2
14088,29
14089,9
14089,5
14089,13
14090,2
14090,29
14091,9
14091,5
14091,13
14092,2
14092,29
14093,9
14093,5
14093,13
14094,2
14094,29
14095,9
14095,5
14095,13
14096,9
14096,5
14096,13
14097,9
14097,5
14097,13
14098,2
14098,29
14099,2
14099,29
14100,2
14100,29
14101,2
14101,29
14102,2
14102,29
14103,9
14103,5
14103,13
14104,9
14104,5
14104,13
14105,9
14105,5
14105,13
14106,2
14106,29
14107,2
14107,29
14108,9
14108,5
14108,13
14109,9
14109,5
14109,13
14110,9
14110,5
14110,13
14111,2
14111,29
14112,2
14112,29
14113,2
14113,29
14114,9
14114,5
14114,13
14115,3
14115,5
14116,9
14116,5
14116,13
14117,3
14117,5
14118,2
14118,29
14119,2
14119,29
14120,3
14121,29
14121,9
14122,9
14122,1
14123,40
14123,9
14123,29
14123,1
14123,2
14123,4
14123,56
14123,13
14123,6
14124,9
14125,3
14125,9
14125,5
14126,2
14126,1
14127,3
14127,5
14128,3
14128,5
14129,3
14129,161
14129,5
14129,83
14130,9
14130,5
14131,3
14131,161
14132,29
14132,1
14133,3
14133,161
14134,5
14134,17
14134,13
14135,40
14135,1
14135,5
14136,3
14136,9
14136,5
14137,3
14137,5
14138,3
14138,5
14139,3
14139,5
14140,4
14140,9
14140,1
14140,5
14141,3
14141,5
14142,4
14142,1
14142,6
14143,4
14143,1
14143,6
14144,9
14144,1
14144,13
14144,83
14145,3
14145,5
14146,9
14146,5
14147,3
14147,5
14148,40
14148,9
14148,29
14148,1
14148,2
14148,4
14148,56
14148,13
14148,6
14149,29
14149,9
14149,1
14150,40
14150,9
14150,29
14150,1
14150,2
14150,4
14150,56
14150,13
14150,6
14151,9
14151,5
14152,3
14152,13
14153,5
14154,29
14154,13
14154,6
14155,40
14155,9
14155,29
14155,1
14155,2
14155,4
14155,56
14155,13
14155,6
14156,9
14157,9
14158,9
14158,1
14158,6
14159,29
14159,13
14159,6
14160,9
14161,5
14162,9
14163,13
14163,6
14164,9
14165,9
14166,29
14166,13
14166,6
14167,9
14168,29
14168,13
14168,6
14169,9
14170,29
14170,13
14170,6
14171,9
14172,13
14172,6
14173,9
14174,29
14174,13
14174,6
14175,9
14176,29
14176,13
14176,6
14177,5
14178,9
14179,29
14179,13
14179,6
14180,9
14181,13
14181,6
14182,29
14182,13
14182,6
14183,9
14184,9
14185,5
14186,9
14187,13
14187,6
14188,9
14189,9
14189,1
14189,6
14190,9
14190,1
14191,9
14192,9
14193,9
14194,5
14195,5
14196,9
14196,1
14196,6
14197,9
14198,9
14198,1
14198,6
14199,9
14200,9
14201,9
14201,1
14201,6
14202,9
14203,9
14203,1
14203,6
14204,13
14204,6
14205,9
14206,9
14207,9
14207,1
14207,6
14208,13
14208,6
14209,9
14210,9
14211,29
14211,13
14211,6
14212,29
14212,13
14212,6
14213,9
14214,9
14215,29
14215,13
14215,6
14216,9
14217,9
14217,1
14217,6
14218,9
14219,29
14219,13
14219,6
14220,13
14220,6
14221,9
14222,5
14223,9
14224,5
14225,9
14226,11
14226,3
14226,5
14227,3
14227,5
14228,9
14229,3
14229,5
14230,13
14230,6
14231,2
14231,29
14232,3
14232,11
14232,1
14232,5
14233,3
14233,13
14234,9
14235,3
14235,5
14236,11
14236,3
14236,5
14237,11
14237,3
14237,5
14238,11
14238,3
14238,5
14239,11
14239,3
14239,5
14240,11
14240,3
14240,5
14241,11
14241,3
14241,5
14242,11
14242,3
14242,5
14243,11
14243,3
14243,5
14244,11
14244,3
14244,5
14245,29
14245,9
14245,1
14246,12
14246,3
14246,56
14246,5
14246,74
14246,17
14247,5
14247,1
14247,17
14247,13
14248,5
14248,1
14248,17
14248,13
14249,29
14249,9
14249,1
14250,11
14250,3
14250,5
14251,11
14251,3
14251,5
14252,11
14252,3
14252,5
14253,11
14253,3
14253,5
14254,11
14254,3
14254,5
14255,11
14255,3
14255,5
14256,11
14256,3
14256,5
14257,11
14257,3
14257,5
14258,11
14258,3
14258,5
14259,11
14259,3
14259,5
14260,12
14260,3
14260,56
14260,5
14260,74
14260,17
14261,12
14261,3
14261,56
14261,5
14261,74
14261,17
14262,5
14262,1
14262,17
14262,13
14263,5
14263,1
14263,17
14263,13
14264,5
14264,1
14264,17
14264,13
14265,5
14265,1
14265,17
14265,13
14266,5
14266,1
14266,17
14266,13
14267,5
14267,1
14267,17
14267,13
14268,5
14268,1
14268,17
14268,13
14269,5
14269,1
14269,17
14269,13
14270,5
14270,1
14270,17
14270,13
14271,5
14271,1
14271,17
14271,13
14272,5
14272,1
14272,17
14272,13
14273,5
14273,1
14273,17
14273,13
14274,11
14274,3
14274,5
14275,11
14275,3
14275,5
14276,5
14276,1
14276,17
14276,13
14277,11
14277,3
14277,5
14278,3
14278,5
14279,3
14279,5
14280,9
14280,1
14280,6
14281,9
14281,1
14282,29
14282,9
14282,1
14283,1
14283,5
14284,29
14284,9
14284,1
14284,111
14285,11
14285,3
14285,5
14286,4
14286,9
14286,1
14286,5
14287,9
14287,83
14287,2
14287,3
14287,17
14288,3
14288,5
14289,40
14289,9
14289,29
14289,1
14289,2
14289,4
14289,56
14289,13
14289,6
14290,2
14290,29
14291,3
14291,11
14291,1
14291,5
14292,5
14292,9
14292,1
14293,40
14293,1
14293,5
14294,1
14294,5
14295,29
14295,9
14295,1
14295,111
14296,9
14296,83
14296,2
14296,3
14296,17
14297,3
14297,5
14298,11
14298,3
14298,5
14299,4
14299,9
14299,1
14299,5
14300,3
14300,5
14301,47
14301,29
14301,4
14301,3
14301,6
14302,2
14302,29
14303,3
14303,11
14303,1
14303,5
14304,5
14304,9
14304,1
14305,1
14305,5
14306,29
14306,9
14306,1
14306,111
14307,9
14307,5
14308,5
14308,9
14308,1
14309,4
14309,9
14309,1
14309,5
14310,3
14310,5
14311,3
14311,5
14312,2
14312,29
14313,29
14313,9
14313,1
14314,29
14314,9
14314,1
14314,5
14315,5
14315,9
14315,1
14316,9
14317,3
14317,5
14318,1
14318,5
14319,29
14319,9
14319,1
14319,111
14320,9
14320,83
14320,2
14320,3
14320,17
14321,29
14321,9
14321,1
14321,111
14322,3
14322,5
14323,3
14323,5
14324,40
14324,9
14324,29
14324,1
14324,2
14324,4
14324,56
14324,13
14324,6
14325,3
14325,5
14326,29
14326,9
14326,1
14327,3
14327,5
14328,4
14328,9
14328,1
14328,5
14329,2
14329,29
14330,3
14330,5
14331,9
14331,83
14331,2
14331,3
14331,17
14332,3
14332,5
14333,9
14334,29
14334,9
14334,1
14335,5
14335,9
14335,1
14336,29
14336,9
14336,1
14336,111
14337,29
14337,9
14337,1
14337,111
14338,1
14338,5
14339,9
14339,83
14339,2
14339,3
14339,17
14340,3
14340,5
14341,3
14341,5
14342,4
14342,9
14342,1
14342,5
14343,29
14343,9
14343,1
14344,29
14344,9
14344,1
14345,29
14345,9
14345,1
14345,5
14346,3
14346,5
14347,2
14347,29
14348,3
14348,5
14349,3
14349,5
14350,3
14350,5
14351,9
14352,5
14352,9
14352,1
14353,29
14353,9
14353,1
14354,29
14354,9
14354,1
14354,111
14355,29
14355,9
14355,1
14355,111
14356,9
14356,5
14357,1
14357,5
14358,3
14358,5
14359,9
14359,83
14359,2
14359,3
14359,17
14360,40
14360,9
14360,29
14360,1
14360,2
14360,4
14360,56
14360,13
14360,6
14361,4
14361,9
14361,1
14361,5
14362,3
14362,5
14363,3
14363,5
14364,3
14364,5
14365,29
14365,9
14365,1
14366,29
14366,9
14366,1
14367,2
14367,29
14368,9
14368,83
14368,2
14368,3
14368,17
14369,3
14369,5
14370,3
14370,5
14371,5
14371,9
14371,1
14372,9
14373,29
14373,9
14373,1
14374,1
14374,5
14375,29
14375,9
14375,1
14375,111
14376,9
14376,5
14377,3
14377,5
14378,9
14378,83
14378,2
14378,3
14378,17
14379,40
14379,9
14379,29
14379,1
14379,2
14379,4
14379,56
14379,13
14379,6
14380,4
14380,9
14380,1
14380,5
14381,29
14381,9
14381,1
14381,5
14382,29
14382,9
14382,1
14383,2
14383,29
14384,3
14384,5
14385,3
14385,5
14386,5
14386,9
14386,1
14387,9
14388,29
14388,9
14388,1
14388,111
14389,29
14389,9
14389,1
14389,111
14390,3
14390,13
14391,1
14391,5
14392,9
14392,83
14392,2
14392,3
14392,17
14393,3
14393,5
14394,3
14394,5
14395,4
14395,9
14395,1
14395,5
14396,3
14396,5
14397,3
14397,5
14398,3
14398,5
14399,29
14399,9
14399,1
14400,29
14400,9
14400,1
14400,5
14401,2
14401,29
14402,40
14402,9
14402,29
14402,1
14402,2
14402,4
14402,56
14402,13
14402,6
14403,1
14404,29
14404,9
14404,1
14404,111
14405,9
14406,29
14406,9
14406,1
14407,5
14407,9
14407,1
14408,1
14408,5
14409,29
14409,9
14409,1
14409,111
14410,3
14410,5
14411,9
14411,83
14411,2
14411,3
14411,17
14412,40
14412,9
14412,29
14412,1
14412,2
14412,4
14412,56
14412,13
14412,6
14413,4
14413,9
14413,1
14413,5
14414,29
14414,9
14414,1
14415,29
14415,9
14415,1
14416,3
14416,5
14417,2
14417,29
14418,9
14418,83
14418,2
14418,3
14418,17
14419,3
14419,5
14420,3
14420,5
14421,3
14421,5
14422,9
14423,3
14423,5
14424,29
14424,9
14424,1
14425,5
14425,9
14425,1
14426,29
14426,9
14426,1
14426,111
14427,1
14427,5
14428,3
14429,3
14429,5
14430,3
14430,5
14431,9
14431,5
14432,4
14432,9
14432,1
14432,5
14433,3
14433,5
14434,3
14434,5
14435,2
14435,29
14436,29
14436,9
14436,1
14436,5
14437,29
14437,9
14437,1
14438,3
14438,13
14439,9
14440,29
14440,9
14440,1
14440,111
14441,5
14441,9
14441,1
14442,29
14442,9
14442,1
14442,111
14443,1
14443,5
14444,9
14444,83
14444,2
14444,3
14444,17
14445,3
14445,5
14446,3
14446,5
14447,3
14447,5
14448,3
14448,5
14449,4
14449,9
14449,1
14449,5
14450,40
14450,9
14450,29
14450,1
14450,2
14450,4
14450,56
14450,13
14450,6
14451,29
14451,9
14451,1
14452,2
14452,29
14453,3
14453,5
14454,3
14454,5
14455,1
14456,9
14457,29
14457,9
14457,1
14458,5
14458,9
14458,1
14459,29
14459,9
14459,1
14459,111
14460,2
14460,3
14460,5
14461,1
14461,5
14462,3
14462,5
14463,3
14464,9
14464,5
14465,4
14465,9
14465,1
14465,5
14466,3
14466,5
14467,3
14467,5
14468,3
14468,5
14469,2
14469,29
14470,29
14470,9
14470,1
14471,29
14471,9
14471,1
14471,5
14472,29
14472,9
14472,1
14472,111
14473,5
14473,9
14473,1
14474,9
14475,9
14475,5
14476,29
14476,9
14476,1
14476,111
14477,1
14477,5
14478,3
14478,5
14479,9
14479,83
14479,2
14479,3
14479,17
14480,4
14480,9
14480,1
14480,5
14481,40
14481,9
14481,29
14481,1
14481,2
14481,4
14481,56
14481,13
14481,6
14482,3
14482,5
14483,3
14483,5
14484,3
14484,5
14485,3
14485,5
14486,2
14486,29
14487,9
14487,83
14487,2
14487,3
14487,17
14488,29
14488,9
14488,1
14489,9
14489,83
14489,2
14489,3
14489,17
14490,9
14490,5
14491,9
14492,5
14492,9
14492,1
14493,29
14493,9
14493,1
14494,1
14494,5
14495,29
14495,9
14495,1
14495,111
14496,9
14496,83
14496,2
14496,3
14496,17
14497,29
14497,9
14497,1
14497,111
14498,3
14498,5
14499,3
14499,5
14500,4
14500,9
14500,1
14500,5
14501,29
14501,9
14501,1
14502,3
14502,5
14503,9
14503,83
14503,2
14503,3
14503,17
14504,29
14504,9
14504,1
14505,2
14505,29
14506,3
14506,5
14507,3
14507,5
14508,5
14508,9
14508,1
14509,9
14510,29
14510,9
14510,1
14511,29
14511,9
14511,1
14511,111
14512,1
14512,5
14513,29
14513,9
14513,1
14513,111
14514,3
14514,5
14515,3
14515,5
14516,4
14516,9
14516,1
14516,5
14517,3
14517,5
14518,3
14518,5
14519,29
14519,9
14519,1
14520,3
14520,5
14521,29
14521,9
14521,1
14522,2
14522,29
14523,3
14523,5
14524,29
14524,9
14524,1
14524,5
14525,9
14526,29
14526,9
14526,1
14527,29
14527,9
14527,1
14527,111
14528,5
14528,9
14528,1
14529,29
14529,9
14529,1
14529,111
14530,1
14530,5
14531,9
14531,83
14531,2
14531,3
14531,17
14532,3
14532,5
14533,40
14533,9
14533,29
14533,1
14533,2
14533,4
14533,56
14533,13
14533,6
14534,11
14534,3
14534,5
14535,4
14535,9
14535,1
14535,5
14536,29
14536,9
14536,1
14537,3
14537,5
14538,29
14538,9
14538,1
14539,3
14539,5
14540,2
14540,29
14541,3
14541,5
14542,9
14543,5
14543,9
14543,1
14544,29
14544,9
14544,1
14545,40
14545,1
14545,5
14546,29
14546,9
14546,1
14546,111
14547,1
14547,5
14548,40
14548,9
14548,29
14548,1
14548,2
14548,4
14548,56
14548,13
14548,6
14549,3
14549,5
14550,4
14550,9
14550,1
14550,5
14551,11
14551,3
14551,5
14552,3
14552,5
14553,3
14553,5
14554,29
14554,9
14554,1
14555,2
14555,29
14556,9
14556,83
14556,2
14556,3
14556,17
14557,3
14557,5
14558,5
14558,9
14558,1
14559,9
14560,3
14561,29
14561,9
14561,1
14562,29
14562,9
14562,1
14562,111
14563,1
14563,5
14564,40
14564,9
14564,29
14564,1
14564,2
14564,4
14564,56
14564,13
14564,6
14565,4
14565,9
14565,1
14565,5
14566,3
14566,5
14567,40
14567,9
14567,29
14567,1
14567,2
14567,4
14567,56
14567,13
14567,6
14568,3
14568,5
14569,29
14569,9
14569,1
14570,2
14570,29
14571,29
14571,9
14571,1
14571,5
14572,3
14572,5
14573,9
14574,29
14574,9
14574,1
14575,40
14575,9
14575,29
14575,1
14575,17
14575,6
14576,5
14576,9
14576,1
14577,1
14577,5
14578,29
14578,9
14578,1
14578,111
14579,9
14579,83
14579,2
14579,3
14579,17
14580,3
14580,5
14581,3
14581,5
14582,4
14582,9
14582,1
14582,5
14583,29
14583,9
14583,1
14584,3
14584,5
14585,29
14585,9
14585,1
14586,3
14586,5
14587,29
14587,9
14587,1
14587,5
14588,3
14588,5
14589,2
14589,29
14590,9
14591,29
14591,9
14591,1
14592,29
14592,9
14592,1
14592,111
14593,5
14593,9
14593,1
14594,1
14594,5
14595,29
14595,9
14595,1
14595,111
14596,9
14596,83
14596,2
14596,3
14596,17
14597,3
14597,5
14598,3
14598,5
14599,11
14599,3
14599,5
14600,4
14600,9
14600,1
14600,5
14601,29
14601,9
14601,1
14602,3
14602,5
14603,3
14603,5
14604,29
14604,9
14604,1
14605,3
14605,5
14606,2
14606,29
14607,29
14607,9
14607,1
14608,29
14608,1
14608,5
14609,5
14609,9
14609,1
14610,29
14610,9
14610,1
14610,111
14611,1
14611,5
14612,3
14612,1
14613,5
14613,9
14613,1
14614,4
14614,9
14614,1
14614,5
14615,3
14615,5
14616,9
14616,83
14616,2
14616,3
14616,17
14617,3
14617,5
14618,3
14618,5
14619,29
14619,9
14619,1
14620,2
14620,29
14621,9
14622,5
14622,9
14622,1
14623,29
14623,9
14623,1
14624,29
14624,9
14624,1
14624,111
14625,1
14625,5
14626,9
14626,83
14626,2
14626,3
14626,17
14627,3
14627,5
14628,29
14628,9
14628,1
14628,111
14629,29
14629,9
14629,1
14630,4
14630,9
14630,1
14630,5
14631,5
14631,9
14631,1
14632,3
14632,5
14633,3
14633,5
14634,29
14634,9
14634,1
14635,2
14635,29
14636,3
14636,5
14637,5
14637,9
14637,1
14638,29
14638,9
14638,1
14639,9
14640,29
14640,9
14640,1
14640,111
14641,29
14641,9
14641,1
14641,111
14642,1
14642,5
14643,40
14643,9
14643,29
14643,1
14643,2
14643,4
14643,56
14643,13
14643,6
14644,9
14644,83
14644,2
14644,3
14644,17
14645,11
14645,3
14645,5
14646,4
14646,9
14646,1
14646,5
14647,3
14647,5
14648,3
14648,5
14649,29
14649,9
14649,1
14650,2
14650,29
14651,3
14651,5
14652,29
14652,9
14652,1
14653,9
14654,29
14654,9
14654,1
14655,29
14655,1
14655,5
14656,29
14656,9
14656,1
14656,111
14657,1
14657,5
14658,11
14658,3
14658,5
14659,4
14659,9
14659,1
14659,5
14660,3
14660,1
14661,3
14661,5
14662,29
14662,9
14662,1
14663,3
14663,5
14664,5
14664,9
14664,1
14665,2
14665,29
14666,3
14666,5
14667,29
14667,1
14667,5
14668,29
14668,9
14668,1
14669,9
14670,5
14670,9
14670,1
14671,1
14671,5
14672,29
14672,9
14672,1
14672,111
14673,4
14673,9
14673,1
14673,5
14674,3
14674,1
14675,3
14675,5
14676,5
14676,9
14676,1
14677,5
14677,9
14677,1
14678,29
14678,9
14678,1
14679,3
14679,5
14680,3
14680,5
14681,2
14681,29
14682,3
14682,5
14683,9
14684,29
14684,9
14684,1
14685,5
14685,9
14685,1
14686,1
14686,5
14687,29
14687,9
14687,1
14687,111
14688,9
14688,83
14688,2
14688,3
14688,17
14689,40
14689,9
14689,29
14689,1
14689,2
14689,4
14689,56
14689,13
14689,6
14690,3
14690,5
14691,29
14691,9
14691,1
14692,11
14692,3
14692,5
14693,4
14693,9
14693,1
14693,5
14694,29
14694,9
14694,1
14695,3
14695,5
14696,3
14696,5
14697,2
14697,29
14698,29
14698,9
14698,1
14699,9
14700,29
14700,1
14700,5
14701,29
14701,9
14701,1
14701,111
14702,1
14702,5
14703,3
14703,1
14704,3
14704,5
14705,11
14705,3
14705,5
14706,4
14706,9
14706,1
14706,5
14707,29
14707,9
14707,1
14708,5
14708,9
14708,1
14709,3
14709,5
14710,3
14710,5
14711,9
14712,29
14712,1
14712,5
14713,1
14713,5
14714,29
14714,9
14714,1
14715,29
14715,9
14715,1
14715,111
14716,3
14716,1
14717,5
14717,9
14717,1
14718,3
14718,5
14719,29
14719,9
14719,1
14720,3
14720,5
14721,4
14721,9
14721,1
14721,5
14722,29
14722,9
14722,1
14722,5
14723,2
14723,29
14724,3
14724,5
14725,9
14726,5
14726,9
14726,1
14727,29
14727,9
14727,1
14727,111
14728,9
14729,29
14729,9
14729,1
14729,111
14730,1
14730,5
14731,3
14731,5
14732,9
14732,83
14732,2
14732,3
14732,17
14733,3
14733,5
14734,40
14734,9
14734,29
14734,1
14734,2
14734,4
14734,56
14734,13
14734,6
14735,4
14735,9
14735,1
14735,5
14736,3
14736,5
14737,2
14737,29
14738,3
14738,5
14739,29
14739,9
14739,1
14739,5
14740,29
14740,9
14740,1
14741,3
14741,5
14742,3
14742,5
14743,9
14744,29
14744,9
14744,1
14744,111
14745,29
14745,9
14745,1
14746,5
14746,9
14746,1
14747,29
14747,9
14747,1
14747,111
14748,1
14748,5
14749,3
14749,5
14750,9
14750,83
14750,2
14750,3
14750,17
14751,40
14751,9
14751,29
14751,1
14751,2
14751,4
14751,56
14751,13
14751,6
14752,11
14752,3
14752,5
14753,4
14753,9
14753,1
14753,5
14754,2
14754,29
14755,3
14755,5
14756,2
14756,29
14757,29
14757,9
14757,1
14758,29
14758,9
14758,1
14759,3
14759,5
14760,3
14760,5
14761,9
14762,29
14762,1
14762,5
14763,29
14763,9
14763,1
14764,29
14764,9
14764,1
14764,111
14765,1
14765,5
14766,3
14766,5
14767,3
14767,1
14768,5
14768,9
14768,1
14769,4
14769,9
14769,1
14769,5
14770,29
14770,9
14770,1
14771,29
14771,9
14771,1
14771,5
14772,3
14772,5
14773,3
14773,5
14774,2
14774,29
14775,9
14776,29
14776,9
14776,1
14776,111
14777,5
14777,9
14777,1
14778,29
14778,9
14778,1
14779,29
14779,9
14779,1
14779,111
14780,29
14780,9
14780,1
14780,111
14781,9
14781,83
14781,2
14781,3
14781,17
14782,3
14782,5
14783,3
14783,5
14784,1
14784,5
14785,29
14785,9
14785,1
14786,3
14786,5
14787,11
14787,3
14787,5
14788,4
14788,9
14788,1
14788,5
14789,29
14789,9
14789,1
14790,2
14790,29
14791,3
14791,5
14792,3
14792,5
14793,9
14794,29
14794,1
14794,5
14795,29
14795,9
14795,1
14796,5
14796,9
14796,1
14797,29
14797,9
14797,1
14797,111
14798,1
14798,5
14799,3
14799,1
14800,3
14800,5
14801,5
14801,9
14801,1
14802,11
14802,3
14802,5
14803,3
14803,5
14804,4
14804,9
14804,1
14804,5
14805,3
14805,5
14806,29
14806,9
14806,1
14807,2
14807,29
14808,9
14809,5
14809,9
14809,1
14810,29
14810,9
14810,1
14811,29
14811,9
14811,1
14811,111
14812,1
14812,5
14813,9
14813,5
14814,40
14814,9
14814,29
14814,1
14814,2
14814,4
14814,56
14814,13
14814,6
14815,11
14815,3
14815,5
14816,4
14816,9
14816,1
14816,5
14817,3
14817,13
14818,29
14818,9
14818,1
14819,3
14819,5
14820,3
14820,5
14821,2
14821,29
14822,9
14823,29
14823,1
14823,5
14824,29
14824,9
14824,1
14825,29
14825,9
14825,1
14825,111
14826,1
14826,5
14827,3
14827,1
14828,3
14828,5
14829,4
14829,9
14829,1
14829,5
14830,5
14830,9
14830,1
14831,5
14831,9
14831,1
14832,3
14832,5
14833,3
14833,5
14834,29
14834,9
14834,1
14835,9
14836,2
14836,29
14837,5
14837,9
14837,1
14838,29
14838,9
14838,1
14839,1
14839,5
14840,29
14840,9
14840,1
14840,111
14841,29
14841,9
14841,1
14841,111
14842,9
14842,83
14842,2
14842,3
14842,17
14843,4
14843,9
14843,1
14843,5
14844,3
14844,5
14845,40
14845,9
14845,29
14845,1
14845,2
14845,4
14845,56
14845,13
14845,6
14846,29
14846,9
14846,1
14847,5
14847,9
14847,1
14848,3
14848,5
14849,3
14849,5
14850,2
14850,29
14851,9
14852,5
14852,9
14852,1
14853,29
14853,9
14853,1
14854,29
14854,9
14854,1
14854,111
14855,1
14855,5
14856,9
14856,83
14856,2
14856,3
14856,17
14857,4
14857,9
14857,1
14857,5
14858,3
14858,5
14859,29
14859,9
14859,1
14859,111
14860,3
14860,5
14861,29
14861,9
14861,1
14862,29
14862,9
14862,1
14863,40
14863,9
14863,29
14863,1
14863,2
14863,4
14863,56
14863,13
14863,6
14864,5
14864,9
14864,1
14865,2
14865,29
14866,3
14866,5
14867,9
14868,5
14868,9
14868,1
14869,29
14869,9
14869,1
14870,3
14870,5
14871,29
14871,9
14871,1
14871,111
14872,29
14872,9
14872,1
14872,111
14873,1
14873,5
14874,29
14874,9
14874,1
14875,9
14875,83
14875,2
14875,3
14875,17
14876,4
14876,9
14876,1
14876,5
14877,29
14877,9
14877,1
14878,3
14878,5
14879,3
14879,5
14880,5
14880,9
14880,1
14881,40
14881,9
14881,29
14881,1
14881,2
14881,4
14881,56
14881,13
14881,6
14882,29
14882,9
14882,1
14883,2
14883,29
14884,3
14884,5
14885,3
14885,5
14886,9
14887,5
14887,9
14887,1
14888,29
14888,9
14888,1
14889,29
14889,9
14889,1
14889,111
14890,1
14890,5
14891,29
14891,9
14891,1
14891,111
14892,9
14892,83
14892,2
14892,3
14892,17
14893,40
14893,9
14893,29
14893,1
14893,2
14893,4
14893,56
14893,13
14893,6
14894,4
14894,9
14894,1
14894,5
14895,29
14895,9
14895,1
14896,3
14896,5
14897,3
14897,5
14898,2
14898,29
14899,5
14899,9
14899,1
14900,3
14900,5
14901,29
14901,9
14901,1
14902,9
14903,3
14903,5
14904,5
14904,9
14904,1
14905,29
14905,9
14905,1
14906,29
14906,9
14906,1
14906,111
14907,9
14907,5
14908,1
14908,5
14909,9
14909,83
14909,2
14909,3
14909,17
14910,40
14910,9
14910,29
14910,1
14910,2
14910,4
14910,56
14910,13
14910,6
14911,3
14911,5
14912,3
14912,11
14913,4
14913,9
14913,1
14913,5
14914,29
14914,9
14914,1
14915,40
14915,9
14915,29
14915,1
14915,2
14915,4
14915,56
14915,13
14915,6
14916,29
14916,9
14916,1
14917,3
14917,1
14917,5
14918,3
14918,5
14919,4
14919,11
14919,1
14920,4
14920,11
14920,1
14921,4
14921,11
14921,1
14922,29
14922,1
14922,5
14923,29
14923,1
14923,5
14924,29
14924,1
14924,5
14925,29
14925,1
14925,5
14926,29
14926,1
14926,5
14927,29
14927,1
14927,5
14928,29
14928,1
14928,5
14929,29
14929,1
14929,5
14930,29
14930,1
14930,5
14931,29
14931,1
14931,5
14932,29
14932,1
14932,5
14933,2
14933,3
14934,29
14934,1
14934,5
14935,3
14935,9
14935,5
14935,13
14936,29
14936,1
14936,5
14937,9
14938,9
14939,3
14939,5
14940,3
14940,5
14941,317
14941,2
14941,5
14941,4
14942,40
14942,9
14942,29
14942,1
14942,2
14942,4
14942,56
14942,13
14942,6
14943,317
14943,2
14943,5
14943,4
14944,317
14944,2
14944,5
14944,4
14945,29
14945,1
14946,3
14947,29
14947,1
14948,3
14949,3
14950,29
14950,1
14951,3
14952,29
14952,1
14953,29
14953,1
14954,3
14955,29
14955,1
14956,3
14957,3
14958,3
14959,29
14959,1
14960,3
14961,3
14962,29
14962,1
14963,29
14963,1
14964,3
14965,29
14965,1
14966,3
14967,3
14968,29
14968,1
14969,29
14969,1
14970,29
14970,1
14971,3
14972,29
14972,1
14973,3
14974,3
14974,5
14974,13
14974,6
14975,3
14976,3
14977,29
14977,1
14978,29
14978,1
14979,3
14980,29
14980,1
14981,3
14982,29
14982,1
14983,3
14984,29
14984,1
14985,3
14986,3
14987,29
14987,1
14988,3
14989,3
14990,29
14990,1
14991,3
14992,29
14992,1
14993,3
14994,29
14994,1
14995,3
14996,29
14996,1
14997,3
14998,3
14999,29
14999,1
15000,29
15000,1
15001,29
15001,1
15002,29
15002,1
15003,3
15004,29
15004,1
15005,3
15006,29
15006,1
15007,3
15008,3
15009,29
15009,1
15010,3
15011,3
15012,29
15012,1
15013,3
15014,29
15014,1
15015,29
15015,1
15016,29
15016,1
15017,29
15017,1
15018,29
15018,1
15019,29
15019,1
15019,5
15020,29
15020,1
15020,5
15021,29
15021,1
15021,5
15022,29
15022,1
15022,5
15023,29
15023,1
15023,5
15024,29
15024,1
15024,5
15025,29
15025,1
15025,5
15026,29
15026,1
15026,5
15027,29
15027,1
15027,5
15028,29
15028,1
15028,5
15029,3
15029,9
15029,5
15029,13
15030,29
15030,1
15031,29
15031,1
15032,29
15032,1
15033,29
15033,1
15034,29
15034,1
15035,29
15035,1
15036,29
15036,1
15037,29
15037,1
15038,29
15038,1
15039,29
15039,1
15040,3
15040,5
15041,3
15041,5
15042,3
15042,5
15043,29
15043,1
15044,3
15044,5
15045,9
15045,83
15045,3
15045,111
15045,13
15045,6
15046,9
15046,83
15046,3
15046,111
15046,13
15046,6
15047,29
15047,1
15048,29
15048,1
15049,3
15049,13
15050,4
15050,1
15050,6
15051,9
15051,83
15051,3
15051,111
15051,13
15051,6
15052,4
15052,1
15052,6
15053,9
15053,83
15053,3
15053,111
15053,13
15053,6
15054,4
15054,1
15054,6
15055,9
15055,83
15055,3
15055,111
15055,13
15055,6
15056,29
15056,1
15057,29
15057,1
15058,4
15058,1
15058,6
15059,4
15059,1
15059,6
15060,9
15060,1
15061,4
15061,9
15061,1
15061,5
15062,3
15062,1
15063,40
15063,1
15063,5
15064,166
15064,19
15065,2
15065,3
15066,3
15066,5
15067,11
15067,5
15068,2
15068,29
15069,3
15069,1
15069,5
15070,3
15070,161
15071,3
15071,13
15072,11
15072,3
15072,5
15073,3
15073,5
15074,2
15074,29
15075,47
15075,29
15075,4
15075,3
15075,6
15076,11
15076,3
15076,5
15077,3
15077,5
15078,3
15078,161
15079,2
15079,29
15080,3
15080,9
15080,1
15081,3
15081,9
15081,5
15082,3
15082,161
15083,3
15083,5
15084,2
15084,29
15085,2
15085,3
15085,5
15086,5
15086,9
15086,1
15087,29
15087,1
15087,5
15088,3
15088,5
15089,11
15089,3
15089,5
15090,3
15090,5
15091,29
15091,9
15091,1
15091,111
15092,2
15092,29
15093,11
15093,5
15094,3
15094,5
15095,166
15095,19
15096,2
15096,29
15097,9
15097,83
15097,2
15097,3
15097,17
15098,4
15098,1
15098,6
15099,3
15099,161
15100,5
15100,9
15100,1
15101,4
15101,3
15101,1
15101,5
15102,11
15102,3
15102,5
15103,29
15103,9
15103,1
15103,111
15104,29
15104,6
15104,17
15104,83
15105,3
15105,5
15105,13
15105,6
15106,9
15106,1
15106,4
15106,56
15106,6
15107,3
15107,9
15107,1
15107,5
15108,3
15108,1
15108,5
15109,3
15110,3
15111,9
15111,1
15112,9
15112,5
15113,9
15113,5
15114,29
15114,9
15114,1
15115,9
15115,5
15116,3
15116,5
15117,9
15117,5
15118,3
15118,5
15119,3
15119,5
15120,9
15120,12
15120,1
15120,5
15120,13
15121,3
15121,11
15122,166
15122,19
15123,29
15123,1
15124,3
15125,3
15126,3
15126,5
15127,9
15127,5
15128,3
15129,4
15129,11
15129,1
15130,4
15130,11
15130,1
15131,29
15131,9
15131,1
15131,111
15132,3
15132,5
15133,166
15133,19
15134,4
15134,9
15134,1
15134,5
15135,9
15135,1
15136,11
15136,9
15136,1
15136,3
15136,5
15136,17
15136,6
15137,166
15137,19
15138,166
15138,19
15139,3
15139,13
15140,3
15141,3
15141,5
15142,166
15142,19
15143,166
15143,19
15144,4
15144,9
15144,1
15144,5
15145,9
15145,5
15146,4
15146,9
15146,1
15146,5
15147,3
15148,9
15148,1
15148,4
15148,56
15148,6
15149,9
15149,5
15150,1
15150,2
15150,3
15150,4
15150,5
15150,6
15151,9
15152,9
15152,5
15153,9
15153,5
15154,29
15154,1
15154,5
15155,9
15156,2
15156,29
15157,1
15157,5
15158,9
15158,5
15159,9
15159,1
15160,2
15160,11
15160,5
15161,29
15161,1
15161,5
15162,2
15162,1
15163,5
15163,3
15163,9
15163,1
15164,5
15164,3
15164,9
15164,1
15165,5
15165,3
15165,9
15165,1
15166,5
15166,3
15166,9
15166,1
15167,5
15167,3
15167,9
15167,1
15168,5
15168,3
15168,9
15168,1
15169,5
15169,3
15169,9
15169,1
15170,5
15170,3
15170,9
15170,1
15171,5
15171,3
15171,9
15171,1
15172,3
15172,5
15173,9
15173,5
15174,9
15174,5
15175,9
15175,5
15176,3
15177,3
15178,9
15178,5
15179,9
15179,5
15180,3
15181,3
15182,3
15183,3
15184,1
15184,17
15185,9
15185,1
15185,4
15185,56
15185,6
15186,3
15186,5
15187,9
15187,5
15188,9
15188,5
15189,9
15189,5
15190,3
15191,3
15192,2
15192,3
15192,5
15193,9
15193,5
15194,3
15195,3
15196,3
15197,3
15198,3
15199,3
15200,29
15200,9
15201,9
15202,3
15203,3
15204,40
15204,9
15204,29
15204,1
15204,17
15204,6
15205,3
15206,3
15207,9
15207,1
15207,5
15208,4
15208,9
15208,1
15208,5
15209,3
15209,9
15209,5
15209,13
15210,3
15211,3
15212,3
15213,3
15213,5
15214,3
15215,3
15216,9
15216,5
15217,3
15218,1
15218,4
15218,74
15218,75
15218,17
15219,3
15219,9
15219,5
15219,13
15220,9
15220,5
15221,29
15221,1
15222,9
15222,5
15223,3
15223,5
15224,83
15224,3
15224,5
15224,74
15224,13
15225,9
15225,1
15225,5
15225,13
15226,3
15227,5
15227,3
15227,9
15227,1
15228,3
15228,5
15229,3
15229,5
15230,1
15230,5
15231,3
15231,9
15231,5
15232,5
15232,3
15232,9
15232,1
15233,5
15233,3
15233,9
15233,1
15234,5
15234,3
15234,9
15234,1
15235,5
15235,17
15235,13
15236,5
15236,17
15236,13
15237,5
15237,3
15237,9
15237,1
15238,3
15239,3
15240,3
15241,3
15242,9
15242,5
15243,3
15244,9
15244,5
15245,29
15245,1
15246,3
15247,3
15248,3
15249,3
15249,9
15249,5
15250,9
15250,83
15250,3
15250,111
15250,13
15250,6
15251,9
15251,83
15251,3
15251,111
15251,13
15251,6
15252,5
15252,17
15252,13
15253,5
15253,17
15253,13
15254,5
15254,17
15254,13
15255,9
15255,83
15255,3
15255,111
15255,13
15255,6
15256,2
15256,3
15256,9
15256,5
15257,4
15257,9
15257,1
15257,5
15258,2
15258,3
15258,9
15258,5
15259,2
15259,3
15259,9
15259,5
15260,4
15260,9
15260,1
15260,5
15261,9
15261,1
15261,4
15261,56
15261,6
15262,5
15262,3
15262,9
15262,1
15263,5
15263,3
15263,9
15263,1
15264,5
15264,3
15264,9
15264,1
15265,5
15265,3
15265,9
15265,1
15266,5
15266,3
15266,9
15266,1
15267,5
15267,3
15267,9
15267,1
15268,5
15268,3
15268,9
15268,1
15269,29
15269,1
15270,5
15270,3
15270,9
15270,1
15271,40
15271,9
15271,29
15271,1
15271,17
15271,6
15272,9
15272,1
15272,5
15272,13
15273,4
15273,11
15273,1
15274,3
15274,5
15275,3
15275,1
15275,5
15276,9
15276,5
15277,3
15277,1
15277,5
15278,3
15278,161
15279,9
15279,1
15279,5
15280,3
15280,5
15281,9
15282,4
15282,1
15282,6
15283,9
15283,5
15284,166
15284,19
15285,3
15286,4
15286,11
15286,1
15287,29
15287,1
15287,5
15288,9
15288,5
15289,3
15289,5
15290,2
15290,1
15291,29
15291,1
15291,5
15292,29
15292,9
15292,1
15293,9
15293,83
15293,2
15293,3
15293,17
15294,2
15294,9
15294,1
15294,5
15295,3
15295,5
15296,9
15296,83
15296,2
15296,3
15296,17
15297,29
15297,9
15297,1
15298,3
15298,5
15299,29
15299,9
15299,1
15300,9
15300,83
15300,2
15300,3
15300,17
15301,3
15301,1
15302,3
15302,5
15303,29
15303,9
15303,1
15304,9
15304,1
15304,4
15304,56
15304,6
15305,9
15305,5
15306,4
15306,11
15306,1
15307,47
15307,29
15307,4
15307,3
15307,6
15308,9
15308,5
15309,29
15309,9
15309,1
15310,3
15310,5
15311,9
15311,83
15311,2
15311,3
15311,17
15312,3
15312,5
15313,3
15313,5
15314,29
15314,9
15314,1
15315,9
15315,83
15315,2
15315,3
15315,17
15316,9
15316,5
15316,13
15317,3
15317,1
15317,5
15318,2
15318,3
15318,1
15318,5
15319,3
15319,5
15320,9
15320,1
15320,4
15320,56
15320,6
15321,3
15321,5
15322,4
15322,11
15322,1
15323,3
15323,5
15324,29
15324,9
15324,1
15324,5
15325,3
15325,5
15326,9
15326,5
15327,9
15327,5
15328,9
15328,5
15329,29
15329,1
15330,9
15330,12
15330,1
15330,5
15330,13
15331,29
15331,9
15331,1
15332,4
15332,11
15332,1
15333,9
15333,5
15334,3
15334,5
15335,9
15335,5
15336,3
15336,5
15337,3
15338,3
15338,9
15338,5
15339,29
15339,1
15340,3
15340,5
15341,3
15341,5
15342,9
15342,5
15343,9
15343,5
15344,4
15344,11
15344,1
15345,4
15345,11
15345,1
15346,29
15346,1
15347,9
15347,1
15347,4
15347,56
15347,6
15348,3
15348,5
15349,29
15349,1
15350,3
15350,5
15351,29
15351,1
15352,3
15352,5
15353,3
15353,5
15354,4
15354,11
15354,1
15355,9
15355,5
15356,3
15356,9
15356,5
15357,9
15357,5
15358,9
15358,5
15359,9
15359,5
15360,3
15360,5
15361,9
15361,5
15362,9
15362,5
15363,3
15363,5
15364,3
15364,5
15365,3
15365,5
15366,9
15366,5
15367,5
15367,3
15367,9
15367,1
15368,9
15368,5
15369,40
15369,1
15369,3
15369,5
15369,6
15370,5
15370,3
15370,9
15370,1
15371,3
15371,5
15372,47
15372,29
15372,4
15372,3
15372,6
15373,9
15374,3
15374,5
15375,9
15375,13
15376,2
15376,3
15376,1
15376,5
15377,3
15378,9
15378,83
15378,2
15378,3
15378,17
15379,9
15379,83
15379,2
15379,3
15379,17
15380,5
15380,3
15380,9
15380,1
15381,9
15381,5
15382,2
15382,3
15382,1
15382,5
15383,3
15383,5
15384,3
15384,5
15385,3
15386,9
15386,1
15386,4
15386,56
15386,6
15387,1
15387,5
15388,3
15388,5
15389,4
15389,11
15389,1
15390,3
15390,1
15390,5
15391,29
15391,9
15391,1
15392,4
15392,1
15392,6
15393,29
15393,9
15393,1
15394,17
15394,12
15394,9
15394,5
15395,3
15395,5
15396,3
15396,5
15397,5
15397,9
15397,1
15398,40
15398,9
15398,29
15398,1
15398,2
15398,4
15398,56
15398,13
15398,6
15399,3
15399,9
15399,5
15400,3
15400,1
15401,11
15401,3
15401,5
15402,29
15402,1
15402,5
15403,1
15403,5
15404,29
15404,9
15404,1
15405,3
15405,5
15406,29
15406,9
15406,1
15407,1
15407,5
15408,3
15409,9
15409,1
15410,29
15410,1
15411,9
15411,1
15412,9
15412,5
15413,9
15413,5
15413,13
15414,3
15414,5
15415,3
15415,1
15415,5
15416,9
15416,5
15417,9
15418,9
15419,29
15419,1
15419,5
15420,9
15420,5
15421,3
15421,5
15422,5
15422,9
15422,1
15423,3
15423,9
15423,5
15424,4
15424,1
15424,6
15425,29
15425,9
15425,1
15426,5
15426,9
15426,1
15427,4
15427,9
15427,1
15427,5
15428,4
15428,9
15428,1
15428,5
15429,3
15430,9
15430,5
15431,3
15432,9
15433,29
15433,1
15433,5
15434,9
15434,1
15435,3
15435,40
15435,17
15435,83
15436,3
15436,1
15436,5
15437,4
15437,9
15437,1
15437,5
15438,3
15438,5
15439,29
15439,9
15439,1
15440,5
15440,9
15440,1
15441,3
15442,4
15442,9
15442,1
15442,5
15443,3
15444,29
15444,1
15444,5
15445,9
15445,1
15446,3
15446,40
15446,17
15446,83
15447,3
15447,5
15448,3
15448,5
15449,3
15449,1
15449,5
15450,11
15450,5
15451,3
15451,5
15452,3
15452,5
15453,29
15453,9
15453,1
15454,3
15454,5
15455,3
15455,5
15456,3
15456,5
15457,3
15457,5
15458,3
15458,5
15459,3
15459,5
15460,3
15460,5
15461,3
15461,5
15462,3
15462,5
15463,3
15463,5
15464,3
15464,5
15465,3
15465,5
15466,40
15466,5
15467,3
15467,11
15468,3
15468,5
15469,2
15469,1
15470,4
15470,1
15471,2
15471,1
15472,1
15472,5
15473,3
15473,1
15473,5
15474,9
15474,1
15475,3
15475,5
15475,13
15475,6
15476,1
15476,2
15476,3
15476,4
15476,5
15476,6
15477,3
15477,5
15478,3
15478,1
15479,29
15479,9
15479,1
15480,9
15480,1
15481,3
15481,5
15482,3
15482,1
15482,5
15483,3
15483,5
15484,1
15484,2
15484,3
15484,4
15484,5
15484,6
15485,2
15485,29
15486,3
15486,1
15487,3
15487,5
15488,9
15488,316
15488,1
15488,4
15488,3
15488,5
15488,17
15488,6
15489,9
15489,1
15490,3
15490,9
15490,5
15491,3
15491,5
15492,3
15492,5
15493,11
15493,5
15494,9
15494,316
15494,1
15494,4
15494,3
15494,5
15494,17
15494,6
15495,3
15495,5
15496,9
15496,1
15497,3
15497,9
15497,5
15498,9
15498,316
15498,1
15498,4
15498,3
15498,5
15498,17
15498,6
15499,3
15499,5
15500,9
15500,1
15501,3
15501,9
15501,5
15502,9
15502,1
15503,3
15503,5
15504,3
15504,1
15505,3
15505,1
15505,5
15506,29
15506,1
15506,5
15507,3
15507,5
15507,13
15507,6
15508,3
15508,5
15509,3
15509,5
15510,1
15510,2
15510,3
15510,4
15510,5
15510,6
15511,3
15511,5
15511,13
15511,6
15512,2
15512,29
15513,3
15513,5
15514,3
15514,5
15515,3
15515,5
15516,29
15516,9
15516,1
15517,3
15517,5
15518,3
15518,5
15519,3
15519,5
15520,3
15520,5
15521,11
15521,5
15522,5
15522,13
15523,9
15524,11
15524,5
15525,3
15525,9
15525,1
15525,5
15526,9
15527,9
15528,9
15528,1
15529,29
15529,9
15529,1
15530,2
15530,3
15530,1
15530,5
15531,11
15531,3
15531,5
15532,9
15532,5
15533,3
15533,1
15533,5
15534,2
15534,3
15535,3
15535,5
15536,3
15536,5
15537,3
15538,4
15538,40
15538,1
15538,75
15539,29
15539,9
15539,1
15540,3
15541,40
15541,9
15541,29
15541,1
15541,17
15541,6
15542,3
15542,161
15543,29
15543,9
15543,1
15544,29
15544,9
15544,1
15545,3
15545,161
15546,2
15546,9
15546,1
15546,5
15547,3
15547,5
15548,9
15548,5
15549,3
15549,5
15550,29
15550,1
15551,3
15551,1
15551,5
15552,29
15552,1
15552,5
15552,13
15552,17
15553,2
15553,3
15554,3
15554,5
15555,2
15555,3
15555,5
15556,3
15557,3
15558,29
15558,9
15558,1
15559,9
15559,1
15559,5
15560,9
15560,5
15561,9
15561,1
15561,5
15561,13
15562,3
15562,5
15563,3
15563,9
15563,5
15564,9
15564,5
15565,3
15566,3
15566,1
15566,5
15567,9
15567,83
15567,2
15567,3
15567,17
15568,9
15568,83
15568,2
15568,3
15568,17
15569,3
15569,9
15569,5
15570,3
15571,3
15571,5
15572,3
15573,9
15573,1
15574,3
15574,9
15574,5
15575,29
15575,9
15575,1
15576,2
15576,3
15576,1
15576,5
15577,3
15577,5
15578,3
15578,9
15578,5
15579,29
15579,1
15579,5
15579,13
15579,17
15580,3
15580,9
15580,5
15581,3
15582,3
15583,3
15583,9
15583,5
15584,40
15584,9
15584,29
15584,1
15584,2
15584,4
15584,56
15584,13
15584,6
15585,9
15585,1
15586,9
15586,1
15587,9
15587,12
15587,1
15587,5
15587,13
15588,9
15588,1
15589,29
15589,9
15589,1
15590,3
15590,1
15590,5
15591,9
15591,5
15591,13
15592,3
15592,5
15593,9
15593,1
15593,4
15593,56
15593,6
15594,3
15594,5
15595,2
15595,9
15595,1
15595,5
15596,3
15597,9
15597,1
15597,5
15597,13
15598,9
15598,5
15599,5
15599,9
15599,1
15600,3
15600,5
15601,9
15601,1
15601,5
15601,13
15602,3
15602,5
15603,3
15603,9
15603,1
15604,11
15604,3
15604,5
15605,3
15605,11
15606,9
15606,5
15607,3
15608,3
15609,3
15609,5
15610,9
15611,3
15611,5
15612,4
15612,1
15612,6
15613,2
15613,29
15614,3
15615,3
15615,1
15615,5
15616,3
15617,3
15617,1
15618,3
15618,5
15619,3
15619,5
15620,3
15620,5
15621,3
15621,5
15622,3
15622,5
15623,3
15623,5
15624,3
15624,5
15625,3
15626,3
15627,3
15628,3
15629,9
15629,1
15629,4
15629,56
15629,6
15630,2
15630,1
15631,3
15631,5
15632,9
15633,2
15633,29
15634,3
15634,1
15634,5
15635,3
15635,1
15635,5
15636,4
15636,1
15636,6
15637,9
15637,1
15637,4
15637,56
15637,6
15638,3
15639,3
15639,1
15639,5
15640,9
15640,1
15641,9
15641,5
15642,2
15642,29
15643,29
15643,1
15643,5
15644,9
15644,1
15644,83
15644,2
15644,17
15645,3
15645,1
15645,5
15646,9
15646,1
15646,13
15646,83
15647,3
15647,5
15648,1
15648,4
15648,74
15648,75
15648,17
15649,29
15649,9
15649,1
15650,9
15650,5
15651,2
15651,1
15652,1
15652,4
15652,74
15652,75
15652,17
15653,47
15653,29
15653,4
15653,3
15653,6
15654,29
15654,1
15654,5
15655,29
15655,1
15655,5
15656,3
15656,1
15656,5
15657,3
15657,5
15658,3
15658,5
15659,3
15659,5
15660,3
15660,5
15661,3
15661,5
15662,3
15662,5
15663,3
15663,5
15664,3
15664,5
15665,3
15665,5
15666,3
15666,5
15667,3
15667,5
15668,3
15668,5
15669,3
15669,5
15670,3
15670,5
15671,3
15671,5
15672,3
15672,5
15673,3
15673,5
15674,3
15674,5
15675,3
15675,5
15676,3
15676,5
15677,3
15677,1
15677,5
15678,9
15679,9
15679,1
15680,9
15680,1
15681,9
15681,5
15682,3
15682,5
15683,3
15684,2
15684,1
15685,3
15685,5
15686,40
15686,9
15686,29
15686,1
15686,2
15686,4
15686,56
15686,13
15686,6
15687,2
15687,1
15688,29
15688,1
15689,4
15689,9
15689,1
15689,5
15690,2
15690,29
15691,3
15692,3
15693,29
15693,9
15694,3
15694,5
15695,3
15695,5
15696,4
15696,1
15696,6
15697,3
15697,5
15698,3
15699,4
15699,1
15699,6
15700,3
15701,3
15702,29
15702,9
15702,1
15702,111
15703,29
15703,1
15703,5
15704,9
15704,5
15705,9
15705,5
15706,3
15706,5
15707,56
15707,5
15707,13
15708,56
15708,5
15708,13
15709,29
15709,1
15709,5
15710,29
15710,1
15710,5
15711,3
15711,5
15712,29
15712,9
15712,1
15713,29
15713,9
15713,1
15714,40
15714,9
15714,29
15714,1
15714,2
15714,4
15714,56
15714,13
15714,6
15715,4
15715,1
15715,6
15716,29
15716,1
15716,5
15717,9
15717,1
15718,3
15719,9
15719,1
15720,29
15720,1
15721,9
15721,5
15722,29
15722,1
15723,2
15723,1
15724,3
15724,1
15724,5
15725,2
15725,1
15726,3
15726,5
15726,13
15727,12
15727,3
15727,56
15727,5
15727,74
15727,17
15728,11
15728,3
15728,5
15729,3
15729,5
15730,29
15730,9
15730,1
15730,5
15731,3
15731,5
15732,3
15732,5
15733,2
15733,29
15734,9
15735,3
15735,19
15736,2
15736,3
15736,9
15736,5
15737,4
15737,9
15737,1
15737,5
15738,1
15738,4
15738,74
15738,75
15738,17
15739,1
15739,4
15739,74
15739,75
15739,17
15740,1
15740,4
15740,74
15740,75
15740,17
15741,1
15741,4
15741,74
15741,75
15741,17
15742,1
15742,4
15742,74
15742,75
15742,17
15743,166
15743,19
15744,4
15744,9
15744,1
15744,5
15745,29
15745,1
15746,4
15746,1
15746,6
15747,4
15747,9
15747,1
15747,5
15748,9
15748,1
15748,13
15748,83
15749,9
15749,5
15750,9
15750,1
15750,5
15750,13
15751,2
15751,1
15752,3
15753,3
15753,5
15754,2
15754,9
15754,1
15754,5
15755,1
15755,5
15755,13
15756,9
15756,1
15756,13
15756,83
15757,29
15757,1
15757,5
15757,13
15757,17
15758,9
15758,1
15758,83
15758,2
15758,17
15759,3
15759,1
15759,5
15760,3
15760,1
15760,5
15761,9
15761,5
15762,3
15762,13
15763,29
15763,13
15763,6
15764,2
15764,1
15765,9
15766,9
15767,29
15767,13
15767,6
15768,29
15768,13
15768,6
15769,9
15770,13
15770,6
15771,13
15771,6
15772,9
15773,9
15774,9
15775,29
15775,13
15775,6
15776,9
15777,13
15777,6
15778,29
15778,13
15778,6
15779,9
15780,9
15781,29
15781,13
15781,6
15782,29
15782,13
15782,6
15783,9
15784,3
15784,5
15785,29
15785,9
15785,1
15786,5
15786,9
15786,1
15787,2
15787,29
15788,3
15788,5
15789,3
15789,5
15790,3
15790,13
15791,11
15791,3
15791,5
15792,9
15793,11
15793,3
15793,5
15794,11
15794,3
15794,5
15795,40
15795,9
15795,29
15795,1
15795,17
15795,6
15796,11
15796,3
15796,5
15797,11
15797,3
15797,5
15798,11
15798,3
15798,5
15799,11
15799,3
15799,5
15800,11
15800,3
15800,5
15801,11
15801,3
15801,5
15802,11
15802,3
15802,5
15803,5
15803,9
15803,1
15804,29
15804,1
15804,5
15805,1
15805,5
15806,29
15806,9
15806,1
15806,111
15807,9
15807,83
15807,2
15807,3
15807,17
15808,40
15808,9
15808,29
15808,1
15808,2
15808,4
15808,56
15808,13
15808,6
15809,4
15809,9
15809,1
15809,5
15810,3
15810,5
15811,3
15811,5
15812,3
15812,5
15813,29
15813,9
15813,1
15814,29
15814,9
15814,1
15815,2
15815,29
15816,29
15816,9
15816,1
15816,111
15817,3
15817,5
15818,3
15818,5
15819,5
15819,9
15819,1
15820,9
15821,29
15821,9
15821,1
15822,29
15822,9
15822,1
15822,111
15823,1
15823,5
15824,9
15824,83
15824,2
15824,3
15824,17
15825,9
15825,5
15826,4
15826,9
15826,1
15826,5
15827,3
15827,5
15828,5
15828,9
15828,1
15829,29
15829,9
15829,1
15830,3
15830,5
15831,3
15831,5
15832,2
15832,29
15833,5
15833,9
15833,1
15834,9
15835,29
15835,9
15835,1
15836,29
15836,9
15836,1
15836,111
15837,1
15837,5
15838,3
15838,13
15839,9
15839,83
15839,2
15839,3
15839,17
15840,40
15840,9
15840,29
15840,1
15840,2
15840,4
15840,56
15840,13
15840,6
15841,4
15841,9
15841,1
15841,5
15842,29
15842,9
15842,1
15843,3
15843,5
15844,3
15844,5
15845,29
15845,9
15845,1
15846,5
15846,9
15846,1
15847,2
15847,29
15848,3
15848,5
15849,9
15850,3
15850,5
15851,5
15851,9
15851,1
15852,29
15852,9
15852,1
15853,1
15853,5
15854,29
15854,9
15854,1
15854,111
15855,9
15855,83
15855,2
15855,3
15855,17
15856,29
15856,9
15856,1
15856,111
15857,4
15857,9
15857,1
15857,5
15858,40
15858,9
15858,29
15858,1
15858,2
15858,4
15858,56
15858,13
15858,6
15859,5
15859,9
15859,1
15860,3
15860,5
15861,29
15861,9
15861,1
15862,3
15862,5
15863,3
15863,5
15864,29
15864,9
15864,1
15865,2
15865,29
15866,5
15866,9
15866,1
15867,9
15868,29
15868,9
15868,1
15869,1
15869,5
15870,29
15870,9
15870,1
15870,111
15871,40
15871,9
15871,29
15871,1
15871,2
15871,4
15871,56
15871,13
15871,6
15872,9
15872,83
15872,2
15872,3
15872,17
15873,4
15873,9
15873,1
15873,5
15874,3
15874,5
15875,29
15875,9
15875,1
15876,11
15876,3
15876,5
15877,29
15877,9
15877,1
15878,3
15878,5
15879,3
15879,5
15880,2
15880,29
15881,3
15881,5
15882,9
15883,29
15883,9
15883,1
15883,111
15884,29
15884,9
15884,1
15885,5
15885,9
15885,1
15886,29
15886,9
15886,1
15886,111
15887,3
15888,1
15888,5
15889,40
15889,9
15889,29
15889,1
15889,2
15889,4
15889,56
15889,13
15889,6
15890,4
15890,9
15890,1
15890,5
15891,3
15891,5
15892,5
15892,9
15892,1
15893,29
15893,9
15893,1
15894,3
15894,5
15895,40
15895,9
15895,29
15895,1
15895,2
15895,4
15895,56
15895,13
15895,6
15896,3
15896,5
15897,2
15897,29
15898,9
15899,5
15899,9
15899,1
15900,29
15900,9
15900,1
15901,29
15901,9
15901,1
15901,111
15902,1
15902,5
15903,29
15903,9
15903,1
15903,111
15904,9
15904,83
15904,2
15904,3
15904,17
15905,40
15905,9
15905,29
15905,1
15905,2
15905,4
15905,56
15905,13
15905,6
15906,4
15906,9
15906,1
15906,5
15907,3
15907,5
15908,3
15908,5
15909,29
15909,9
15909,1
15910,11
15910,3
15910,5
15911,3
15911,5
15912,3
15912,5
15913,29
15913,9
15913,1
15914,2
15914,29
15915,3
15915,5
15916,9
15917,29
15917,9
15917,1
15917,111
15918,29
15918,1
15918,5
15919,29
15919,9
15919,1
15920,5
15920,9
15920,1
15921,1
15921,5
15922,29
15922,9
15922,1
15922,111
15923,40
15923,9
15923,29
15923,1
15923,2
15923,4
15923,56
15923,13
15923,6
15924,11
15924,3
15924,5
15925,3
15925,5
15926,4
15926,9
15926,1
15926,5
15927,29
15927,9
15927,1
15928,40
15928,9
15928,29
15928,1
15928,2
15928,4
15928,56
15928,13
15928,6
15929,2
15929,29
15930,3
15930,5
15931,3
15931,5
15932,9
15933,3
15934,5
15934,9
15934,1
15935,1
15935,5
15936,29
15936,9
15936,1
15936,111
15937,40
15937,9
15937,29
15937,1
15937,2
15937,4
15937,56
15937,13
15937,6
15938,4
15938,9
15938,1
15938,5
15939,3
15939,5
15940,40
15940,9
15940,29
15940,1
15940,2
15940,4
15940,56
15940,13
15940,6
15941,5
15941,9
15941,1
15942,29
15942,9
15942,1
15943,3
15943,5
15944,3
15944,5
15945,2
15945,29
15946,3
15946,5
15947,9
15948,5
15948,9
15948,1
15949,29
15949,9
15949,1
15950,29
15950,9
15950,1
15950,111
15951,1
15951,5
15952,9
15952,83
15952,2
15952,3
15952,17
15953,29
15953,9
15953,1
15953,111
15954,4
15954,9
15954,1
15954,5
15955,40
15955,9
15955,29
15955,1
15955,2
15955,4
15955,56
15955,13
15955,6
15956,29
15956,9
15956,1
15957,3
15957,11
15958,3
15958,5
15959,29
15959,9
15959,1
15959,111
15960,3
15960,1
15960,5
15961,4
15961,1
15961,6
15962,4
15962,1
15962,6
15963,3
15963,5
15964,4
15964,3
15964,1
15964,5
15965,9
15965,5
15965,13
15966,3
15966,9
15966,1
15966,5
15967,9
15967,1
15967,4
15967,56
15967,6
15968,9
15968,5
15969,4
15969,11
15969,1
15970,3
15970,9
15970,5
15971,11
15971,3
15972,3
15973,3
15973,1
15973,5
15974,3
15974,5
15975,29
15975,1
15975,5
15976,40
15976,9
15976,29
15976,1
15976,2
15976,4
15976,56
15976,13
15976,6
15977,3
15977,5
15978,3
15978,1
15979,9
15979,5
15980,3
15980,5
15981,3
15981,5
15982,9
15982,1
15983,9
15983,13
15984,9
15985,3
15985,9
15985,1
15985,5
15986,3
15986,1
15987,9
15987,5
15987,13
15988,1
15988,5
15989,3
15990,3
15990,5
15991,29
15991,1
15991,5
15992,3
15993,9
15993,5
15994,2
15994,3
15995,3
15995,5
15996,29
15996,9
15996,1
15997,4
15997,11
15997,1
15998,3
15998,5
15999,3
15999,1
15999,5
16000,3
16000,9
16000,5
16001,3
16002,3
16003,29
16003,1
16004,3
16005,29
16005,1
16006,2
16006,3
16006,1
16006,5
16007,3
16007,5
16008,3
16008,5
16009,2
16009,29
16010,3
16011,2
16011,29
16012,3
16013,166
16013,19
16014,12
16014,2
16014,3
16014,5
16014,17
16015,9
16015,1
16016,29
16016,1
16017,2
16017,9
16017,1
16017,5
16018,2
16018,9
16018,1
16018,5
16019,2
16019,3
16019,1
16019,5
16020,3
16021,3
16022,29
16022,1
16023,9
16023,5
16024,316
16024,29
16024,1
16024,4
16024,17
16025,9
16025,83
16025,3
16025,111
16025,13
16025,6
16026,3
16026,9
16026,5
16027,9
16027,1
16027,5
16027,13
16028,3
16029,3
16030,9
16030,5
16031,9
16031,5
16032,40
16032,9
16032,29
16032,1
16032,17
16032,6
16033,3
16034,3
16035,3
16036,3
16037,3
16037,9
16037,5
16037,13
16038,3
16038,5
16039,9
16039,5
16040,3
16041,3
16042,9
16042,1
16042,5
16043,3
16043,1
16043,5
16044,1
16044,2
16044,3
16044,4
16044,5
16044,6
16045,3
16045,1
16045,5
16046,9
16046,5
16047,29
16047,9
16047,1
16048,9
16048,1
16048,83
16048,4
16048,2
16048,5
16048,17
16049,40
16049,9
16049,29
16049,1
16049,17
16049,6
16050,9
16050,5
16051,3
16052,29
16052,1
16053,9
16053,5
16054,3
16054,9
16054,5
16054,13
16055,3
16056,3
16056,5
16057,9
16057,5
16058,9
16058,5
16059,3
16060,3
16061,9
16061,5
16062,3
16063,3
16064,9
16064,1
16064,5
16065,9
16066,83
16066,3
16066,5
16066,74
16066,13
16067,3
16068,9
16068,1
16068,5
16068,13
16069,3
16070,83
16070,3
16070,5
16070,74
16070,13
16071,9
16071,1
16071,5
16071,13
16072,9
16072,5
16073,83
16073,3
16073,5
16073,74
16073,13
16074,3
16075,9
16075,1
16075,5
16075,13
16076,3
16077,83
16077,3
16077,5
16077,74
16077,13
16078,9
16078,1
16078,5
16078,13
16079,9
16080,3
16081,3
16082,9
16082,5
16083,3
16084,3
16085,29
16085,6
16085,17
16085,83
16086,29
16086,9
16086,1
16086,111
16087,3
16087,5
16088,29
16088,1
16088,5
16089,3
16089,5
16090,29
16090,1
16090,5
16091,47
16091,29
16091,4
16091,3
16091,6
16092,47
16092,29
16092,4
16092,3
16092,6
16093,29
16093,9
16093,1
16093,111
16094,9
16094,5
16095,47
16095,29
16095,4
16095,3
16095,6
16096,47
16096,29
16096,4
16096,3
16096,6
16097,2
16097,1
16098,47
16098,29
16098,4
16098,3
16098,6
16099,47
16099,29
16099,4
16099,3
16099,6
16100,47
16100,29
16100,4
16100,3
16100,6
16101,29
16101,9
16101,1
16102,9
16102,1
16102,4
16102,56
16102,6
16103,3
16103,5
16104,9
16104,5
16105,166
16105,19
16106,2
16106,1
16107,4
16107,1
16107,6
16108,29
16108,1
16109,4
16109,11
16109,1
16110,3
16111,9
16111,5
16112,3
16112,9
16112,5
16113,29
16113,6
16113,17
16113,83
16114,29
16114,6
16114,17
16114,83
16115,9
16115,5
16116,29
16116,6
16116,17
16116,83
16117,3
16117,5
16118,3
16118,5
16118,13
16118,6
16119,3
16119,5
16119,13
16119,6
16120,3
16121,3
16122,47
16122,29
16122,4
16122,3
16122,6
16123,3
16123,5
16123,13
16123,6
16124,3
16124,9
16124,5
16125,13
16126,2
16126,29
16127,9
16127,5
16128,3
16128,5
16129,3
16130,9
16130,5
16131,3
16131,9
16131,5
16132,9
16132,5
16133,9
16133,5
16134,3
16134,5
16135,1
16135,4
16135,74
16135,75
16135,17
16136,3
16136,161
16137,9
16137,5
16138,9
16139,2
16139,29
16140,9
16140,83
16140,3
16140,111
16140,13
16140,6
16141,3
16142,11
16142,3
16142,5
16143,29
16143,6
16143,17
16143,83
16144,9
16144,5
16145,47
16145,29
16145,4
16145,3
16145,6
16146,11
16146,3
16146,5
16147,3
16147,5
16148,13
16148,6
16149,2
16149,9
16149,1
16149,5
16150,29
16150,1
16150,5
16151,3
16151,161
16152,3
16152,1
16152,5
16153,9
16153,5
16154,3
16154,1
16154,5
16155,3
16155,5
16156,2
16156,9
16156,1
16156,5
16157,13
16157,6
16158,3
16158,1
16158,5
16159,3
16159,161
16160,3
16161,3
16162,9
16162,316
16162,1
16162,4
16162,3
16162,5
16162,17
16162,6
16163,40
16163,5
16164,3
16164,1
16164,5
16165,9
16165,5
16166,3
16167,9
16167,1
16167,5
16167,13
16168,9
16168,1
16168,5
16168,13
16169,40
16169,5
16170,3
16171,3
16172,3
16173,3
16174,9
16174,1
16174,5
16174,13
16175,3
16176,9
16176,1
16176,5
16176,13
16177,3
16178,9
16178,1
16178,5
16178,13
16179,40
16179,5
16180,9
16180,1
16180,5
16180,13
16181,3
16181,5
16182,13
16182,6
16183,3
16183,1
16183,5
16184,2
16184,9
16184,1
16184,5
16185,3
16185,1
16186,9
16186,5
16187,2
16187,3
16187,1
16187,5
16188,2
16188,3
16188,1
16188,5
16189,47
16189,29
16189,4
16189,3
16189,6
16190,9
16191,47
16191,29
16191,4
16191,3
16191,6
16192,3
16192,1
16192,5
16193,9
16193,1
16193,5
16194,29
16194,1
16194,5
16195,29
16195,9
16195,1
16196,9
16196,5
16197,9
16198,9
16199,3
16199,5
16200,9
16200,5
16201,29
16201,6
16201,17
16201,83
16202,3
16202,5
16203,9
16204,9
16204,5
16205,3
16205,5
16206,9
16206,1
16207,9
16207,5
16208,29
16208,9
16208,1
16209,29
16209,9
16209,1
16210,2
16210,3
16210,9
16210,5
16211,3
16212,2
16212,1
16213,3
16213,19
16214,29
16214,1
16215,3
16215,19
16216,2
16216,1
16217,29
16217,9
16217,1
16218,3
16218,1
16218,5
16219,3
16219,5
16220,9
16220,5
16221,3
16221,5
16222,9
16222,5
16223,29
16223,6
16223,17
16223,83
16224,3
16224,9
16224,1
16224,5
16225,29
16225,9
16225,1
16226,4
16226,11
16226,1
16227,3
16227,5
16228,29
16228,9
16228,1
16229,1
16229,3
16229,5
16229,13
16229,17
16230,29
16230,9
16230,1
16231,3
16231,1
16231,5
16232,2
16233,3
16234,9
16235,29
16235,1
16235,5
16236,3
16236,1
16236,5
16237,2
16237,29
16238,9
16238,1
16238,83
16238,2
16238,17
16239,3
16239,5
16240,3
16240,5
16241,3
16241,5
16242,47
16242,29
16242,4
16242,3
16242,6
16243,29
16243,1
16243,5
16244,3
16244,5
16245,4
16245,11
16245,1
16246,9
16246,1
16246,6
16247,3
16247,5
16248,2
16248,1
16249,5
16249,17
16249,13
16250,9
16250,1
16250,4
16250,56
16250,6
16251,5
16251,17
16251,13
16252,5
16252,17
16252,13
16253,3
16253,5
16254,5
16254,17
16254,13
16255,3
16255,5
16256,5
16256,17
16256,13
16257,9
16257,5
16258,5
16258,17
16258,13
16259,5
16259,17
16259,13
16260,5
16260,17
16260,13
16261,9
16261,5
16262,9
16262,5
16263,5
16263,3
16263,9
16263,1
16264,29
16264,1
16265,3
16265,5
16266,3
16267,3
16268,9
16268,5
16269,29
16269,5
16270,3
16270,5
16271,9
16271,13
16272,3
16272,5
16273,3
16273,5
16274,3
16275,29
16275,5
16276,3
16277,2
16277,3
16278,29
16278,17
16279,3
16279,161
16280,9
16280,83
16280,2
16280,3
16280,17
16281,9
16281,83
16281,2
16281,3
16281,17
16282,29
16282,9
16282,1
16282,5
16283,9
16283,1
16283,4
16283,56
16283,6
16284,4
16284,11
16284,1
16285,3
16285,5
16286,9
16286,5
16287,9
16287,1
16287,4
16287,56
16287,6
16288,40
16288,9
16288,29
16288,1
16288,17
16288,6
16289,3
16289,5
16290,9
16290,1
16291,9
16291,1
16292,3
16292,5
16293,3
16293,5
16294,9
16294,5
16295,3
16295,1
16295,5
16296,3
16296,5
16297,4
16297,11
16297,1
16298,4
16298,9
16298,1
16298,5
16299,4
16299,9
16299,1
16299,5
16300,9
16300,5
16301,4
16301,9
16301,1
16301,5
16302,9
16302,5
16303,3
16304,3
16305,3
16306,3
16307,29
16307,1
16307,5
16308,3
16309,3
16310,3
16311,3
16312,3
16313,3
16314,3
16315,3
16316,3
16317,3
16318,3
16319,3
16320,3
16321,3
16322,3
16323,3
16324,3
16325,3
16325,1
16326,3
16327,3
16328,3
16329,3
16329,1
16330,9
16330,5
16331,3
16332,3
16333,9
16333,5
16334,9
16334,5
16335,9
16335,5
16336,3
16336,5
16337,9
16337,5
16338,9
16338,1
16338,4
16338,56
16338,6
16339,3
16339,5
16340,9
16340,1
16341,29
16341,6
16341,17
16341,83
16342,9
16342,5
16343,40
16343,1
16343,5
16344,9
16344,5
16345,29
16345,9
16345,1
16346,3
16346,5
16347,9
16347,5
16348,9
16348,5
16349,9
16349,5
16350,9
16350,5
16351,9
16351,5
16352,3
16352,9
16352,5
16353,3
16353,1
16353,5
16354,9
16354,5
16355,9
16355,1
16356,29
16356,9
16356,1
16357,9
16357,5
16358,29
16358,1
16358,5
16359,29
16359,9
16359,1
16359,111
16360,4
16360,11
16360,1
16361,4
16361,11
16361,1
16362,9
16362,5
16363,3
16364,29
16364,1
16364,5
16365,3
16365,5
16366,3
16366,5
16367,40
16367,9
16367,29
16367,1
16367,17
16367,6
16368,4
16368,11
16368,1
16369,3
16369,5
16370,9
16370,5
16371,3
16372,2
16372,3
16372,9
16372,5
16373,3
16373,5
16374,40
16374,9
16374,29
16374,1
16374,17
16374,6
16375,3
16375,9
16375,5
16375,13
16376,29
16376,9
16376,1
16377,9
16377,5
16378,29
16378,9
16378,1
16379,3
16379,5
16380,9
16380,316
16380,1
16380,4
16380,3
16380,5
16380,17
16380,6
16381,9
16381,5
16382,3
16383,9
16383,5
16384,3
16384,5
16385,29
16385,9
16386,3
16386,9
16386,5
16387,1
16387,5
16388,1
16388,5
16389,3
16389,13
16390,9
16390,5
16391,9
16391,5
16392,3
16392,13
16393,9
16393,5
16394,3
16394,13
16395,3
16396,3
16396,5
16397,3
16397,9
16397,5
16398,3
16399,9
16399,1
16399,4
16399,56
16399,6
16400,9
16401,9
16401,5
16402,29
16402,1
16402,5
16403,3
16403,13
16404,29
16404,9
16404,1
16405,29
16405,1
16406,3
16406,5
16407,29
16407,9
16407,1
16408,29
16408,1
16409,9
16409,5
16410,9
16410,5
16411,29
16411,9
16411,1
16412,9
16412,5
16413,9
16413,5
16414,3
16414,5
16415,9
16415,5
16416,9
16416,5
16417,9
16417,5
16418,2
16418,3
16418,5
16419,29
16419,1
16419,5
16420,9
16420,5
16421,9
16421,5
16422,3
16422,9
16422,5
16423,3
16423,9
16423,5
16424,1
16424,5
16425,29
16425,1
16426,3
16426,161
16427,29
16427,1
16427,5
16427,13
16427,17
16428,29
16428,9
16428,1
16429,9
16429,5
16430,3
16430,5
16431,9
16431,5
16432,3
16432,9
16432,5
16433,9
16433,5
16433,13
16434,3
16434,5
16435,3
16435,9
16435,5
16436,9
16436,5
16437,3
16437,5
16438,9
16438,5
16439,3
16439,1
16439,5
16440,3
16440,9
16440,5
16441,9
16441,5
16442,3
16442,9
16442,5
16443,3
16443,9
16443,5
16444,3
16444,9
16444,5
16445,3
16445,13
16446,3
16446,9
16446,5
16447,3
16448,1
16448,5
16449,29
16449,1
16450,9
16450,5
16451,3
16451,1
16452,9
16452,83
16452,2
16452,3
16452,17
16453,9
16454,9
16454,5
16455,3
16455,9
16455,5
16456,5
16457,1
16457,5
16458,9
16458,29
16458,1
16458,56
16458,111
16458,17
16459,9
16459,5
16460,9
16460,5
16461,1
16461,2
16461,3
16461,4
16461,5
16461,6
16462,3
16462,5
16463,9
16463,5
16464,9
16464,5
16465,29
16465,5
16466,9
16466,1
16467,9
16467,5
16468,9
16468,1
16468,4
16468,56
16468,6
16469,3
16469,9
16469,5
16470,3
16470,5
16471,9
16471,1
16471,4
16471,56
16471,6
16472,9
16472,5
16473,9
16473,5
16474,3
16474,1
16474,5
16475,3
16475,5
16476,9
16477,3
16477,5
16478,29
16478,1
16479,2
16479,3
16479,5
16480,9
16480,5
16481,9
16481,5
16482,9
16482,5
16483,9
16483,1
16483,4
16483,56
16483,6
16484,9
16484,5
16485,9
16485,5
16486,9
16486,1
16486,4
16486,56
16486,6
16487,9
16487,1
16488,9
16488,5
16489,9
16489,1
16489,4
16489,56
16489,6
16490,9
16490,5
16491,9
16491,5
16492,9
16492,1
16492,4
16492,56
16492,6
16493,9
16493,5
16494,2
16494,3
16494,5
16495,9
16495,5
16496,9
16496,5
16497,9
16497,1
16497,4
16497,56
16497,6
16498,9
16498,5
16499,9
16499,1
16500,9
16500,5
16501,9
16501,5
16502,3
16502,1
16502,5
16503,3
16503,9
16503,5
16504,3
16504,9
16504,5
16505,3
16505,1
16505,5
16506,9
16506,1
16506,4
16506,56
16506,6
16507,3
16507,9
16507,5
16508,3
16508,9
16508,5
16509,3
16509,13
16510,3
16510,9
16510,5
16511,3
16512,9
16512,1
16512,4
16512,56
16512,6
16513,29
16513,1
16513,5
16514,9
16515,5
16515,9
16515,1
16516,9
16516,1
16516,4
16516,56
16516,6
16517,9
16518,166
16518,19
16519,3
16519,161
16519,5
16519,83
16520,9
16520,5
16521,1
16521,5
16522,9
16522,83
16522,2
16522,3
16522,17
16523,3
16523,5
16524,9
16524,5
16525,29
16525,1
16526,3
16527,9
16527,5
16528,29
16528,1
16529,3
16530,3
16531,3
16532,29
16532,1
16532,5
16533,3
16534,29
16534,1
16535,29
16535,1
16536,9
16536,5
16537,29
16537,1
16538,3
16538,5
16539,9
16539,1
16539,4
16539,56
16539,6
16540,9
16540,5
16541,40
16541,9
16541,29
16541,1
16541,2
16541,4
16541,56
16541,13
16541,6
16542,3
16543,9
16543,316
16543,1
16543,4
16543,3
16543,5
16543,17
16543,6
16544,3
16544,161
16545,9
16545,5
16546,29
16546,9
16546,1
16547,3
16547,9
16547,1
16548,3
16548,1
16548,5
16549,3
16549,1
16549,5
16550,3
16550,161
16551,3
16551,1
16551,5
16552,9
16552,29
16552,1
16552,56
16552,111
16552,17
16553,3
16553,5
16554,9
16554,1
16554,5
16554,13
16555,5
16555,17
16555,13
16556,3
16556,161
16556,5
16556,83
16557,3
16557,5
16558,3
16558,161
16558,5
16558,83
16559,9
16559,5
16560,3
16560,161
16560,5
16560,83
16561,5
16561,17
16561,13
16562,3
16562,161
16562,5
16562,83
16563,1
16563,4
16563,2
16563,56
16563,5
16563,17
16563,6
16564,3
16564,161
16564,5
16564,83
16565,3
16565,161
16565,5
16565,83
16566,3
16566,5
16567,40
16567,9
16567,316
16567,47
16567,29
16567,1
16567,83
16567,317
16567,56
16567,5
16567,74
16567,13
16567,17
16567,318
16567,6
16568,3
16568,9
16568,5
16568,13
16569,29
16569,1
16570,29
16570,1
16571,4
16571,11
16571,1
16572,29
16572,9
16573,29
16573,9
16574,1
16574,4
16574,74
16574,75
16574,17
16575,29
16575,9
16576,9
16576,5
16577,4
16577,1
16577,6
16578,4
16578,1
16578,6
16579,1
16579,4
16579,74
16579,75
16579,17
16580,1
16580,4
16580,74
16580,75
16580,17
16581,1
16581,4
16581,74
16581,75
16581,17
16582,1
16582,4
16582,74
16582,75
16582,17
16583,2
16583,1
16584,1
16584,4
16584,74
16584,75
16584,17
16585,4
16585,9
16585,1
16585,5
16586,11
16586,9
16586,1
16586,3
16586,5
16586,17
16586,6
16587,11
16587,3
16588,3
16588,5
16589,4
16589,1
16589,6
16590,3
16590,5
16590,13
16590,6
16591,29
16591,1
16592,2
16592,3
16592,1
16592,5
16593,40
16593,9
16593,29
16593,1
16593,17
16593,6
16594,3
16594,5
16594,13
16594,6
16595,3
16595,5
16596,3
16596,5
16597,3
16597,13
16598,29
16598,9
16598,1
16599,9
16599,1
16600,9
16600,5
16601,9
16601,5
16602,3
16603,9
16603,5
16604,3
16604,5
16605,11
16605,3
16605,5
16606,11
16606,3
16606,5
16607,3
16608,9
16608,5
16609,3
16609,5
16610,3
16610,9
16610,5
16611,2
16611,3
16611,1
16611,5
16612,3
16612,9
16612,13
16613,1
16613,5
16614,9
16614,5
16615,3
16615,19
16616,2
16616,29
16617,9
16617,5
16618,2
16618,1
16619,1
16619,5
16620,11
16620,5
16621,9
16621,5
16622,40
16622,9
16622,29
16622,1
16622,17
16622,6
16623,9
16623,1
16623,5
16624,29
16624,9
16624,1
16624,111
16625,2
16625,3
16625,5
16626,3
16626,9
16626,5
16627,11
16627,3
16627,5
16628,3
16628,5
16629,3
16629,5
16629,13
16629,6
16630,11
16630,5
16631,5
16631,17
16631,13
16632,5
16632,9
16632,1
16633,4
16633,1
16633,6
16634,29
16634,9
16634,1
16635,3
16635,5
16636,3
16637,40
16637,5
16638,9
16638,1
16638,5
16639,3
16640,2
16640,29
16641,9
16641,1
16641,13
16641,83
16642,3
16643,1
16643,5
16644,3
16644,5
16645,56
16645,5
16645,13
16646,56
16646,5
16646,13
16647,4
16647,1
16647,6
16648,3
16648,1
16649,2
16649,1
16650,4
16650,1
16650,6
16651,2
16651,9
16651,1
16651,5
16652,2
16652,9
16652,1
16652,5
16653,2
16653,9
16653,1
16653,5
16654,2
16654,9
16654,1
16654,5
16655,2
16655,9
16655,1
16655,5
16656,2
16656,9
16656,1
16656,5
16657,2
16657,9
16657,1
16657,5
16658,2
16658,9
16658,1
16658,5
16659,2
16659,9
16659,1
16659,5
16660,2
16660,9
16660,1
16660,5
16661,2
16661,9
16661,1
16661,5
16662,2
16662,9
16662,1
16662,5
16663,2
16663,9
16663,1
16663,5
16664,2
16664,9
16664,1
16664,5
16665,2
16665,9
16665,1
16665,5
16666,2
16666,9
16666,1
16666,5
16667,9
16667,5
16668,3
16668,5
16669,3
16670,11
16670,3
16670,5
16671,11
16671,3
16671,5
16672,3
16672,161
16673,9
16674,3
16674,1
16674,5
16675,9
16675,83
16675,2
16675,3
16675,17
16676,9
16676,5
16677,3
16677,5
16678,2
16678,29
16679,3
16680,9
16680,5
16681,29
16681,9
16681,1
16682,3
16682,13
16683,9
16683,1
16683,4
16683,56
16683,6
16684,2
16684,29
16685,3
16685,161
16686,3
16686,5
16687,9
16687,5
16688,9
16689,3
16689,5
16690,1
16690,5
16691,4
16691,9
16691,1
16691,5
16692,4
16692,9
16692,1
16692,5
16693,29
16693,9
16694,4
16694,9
16694,1
16694,5
16695,4
16695,11
16695,1
16696,3
16697,2
16697,1
16698,47
16698,83
16698,2
16698,13
16698,17
16698,6
16699,2
16699,3
16699,9
16699,5
16700,40
16700,5
16701,3
16701,5
16702,9
16702,1
16703,1
16703,5
16704,4
16704,9
16704,1
16704,5
16705,9
16705,1
16706,4
16706,11
16706,1
16707,3
16707,161
16708,11
16708,3
16709,3
16710,3
16710,5
16711,2
16711,1
16712,9
16712,1
16713,9
16713,1
16714,9
16714,1
16715,9
16715,5
16716,9
16716,1
16717,2
16717,3
16717,9
16717,5
16718,1
16718,5
16719,4
16719,9
16719,1
16719,5
16720,3
16720,1
16720,5
16721,3
16722,2
16722,1
16723,9
16724,9
16724,1
16725,9
16726,4
16726,9
16726,1
16726,5
16727,4
16727,9
16727,1
16727,5
16728,3
16728,5
16729,1
16729,5
16730,1
16730,2
16730,3
16730,4
16730,5
16730,6
16731,3
16732,9
16732,1
16733,2
16733,1
16734,29
16734,5
16735,3
16736,3
16737,3
16737,5
16738,3
16739,3
16740,29
16740,5
16741,3
16742,3
16743,29
16743,5
16744,3
16745,3
16746,29
16746,5
16747,3
16748,3
16749,3
16750,9
16750,1
16750,4
16750,56
16750,6
16751,3
16752,3
16753,3
16754,3
16754,19
16755,4
16755,11
16755,1
16756,4
16756,11
16756,1
16757,4
16757,9
16757,1
16757,5
16758,2
16758,11
16758,5
16759,3
16759,161
16759,5
16759,83
16760,9
16760,83
16760,2
16760,3
16760,17
16761,29
16761,1
16762,3
16762,161
16762,17
16763,3
16763,161
16763,17
16764,4
16764,11
16764,1
16765,4
16765,11
16765,1
16766,3
16766,161
16766,17
16767,3
16768,9
16768,1
16768,4
16768,56
16768,6
16769,9
16770,29
16770,9
16770,1
16770,5
16771,166
16771,19
16772,3
16772,5
16772,6
16773,4
16773,11
16773,1
16774,3
16775,1
16775,5
16776,9
16776,5
16777,29
16777,9
16777,1
16778,3
16779,29
16779,1
16780,9
16780,83
16780,2
16780,3
16780,17
16781,29
16781,1
16781,5
16782,4
16782,11
16782,1
16783,4
16783,1
16783,6
16784,9
16784,5
16785,2
16785,3
16785,5
16786,40
16786,9
16786,29
16786,1
16786,17
16786,6
16787,166
16787,19
16788,166
16788,19
16789,29
16789,1
16790,3
16790,161
16791,9
16791,5
16792,3
16792,5
16793,29
16793,6
16793,17
16793,83
16794,29
16794,6
16794,17
16794,83
16795,9
16795,5
16796,9
16796,5
16797,3
16797,9
16797,5
16798,3
16798,5
16799,9
16799,5
16800,3
16800,5
16801,9
16801,5
16802,3
16802,5
16803,3
16803,1
16803,5
16804,9
16804,5
16805,2
16805,11
16805,5
16806,3
16806,5
16807,3
16807,5
16808,3
16808,5
16809,3
16809,5
16810,1
16810,5
16811,1
16812,9
16812,5
16813,2
16813,3
16813,9
16813,5
16814,9
16814,1
16814,4
16814,56
16814,6
16815,9
16815,1
16815,4
16815,56
16815,6
16816,2
16816,3
16816,9
16816,5
16817,9
16817,1
16817,5
16817,13
16818,9
16818,5
16819,40
16819,9
16819,29
16819,1
16819,17
16819,6
16820,9
16820,5
16821,9
16821,5
16822,9
16822,1
16822,5
16822,13
16823,9
16823,1
16823,5
16823,13
16824,9
16824,1
16824,5
16824,13
16825,9
16825,1
16825,5
16825,13
16826,9
16826,1
16826,5
16826,13
16827,4
16827,40
16827,1
16827,75
16828,4
16828,40
16828,1
16828,75
16829,166
16829,19
16830,3
16830,1
16831,3
16831,5
16832,3
16832,1
16833,9
16833,5
16834,9
16834,5
16835,9
16835,5
16836,4
16836,40
16836,1
16836,75
16837,3
16837,9
16837,1
16838,4
16838,40
16838,1
16838,75
16839,3
16839,9
16839,1
16840,9
16840,1
16840,5
16840,13
16841,3
16841,5
16841,13
16842,4
16842,40
16842,1
16842,75
16843,3
16843,5
16844,3
16844,5
16845,5
16845,9
16845,1
16846,3
16846,5
16847,29
16847,1
16848,9
16848,1
16848,4
16848,56
16848,6
16849,9
16849,5
16850,29
16850,1
16850,5
16851,9
16851,1
16851,4
16851,56
16851,6
16852,29
16852,13
16852,6
16853,9
16853,83
16853,2
16853,3
16853,17
16854,3
16854,5
16855,29
16855,13
16855,6
16856,4
16856,40
16856,1
16856,75
16857,9
16857,83
16857,2
16857,3
16857,17
16858,9
16858,5
16859,29
16859,1
16860,9
16860,5
16861,9
16861,5
16862,47
16862,29
16862,4
16862,3
16862,6
16863,9
16863,5
16864,47
16864,29
16864,4
16864,3
16864,6
16865,3
16865,5
16866,9
16866,1
16866,4
16866,56
16866,6
16867,3
16867,5
16868,9
16868,1
16868,4
16868,56
16868,6
16869,9
16869,29
16869,1
16869,56
16869,111
16869,17
16870,3
16870,5
16871,3
16871,5
16872,9
16872,29
16872,1
16872,56
16872,111
16872,17
16873,3
16873,5
16874,3
16874,9
16874,5
16875,9
16875,5
16876,29
16876,9
16876,1
16877,29
16877,9
16877,1
16878,4
16878,40
16878,1
16878,75
16879,29
16879,1
16880,9
16880,5
16880,13
16881,4
16881,11
16881,1
16882,9
16882,5
16883,166
16883,19
16884,3
16885,19
16886,9
16886,1
16886,5
16886,13
16887,11
16887,5
16888,3
16888,5
16889,29
16889,9
16889,1
16890,4
16890,40
16890,1
16890,75
16891,29
16891,9
16891,1
16892,9
16892,5
16893,1
16894,4
16894,11
16894,1
16895,29
16895,9
16895,1
16896,1
16897,3
16897,5
16897,13
16898,4
16898,40
16898,1
16898,75
16899,1
16900,4
16900,40
16900,1
16900,75
16901,3
16901,9
16901,1
16902,9
16902,5
16903,3
16903,5
16904,9
16904,316
16904,1
16904,4
16904,3
16904,5
16904,17
16904,6
16905,3
16906,83
16906,3
16906,5
16906,74
16906,13
16907,9
16907,83
16907,2
16907,3
16907,17
16908,9
16908,5
16909,3
16910,3
16910,161
16911,9
16911,316
16911,1
16911,4
16911,3
16911,5
16911,17
16911,6
16912,3
16912,161
16913,3
16914,3
16915,3
16916,9
16916,83
16916,2
16916,3
16916,17
16917,3
16918,9
16918,1
16918,4
16918,56
16918,6
16919,3
16920,3
16921,2
16921,3
16922,3
16922,161
16923,1
16923,4
16923,2
16923,56
16923,5
16923,17
16923,6
16924,1
16924,4
16924,74
16924,75
16924,17
16925,5
16925,9
16925,1
16926,9
16926,5
16927,2
16927,29
16928,29
16928,9
16928,1
16929,29
16929,1
16929,5
16930,9
16930,1
16931,2
16931,1
16932,3
16933,3
16934,29
16934,5
16935,3
16936,3
16937,29
16937,5
16938,3
16939,3
16940,29
16940,5
16941,3
16942,3
16943,29
16943,5
16944,3
16945,3
16946,29
16946,5
16947,3
16948,29
16948,5
16949,3
16950,3
16951,3
16952,29
16952,5
16953,3
16954,3
16955,3
16956,29
16956,5
16957,3
16958,29
16958,5
16959,3
16960,3
16961,3
16962,29
16962,5
16963,29
16963,5
16964,3
16965,29
16965,5
16966,3
16967,3
16968,29
16968,5
16969,3
16970,3
16971,3
16972,29
16972,5
16973,3
16974,3
16975,3
16976,29
16976,5
16977,29
16977,9
16977,1
16978,9
16978,5
16979,29
16979,9
16979,1
16980,9
16980,1
16981,9
16981,5
16982,9
16982,5
16983,9
16983,5
16984,9
16984,5
16985,9
16985,5
16986,9
16986,5
16987,9
16987,1
16988,5
16988,13
16989,3
16989,9
16989,5
16990,29
16990,1
16991,9
16991,5
16992,9
16992,1
16992,4
16992,56
16992,6
16993,29
16993,9
16993,1
16993,111
16994,29
16994,1
16995,29
16995,9
16995,1
16995,111
16996,3
16996,161
16997,3
16997,9
16997,1
16997,5
16998,3
16998,161
16999,3
16999,13
17000,9
17000,5
17001,3
17001,161
17002,3
17002,161
17003,3
17003,161
17004,1
17004,5
17005,9
17005,29
17005,1
17005,56
17005,111
17005,17
17006,9
17006,5
17007,4
17007,40
17007,1
17007,75
17008,9
17008,5
17009,9
17009,316
17009,1
17009,4
17009,3
17009,5
17009,17
17009,6
17010,3
17011,3
17011,161
17012,3
17012,5
17013,9
17013,5
17014,9
17014,12
17014,1
17014,5
17014,13
17015,29
17015,1
17016,29
17016,9
17016,1
17016,111
17017,9
17017,5
17018,3
17019,3
17019,5
17020,40
17020,9
17020,29
17020,1
17020,17
17020,6
17021,40
17021,9
17021,29
17021,1
17021,2
17021,4
17021,56
17021,13
17021,6
17022,9
17022,5
17023,9
17023,5
17024,9
17024,1
17024,4
17024,56
17024,6
17025,3
17026,29
17026,1
17027,9
17027,5
17028,3
17029,3
17029,5
17030,5
17030,17
17030,13
17031,5
17031,17
17031,13
17032,29
17032,1
17033,5
17033,17
17033,13
17034,5
17034,17
17034,13
17035,9
17035,5
17036,3
17036,5
17036,13
17036,6
17037,3
17037,5
17037,13
17037,6
17038,9
17038,5
17039,3
17039,13
17040,5
17040,17
17040,13
17041,5
17041,17
17041,13
17042,5
17042,17
17042,13
17043,5
17043,17
17043,13
17044,5
17044,17
17044,13
17045,5
17045,17
17045,13
17046,5
17046,17
17046,13
17047,5
17047,17
17047,13
17048,5
17048,17
17048,13
17049,5
17049,17
17049,13
17050,5
17050,17
17050,13
17051,5
17051,17
17051,13
17052,5
17052,17
17052,13
17053,5
17053,17
17053,13
17054,5
17054,17
17054,13
17055,5
17055,17
17055,13
17056,5
17056,17
17056,13
17057,5
17057,17
17057,13
17058,9
17058,1
17058,5
17059,9
17059,1
17059,5
17060,5
17060,17
17060,13
17061,3
17061,5
17062,5
17062,17
17062,13
17063,5
17063,17
17063,13
17064,5
17064,17
17064,13
17065,5
17065,17
17065,13
17066,5
17066,17
17066,13
17067,1
17067,5
17068,1
17068,5
17069,29
17069,1
17070,29
17070,1
17071,9
17071,1
17071,5
17072,5
17072,17
17072,13
17073,5
17073,17
17073,13
17074,1
17074,5
17075,3
17075,5
17076,1
17076,5
17077,29
17077,1
17078,29
17078,1
17079,9
17079,1
17079,5
17080,5
17080,17
17080,13
17081,5
17081,17
17081,13
17082,5
17082,17
17082,13
17083,5
17083,17
17083,13
17084,5
17084,17
17084,13
17085,5
17085,17
17085,13
17086,5
17086,17
17086,13
17087,5
17087,17
17087,13
17088,9
17088,83
17088,3
17088,111
17088,13
17088,6
17089,9
17089,83
17089,3
17089,111
17089,13
17089,6
17090,9
17090,83
17090,3
17090,111
17090,13
17090,6
17091,5
17091,17
17091,13
17092,5
17092,17
17092,13
17093,5
17093,17
17093,13
17094,5
17094,17
17094,13
17095,9
17095,83
17095,3
17095,111
17095,13
17095,6
17096,4
17096,11
17096,1
17097,2
17097,29
17098,2
17098,29
17099,4
17099,11
17099,1
17100,3
17101,3
17101,5
17102,29
17102,6
17102,17
17102,83
17103,166
17103,19
17104,3
17104,5
17105,9
17105,1
17105,4
17105,56
17105,6
17106,3
17106,5
17107,9
17107,5
17107,13
17108,3
17108,5
17109,3
17110,13
17110,6
17111,9
17111,5
17112,9
17112,5
17113,9
17113,5
17114,9
17114,5
17115,9
17115,5
17116,3
17117,166
17117,19
17118,2
17119,3
17119,1
17119,5
17120,4
17120,11
17120,1
17121,9
17121,5
17122,9
17122,1
17122,4
17122,56
17122,6
17123,29
17123,1
17123,5
17124,3
17124,13
17125,9
17125,83
17125,2
17125,3
17125,17
17126,29
17126,13
17126,6
17127,2
17127,3
17128,3
17128,1
17129,9
17129,83
17129,2
17129,3
17129,17
17130,40
17130,1
17130,5
17131,3
17131,1
17132,9
17132,5
17133,3
17133,1
17133,5
17134,29
17134,9
17134,1
17134,13
17135,3
17135,5
17136,9
17136,5
17137,3
17137,5
17138,9
17138,5
17139,4
17139,1
17139,6
17140,3
17140,9
17140,5
17141,3
17141,1
17141,5
17142,9
17142,5
17143,9
17143,83
17143,2
17143,3
17143,17
17144,9
17144,5
17145,3
17146,3
17146,9
17146,5
17147,40
17147,9
17147,29
17147,1
17147,2
17147,4
17147,56
17147,13
17147,6
17148,3
17148,5
17149,9
17149,5
17150,2
17150,3
17150,5
17151,29
17151,9
17151,1
17152,3
17152,1
17152,5
17153,3
17153,9
17153,5
17154,9
17154,5
17155,9
17155,5
17156,9
17156,5
17157,3
17158,9
17158,5
17159,29
17159,1
17159,5
17160,9
17160,5
17161,9
17161,5
17162,9
17162,5
17163,3
17163,5
17164,9
17164,1
17165,9
17165,5
17166,1
17166,5
17167,9
17167,5
17168,9
17168,5
17169,9
17169,5
17170,3
17170,13
17171,9
17171,5
17172,9
17172,5
17173,9
17173,5
17174,9
17174,5
17175,3
17176,11
17176,5
17177,3
17178,11
17178,5
17179,3
17179,9
17179,1
17179,5
17180,3
17180,5
17181,3
17181,5
17182,40
17182,5
17183,9
17183,5
17184,3
17184,161
17185,9
17185,5
17186,3
17187,9
17187,1
17187,4
17187,56
17187,6
17188,3
17189,3
17189,5
17190,3
17191,3
17192,2
17192,3
17192,9
17192,5
17193,9
17193,5
17194,9
17194,5
17195,9
17195,5
17196,9
17196,5
17197,9
17197,5
17198,3
17199,3
17199,9
17199,1
17199,5
17200,3
17201,17
17201,12
17201,9
17201,5
17202,3
17202,19
17203,1
17203,5
17204,2
17204,1
17205,4
17205,9
17205,1
17205,5
17206,4
17206,11
17206,1
17207,9
17207,5
17208,29
17208,9
17208,1
17209,3
17209,161
17210,3
17210,161
17211,3
17211,1
17211,5
17212,3
17212,161
17213,3
17213,161
17214,3
17214,161
17215,4
17215,40
17215,1
17215,75
17216,4
17216,40
17216,1
17216,75
17217,4
17217,40
17217,1
17217,75
17218,4
17218,40
17218,1
17218,75
17219,4
17219,40
17219,1
17219,75
17220,9
17220,1
17220,5
17221,9
17221,1
17221,5
17222,9
17222,1
17222,5
17223,11
17223,3
17223,5
17224,1
17224,17
17225,5
17225,9
17225,1
17226,9
17226,1
17226,5
17227,9
17227,1
17227,5
17228,5
17228,9
17228,1
17229,5
17229,9
17229,1
17230,5
17230,9
17230,1
17231,5
17231,9
17231,1
17232,5
17232,9
17232,1
17233,3
17233,5
17234,2
17234,29
17235,3
17235,1
17235,5
17236,9
17236,5
17237,3
17237,5
17238,9
17238,1
17239,29
17239,6
17239,17
17239,83
17240,3
17241,166
17241,19
17242,2
17242,1
17243,9
17243,5
17244,3
17244,5
17245,9
17245,1
17245,5
17246,3
17247,2
17247,1
17248,1
17248,5
17249,3
17249,161
17250,9
17250,1
17251,3
17251,19
17252,3
17252,5
17253,3
17254,2
17254,1
17255,9
17256,9
17256,5
17257,2
17257,1
17258,29
17258,13
17258,6
17259,2
17259,29
17260,9
17261,3
17261,9
17261,5
17262,3
17263,3
17264,3
17265,4
17265,1
17265,6
17266,4
17266,1
17266,6
17267,29
17267,9
17268,2
17268,1
17269,4
17269,1
17269,6
17270,4
17270,3
17270,1
17270,5
17271,3
17271,1
17271,5
17272,9
17272,1
17273,29
17273,9
17273,1
17274,3
17274,5
17275,3
17275,5
17276,2
17276,1
17277,3
17278,1
17278,5
17279,3
17279,1
17279,5
17280,9
17280,1
17280,5
17281,3
17282,3
17282,1
17282,5
17283,3
17283,5
17284,29
17284,1
17284,5
17285,29
17285,9
17285,1
17286,3
17287,13
17287,19
17288,2
17288,3
17288,9
17289,47
17289,29
17289,4
17289,3
17289,6
17290,29
17290,1
17290,5
17291,3
17292,3
17293,2
17293,3
17294,3
17294,5
17295,3
17295,11
17296,166
17296,19
17297,166
17297,19
17298,9
17298,5
17299,9
17299,5
17300,3
17301,3
17301,11
17302,3
17302,11
17303,166
17303,19
17304,5
17304,1
17304,17
17304,13
17305,13
17305,19
17306,9
17306,1
17306,4
17306,56
17306,6
17307,9
17307,5
17308,3
17308,161
17309,166
17309,19
17310,3
17310,11
17311,3
17311,11
17312,3
17312,11
17313,3
17313,11
17314,3
17314,11
17315,166
17315,19
17316,166
17316,19
17317,3
17317,11
17318,29
17318,9
17318,1
17319,166
17319,19
17320,3
17321,166
17321,19
17322,3
17323,3
17324,166
17324,19
17325,3
17326,166
17326,19
17327,3
17327,11
17328,3
17328,11
17329,166
17329,19
17330,2
17330,1
17331,3
17331,9
17331,1
17332,166
17332,19
17333,3
17333,9
17333,1
17334,4
17334,11
17334,1
17335,3
17335,5
17336,166
17336,19
17337,166
17337,19
17338,166
17338,19
17339,3
17339,11
17340,29
17340,1
17341,29
17341,1
17342,47
17342,1
17342,3
17342,56
17342,5
17343,3
17343,13
17344,9
17344,5
17345,12
17345,3
17345,56
17345,5
17345,74
17345,17
17346,3
17347,9
17347,1
17347,4
17347,56
17347,6
17348,9
17348,5
17349,9
17350,9
17351,9
17352,3
17352,5
17353,1
17353,5
17354,9
17355,4
17355,9
17355,1
17355,5
17356,29
17356,1
17356,5
17357,4
17357,1
17357,6
17358,3
17359,2
17359,1
17360,4
17360,11
17360,1
17361,9
17362,9
17363,9
17364,3
17364,5
17365,1
17365,5
17366,3
17367,2
17367,1
17368,9
17368,1
17369,3
17369,5
17370,3
17370,5
17371,4
17371,9
17371,1
17371,5
17372,3
17372,161
17372,5
17372,83
17373,29
17373,9
17373,1
17374,3
17375,166
17375,19
17376,9
17376,5
17377,9
17377,316
17377,1
17377,4
17377,3
17377,5
17377,17
17377,6
17378,3
17379,3
17379,161
17380,2
17380,3
17380,9
17380,5
17381,2
17381,3
17382,5
17382,17
17382,13
17383,4
17383,11
17383,1
17384,1
17384,5
17385,83
17385,3
17385,5
17385,74
17385,13
17386,9
17386,5
17387,2
17387,3
17387,5
17387,13
17388,166
17388,19
17389,40
17389,9
17389,29
17389,1
17389,17
17389,6
17390,29
17390,6
17390,17
17390,83
17391,56
17391,5
17391,13
17392,3
17392,5
17393,9
17393,1
17394,3
17394,9
17394,1
17395,3
17396,83
17396,3
17396,5
17396,74
17396,13
17397,9
17397,1
17397,5
17397,13
17398,29
17398,1
17399,1
17399,5
17400,9
17400,5
17401,29
17401,1
17402,3
17402,9
17402,5
17402,13
17403,40
17403,9
17403,29
17403,1
17403,17
17403,6
17404,3
17404,5
17405,3
17405,5
17406,40
17406,9
17406,29
17406,1
17406,2
17406,4
17406,56
17406,13
17406,6
17407,317
17407,2
17407,5
17407,4
17408,2
17408,3
17409,166
17409,19
17410,9
17410,5
17411,3
17412,3
17413,9
17413,5
17414,166
17414,19
17415,9
17415,5
17416,40
17416,9
17416,29
17416,1
17416,2
17416,4
17416,56
17416,13
17416,6
17417,9
17417,5
17418,9
17418,1
17418,4
17418,56
17418,6
17419,29
17419,9
17419,1
17419,5
17420,3
17420,9
17420,1
17420,5
17421,3
17421,5
17422,3
17422,5
17423,3
17424,3
17424,161
17425,4
17425,1
17425,6
17426,3
17426,5
17427,3
17427,161
17428,3
17428,9
17428,5
17428,13
17429,9
17429,5
17430,9
17430,5
17431,3
17431,161
17432,9
17432,5
17433,40
17433,9
17433,29
17433,1
17433,17
17433,6
17434,3
17434,9
17434,5
17435,3
17435,5
17436,3
17436,5
17437,9
17438,3
17438,5
17439,4
17439,3
17439,1
17439,5
17440,9
17440,5
17441,3
17442,9
17442,5
17443,3
17444,3
17445,9
17445,5
17446,4
17446,3
17446,1
17446,5
17447,4
17447,9
17447,1
17447,5
17448,3
17448,5
17449,9
17449,5
17450,9
17450,5
17451,9
17451,5
17452,9
17452,5
17453,3
17453,5
17454,9
17454,5
17455,4
17455,9
17455,1
17455,5
17456,9
17456,5
17457,9
17457,5
17458,3
17459,9
17459,5
17459,13
17460,3
17460,5
17461,2
17461,29
17462,9
17462,5
17463,4
17463,9
17463,1
17463,5
17464,9
17464,5
17465,4
17465,9
17465,1
17465,5
17466,3
17466,1
17467,2
17467,1
17468,9
17469,3
17469,1
17470,9
17470,5
17471,9
17471,5
17472,3
17473,3
17474,3
17474,5
17475,9
17475,5
17476,3
17476,5
17477,4
17477,1
17478,4
17478,1
17479,9
17479,5
17480,9
17480,5
17481,9
17481,5
17482,5
17482,9
17482,1
17483,3
17483,5
17484,9
17484,5
17485,3
17485,1
17486,9
17486,5
17487,29
17487,9
17487,1
17488,3
17488,5
17489,9
17489,5
17490,3
17490,9
17490,5
17490,13
17491,3
17491,5
17492,3
17492,13
17492,6
17493,3
17493,5
17494,3
17494,5
17495,3
17495,5
17496,3
17496,5
17497,3
17497,1
17497,5
17498,9
17498,5
17499,40
17499,9
17499,29
17499,1
17499,2
17499,4
17499,56
17499,13
17499,6
17500,29
17500,1
17500,5
17501,3
17501,5
17502,3
17503,4
17503,9
17503,1
17503,5
17504,9
17504,5
17505,9
17505,5
17506,2
17506,9
17506,1
17506,5
17507,9
17507,5
17508,3
17508,1
17508,5
17509,29
17509,5
17510,4
17510,40
17510,1
17510,75
17511,2
17511,1
17512,9
17512,5
17513,3
17513,5
17514,9
17514,5
17515,29
17515,9
17515,1
17516,3
17516,9
17516,5
17517,29
17517,9
17517,1
17518,3
17518,5
17519,9
17519,5
17520,9
17520,5
17521,3
17521,5
17522,9
17522,83
17522,2
17522,3
17522,17
17523,5
17523,13
17524,3
17524,13
17525,2
17525,9
17525,1
17525,5
17526,3
17526,5
17527,9
17527,5
17528,11
17528,5
17529,9
17529,5
17530,3
17530,5
17531,9
17531,5
17532,9
17532,5
17533,3
17533,5
17534,2
17534,9
17534,1
17534,5
17535,9
17535,5
17536,9
17536,1
17536,4
17536,56
17536,6
17537,29
17537,9
17537,1
17538,9
17538,5
17539,29
17539,1
17540,9
17540,5
17541,3
17542,29
17542,5
17543,3
17544,9
17544,29
17544,1
17544,56
17544,111
17544,17
17545,9
17545,5
17546,9
17546,5
17547,3
17547,5
17548,9
17548,5
17549,3
17549,5
17550,3
17550,5
17551,9
17551,5
17552,3
17552,9
17552,1
17552,5
17553,3
17553,5
17554,9
17554,13
17554,83
17555,9
17555,5
17556,9
17556,5
17557,9
17557,5
17558,9
17558,1
17558,5
17559,9
17559,1
17559,83
17559,4
17559,2
17559,5
17559,17
17560,11
17560,5
17561,40
17561,1
17561,5
17562,4
17562,9
17562,1
17562,5
17563,29
17563,1
17564,40
17564,9
17564,316
17564,47
17564,29
17564,1
17564,83
17564,317
17564,56
17564,5
17564,74
17564,13
17564,17
17564,318
17564,6
17565,9
17565,5
17566,4
17566,9
17566,1
17566,5
17567,9
17567,5
17568,9
17568,1
17569,29
17569,9
17570,1
17570,4
17570,74
17570,75
17570,17
17571,1
17571,4
17571,74
17571,75
17571,17
17572,1
17572,4
17572,74
17572,75
17572,17
17573,40
17573,1
17573,5
17574,2
17574,1
17575,9
17575,1
17575,4
17575,56
17575,6
17576,4
17576,11
17576,1
17577,29
17577,9
17577,1
17577,13
17578,3
17579,9
17579,5
17580,4
17580,1
17580,6
17581,2
17581,3
17582,29
17582,9
17582,1
17583,9
17583,1
17583,5
17584,29
17584,9
17585,3
17585,5
17586,40
17586,1
17586,5
17587,3
17588,9
17589,9
17589,1
17589,83
17589,5
17589,13
17589,17
17590,3
17590,13
17590,6
17591,29
17591,9
17592,1
17592,5
17593,4
17593,9
17593,1
17593,5
17594,2
17594,3
17594,5
17595,9
17595,5
17596,3
17597,2
17597,1
17598,3
17598,5
17599,3
17599,161
17600,9
17600,1
17600,5
17601,3
17601,161
17602,1
17602,5
17603,3
17603,9
17603,5
17604,3
17604,161
17605,3
17605,161
17606,11
17606,3
17606,5
17607,11
17607,3
17607,5
17608,11
17608,3
17608,5
17609,9
17610,29
17610,5
17611,3
17612,2
17612,1
17613,1
17613,4
17613,74
17613,75
17613,17
17614,3
17614,9
17614,5
17615,3
17615,9
17615,5
17616,9
17617,3
17617,5
17618,1
17618,5
17619,1
17619,4
17619,74
17619,75
17619,17
17620,29
17620,5
17621,3
17622,2
17622,1
17623,29
17623,9
17624,1
17624,5
17625,29
17625,9
17626,3
17626,1
17626,5
17627,2
17627,3
17627,5
17628,1
17628,5
17629,9
17629,1
17630,4
17630,9
17630,1
17630,5
17631,2
17631,1
17632,3
17633,40
17633,9
17633,29
17633,1
17633,2
17633,4
17633,56
17633,13
17633,6
17634,3
17634,5
17635,9
17635,1
17635,5
17636,3
17636,161
17637,1
17637,5
17638,29
17638,9
17638,1
17639,2
17639,3
17639,9
17639,5
17640,29
17640,5
17641,3
17642,40
17642,9
17642,29
17642,1
17642,2
17642,4
17642,56
17642,13
17642,6
17643,2
17643,1
17644,29
17644,9
17644,1
17645,3
17645,5
17646,2
17646,3
17646,9
17646,5
17647,29
17647,5
17648,3
17649,1
17649,5
17650,9
17650,1
17650,5
17651,3
17651,13
17652,40
17652,9
17652,29
17652,1
17652,2
17652,4
17652,56
17652,13
17652,6
17653,29
17653,9
17653,1
17654,2
17654,1
17655,3
17655,5
17656,2
17656,3
17656,9
17656,5
17657,1
17657,5
17658,3
17659,29
17659,5
17660,9
17660,1
17660,5
17661,2
17661,1
17662,29
17662,9
17662,1
17663,9
17664,40
17664,9
17664,29
17664,1
17664,2
17664,4
17664,56
17664,13
17664,6
17665,9
17666,3
17666,5
17667,2
17667,3
17667,9
17667,5
17668,1
17668,5
17669,29
17669,5
17670,3
17671,40
17671,9
17671,29
17671,1
17671,2
17671,4
17671,56
17671,13
17671,6
17672,2
17672,1
17673,9
17673,13
17674,3
17674,5
17675,9
17675,1
17675,5
17676,1
17676,5
17677,2
17677,3
17677,9
17677,5
17678,29
17678,5
17679,3
17680,2
17680,1
17681,40
17681,9
17681,29
17681,1
17681,2
17681,4
17681,56
17681,13
17681,6
17682,1
17682,4
17682,74
17682,75
17682,17
17683,3
17683,5
17684,1
17684,5
17685,9
17686,3
17687,29
17687,5
17688,1
17688,4
17688,74
17688,75
17688,17
17689,2
17689,1
17690,3
17690,9
17690,5
17691,29
17691,9
17691,1
17692,3
17692,5
17693,9
17693,1
17693,5
17694,2
17694,3
17694,9
17694,5
17695,1
17695,5
17696,40
17696,9
17696,29
17696,1
17696,2
17696,4
17696,56
17696,13
17696,6
17697,3
17698,2
17698,1
17699,29
17699,5
17700,9
17701,3
17701,5
17702,9
17703,1
17703,4
17703,74
17703,75
17703,17
17704,1
17704,5
17705,29
17705,5
17706,3
17707,40
17707,9
17707,29
17707,1
17707,2
17707,4
17707,56
17707,13
17707,6
17708,29
17708,9
17708,1
17709,2
17709,1
17710,9
17710,1
17710,5
17711,3
17711,5
17712,2
17712,3
17712,9
17712,5
17713,1
17713,5
17714,3
17715,29
17715,5
17716,2
17716,1
17717,29
17717,9
17717,1
17718,3
17718,5
17719,9
17719,1
17719,5
17720,2
17720,3
17720,9
17720,5
17721,29
17721,5
17722,40
17722,9
17722,29
17722,1
17722,2
17722,4
17722,56
17722,13
17722,6
17723,3
17724,2
17724,1
17725,3
17726,3
17726,5
17727,9
17727,1
17728,1
17728,5
17729,29
17729,9
17730,40
17730,9
17730,29
17730,1
17730,2
17730,4
17730,56
17730,13
17730,6
17731,1
17731,5
17732,40
17732,9
17732,316
17732,47
17732,29
17732,1
17732,83
17732,317
17732,56
17732,5
17732,74
17732,13
17732,17
17732,318
17732,6
17733,2
17733,1
17734,2
17734,3
17734,9
17734,5
17735,4
17735,9
17735,1
17735,5
17736,3
17736,5
17737,3
17737,5
17738,3
17738,161
17739,1
17739,5
17740,4
17740,9
17740,1
17740,5
17741,3
17741,5
17742,29
17742,5
17743,3
17743,5
17744,3
17745,2
17745,1
17746,9
17747,3
17747,5
17748,9
17749,1
17749,5
17750,1
17750,4
17750,74
17750,75
17750,17
17751,29
17751,5
17752,3
17753,40
17753,9
17753,29
17753,1
17753,2
17753,4
17753,56
17753,13
17753,6
17754,2
17754,1
17755,9
17755,5
17756,3
17756,5
17757,9
17758,1
17758,5
17759,9
17760,1
17760,4
17760,74
17760,75
17760,17
17761,29
17761,5
17762,3
17763,3
17763,5
17764,2
17764,1
17765,9
17766,9
17767,40
17767,9
17767,29
17767,1
17767,2
17767,4
17767,56
17767,13
17767,6
17768,1
17768,5
17769,1
17769,4
17769,74
17769,75
17769,17
17770,29
17770,5
17771,3
17772,2
17772,1
17773,29
17773,9
17773,1
17774,3
17774,5
17775,9
17775,1
17775,5
17776,40
17776,9
17776,29
17776,1
17776,2
17776,4
17776,56
17776,13
17776,6
17777,1
17777,5
17778,2
17778,3
17778,9
17778,5
17779,3
17780,29
17780,5
17781,40
17781,9
17781,29
17781,1
17781,2
17781,4
17781,56
17781,13
17781,6
17782,2
17782,1
17783,1
17783,4
17783,74
17783,75
17783,17
17784,2
17784,3
17784,9
17784,5
17785,1
17785,4
17785,74
17785,75
17785,17
17786,29
17786,5
17787,4
17787,9
17787,1
17787,5
17788,1
17788,5
17789,3
17790,2
17790,1
17791,3
17791,5
17792,1
17792,4
17792,74
17792,75
17792,17
17793,3
17793,5
17794,1
17794,5
17795,9
17796,29
17796,5
17797,3
17798,1
17798,4
17798,74
17798,75
17798,17
17799,2
17799,1
17800,9
17800,1
17801,9
17801,1
17802,9
17802,5
17803,2
17803,3
17803,9
17803,5
17804,9
17804,1
17805,1
17805,5
17806,9
17807,29
17807,5
17808,3
17808,5
17809,3
17810,2
17810,1
17811,3
17811,5
17812,4
17812,9
17812,1
17812,5
17813,2
17813,3
17813,9
17813,5
17814,1
17814,5
17815,29
17815,5
17816,9
17817,3
17818,2
17818,1
17819,40
17819,9
17819,29
17819,1
17819,2
17819,4
17819,56
17819,13
17819,6
17820,3
17820,161
17821,9
17821,1
17821,5
17822,9
17822,1
17822,5
17823,47
17823,1
17823,3
17823,56
17823,5
17824,47
17824,1
17824,3
17824,56
17824,5
17825,47
17825,1
17825,3
17825,56
17825,5
17826,47
17826,1
17826,3
17826,56
17826,5
17827,29
17827,9
17827,1
17828,3
17828,5
17829,9
17830,29
17830,1
17831,29
17831,1
17832,1
17832,5
17833,29
17833,1
17834,3
17834,13
17835,3
17836,2
17836,1
17837,9
17837,1
17838,4
17838,11
17838,1
17839,4
17839,11
17839,1
17840,3
17840,5
17841,3
17841,5
17842,29
17842,9
17842,1
17843,3
17843,5
17844,9
17844,1
17844,4
17844,56
17844,6
17845,9
17845,1
17845,4
17845,56
17845,6
17846,3
17846,5
17847,4
17847,9
17847,1
17847,5
17848,3
17848,9
17848,5
17849,9
17849,5
17850,9
17850,5
17851,9
17852,9
17852,5
17853,9
17853,5
17854,3
17854,1
17855,4
17855,9
17855,1
17855,5
17856,9
17856,1
17856,4
17856,56
17856,6
17857,29
17857,9
17857,1
17858,3
17858,161
17859,3
17859,9
17859,5
17859,13
17860,9
17860,5
17861,29
17861,9
17861,1
17862,29
17862,9
17862,1
17863,9
17863,5
17864,3
17864,161
17865,29
17865,9
17865,1
17865,111
17866,3
17866,5
17867,29
17867,5
17868,3
17869,1
17869,5
17870,3
17871,9
17871,5
17872,29
17872,5
17873,3
17874,29
17874,9
17874,1
17875,3
17875,5
17876,3
17877,3
17877,5
17878,9
17878,316
17878,1
17878,4
17878,3
17878,5
17878,17
17878,6
17879,3
17879,161
17880,9
17880,1
17881,29
17881,1
17882,3
17882,5
17883,3
17883,5
17884,3
17884,5
17885,4
17885,11
17885,1
17886,29
17886,6
17886,17
17886,83
17887,4
17887,11
17887,1
17888,29
17888,1
17889,3
17890,5
17890,9
17890,1
17891,3
17892,3
17892,5
17893,4
17893,11
17893,1
17894,9
17894,1
17895,29
17895,1
17896,4
17896,11
17896,1
17897,9
17897,5
17898,4
17898,11
17898,1
17899,29
17899,1
17900,29
17900,1
17901,3
17901,5
17902,9
17902,1
17903,3
17903,5
17904,2
17904,3
17904,9
17904,5
17905,29
17905,9
17905,1
17905,111
17906,3
17906,161
17907,3
17907,161
17908,3
17908,5
17909,3
17909,161
17910,9
17910,1
17910,4
17910,56
17910,6
17911,166
17911,19
17912,166
17912,19
17913,5
17913,3
17913,9
17913,1
17914,3
17914,9
17914,5
17914,13
17915,9
17915,1
17915,5
17915,13
17916,9
17916,1
17916,5
17916,13
17917,3
17917,161
17918,9
17918,1
17918,5
17918,13
17919,9
17919,1
17919,5
17919,13
17920,3
17920,161
17921,29
17921,1
17922,9
17922,5
17923,29
17923,1
17924,9
17924,5
17925,29
17925,1
17925,5
17926,83
17926,3
17926,5
17926,74
17926,13
17927,4
17927,9
17927,1
17927,5
17928,9
17928,1
17929,9
17929,5
17930,29
17930,1
17931,29
17931,1
17931,5
17932,3
17932,161
17932,5
17932,83
17933,3
17933,5
17934,3
17934,9
17934,5
17934,13
17935,3
17936,3
17937,2
17937,3
17937,9
17937,5
17938,9
17938,316
17938,1
17938,4
17938,3
17938,5
17938,17
17938,6
17939,3
17939,161
17940,3
17940,1
17940,5
17941,9
17941,83
17941,2
17941,3
17941,17
17942,9
17942,5
17943,3
17943,5
17944,9
17944,1
17945,3
17946,9
17946,83
17946,2
17946,3
17946,17
17947,3
17947,161
17948,9
17948,5
17949,9
17949,5
17950,9
17950,5
17951,9
17951,5
17952,9
17952,1
17952,5
17952,13
17953,9
17953,5
17954,9
17954,5
17955,3
17955,9
17955,13
17956,29
17956,1
17957,3
17957,9
17957,1
17958,3
17958,5
17959,9
17959,1
17960,9
17960,1
17960,5
17960,13
17961,9
17961,1
17961,5
17961,13
17962,9
17962,5
17963,3
17964,4
17964,11
17964,1
17965,9
17965,1
17965,5
17965,13
17966,3
17967,3
17968,9
17968,5
17969,9
17969,83
17969,2
17969,3
17969,17
17970,9
17970,5
17971,3
17971,5
17972,9
17972,5
17973,3
17973,9
17973,1
17974,3
17974,5
17975,9
17975,5
17976,9
17976,5
17977,9
17977,5
17978,3
17978,9
17978,1
17979,4
17979,9
17979,1
17979,5
17980,3
17980,9
17980,13
17981,9
17981,1
17982,3
17983,9
17983,1
17983,5
17983,13
17984,9
17984,1
17984,5
17984,13
17985,29
17985,1
17986,9
17986,1
17986,5
17986,13
17987,9
17987,1
17987,5
17987,13
17988,9
17988,1
17988,5
17988,13
17989,29
17989,1
17990,9
17990,5
17991,9
17991,5
17992,2
17992,3
17993,3
17993,161
17994,9
17994,5
17995,3
17996,9
17996,5
17997,166
17997,19
17998,29
17998,1
17999,29
17999,17
18000,2
18000,3
18001,3
18001,161
18002,9
18002,5
18003,4
18003,11
18003,1
18004,40
18004,9
18004,29
18004,1
18004,17
18004,6
18005,9
18005,5
18006,3
18007,3
18008,3
18008,9
18008,13
18009,9
18009,5
18010,9
18011,4
18011,40
18011,1
18011,75
18012,3
18013,9
18013,5
18014,9
18014,5
18015,4
18015,11
18015,1
18016,9
18016,5
18017,9
18017,5
18018,9
18018,1
18018,4
18018,56
18018,6
18019,9
18019,5
18020,3
18021,9
18021,5
18022,9
18022,83
18022,2
18022,3
18022,17
18023,9
18023,1
18024,9
18024,5
18025,29
18025,1
18026,9
18026,1
18026,5
18026,13
18027,9
18027,1
18028,9
18028,5
18029,9
18029,5
18030,3
18030,9
18030,1
18031,3
18031,5
18032,3
18032,9
18032,1
18033,3
18033,9
18033,13
18034,9
18034,1
18034,5
18034,13
18035,9
18035,1
18035,5
18035,13
18036,9
18036,5
18037,9
18037,5
18038,3
18038,5
18039,4
18039,11
18039,1
18040,9
18040,5
18041,9
18041,5
18042,9
18042,5
18043,3
18043,9
18043,1
18044,40
18044,9
18044,29
18044,1
18044,2
18044,4
18044,56
18044,13
18044,6
18045,1
18045,4
18045,74
18045,75
18045,17
18046,9
18046,29
18046,1
18046,317
18046,5
18047,3
18047,13
18047,6
18048,29
18048,1
18049,9
18049,1
18049,5
18049,13
18050,9
18050,5
18051,9
18051,5
18052,3
18052,1
18052,5
18053,3
18053,5
18054,9
18054,5
18055,9
18055,5
18056,3
18056,5
18057,3
18057,9
18057,5
18057,13
18058,29
18058,1
18059,3
18059,1
18059,5
18060,29
18060,9
18060,1
18061,3
18061,5
18061,6
18062,3
18062,1
18063,9
18063,1
18064,3
18064,5
18065,9
18065,5
18066,3
18066,5
18067,3
18067,9
18067,5
18067,13
18068,29
18068,9
18068,1
18069,4
18069,11
18069,1
18070,4
18070,9
18070,1
18070,5
18071,29
18071,9
18072,40
18072,9
18072,29
18072,1
18072,2
18072,4
18072,56
18072,13
18072,6
18073,3
18074,4
18074,11
18074,1
18075,9
18075,5
18076,9
18076,1
18076,4
18076,56
18076,6
18077,3
18077,5
18078,9
18078,5
18079,3
18079,5
18080,9
18080,5
18081,9
18081,1
18082,9
18082,1
18083,9
18083,5
18084,9
18084,5
18085,9
18085,5
18086,9
18086,5
18087,3
18087,5
18088,9
18088,5
18089,9
18089,5
18090,9
18090,1
18090,4
18090,56
18090,6
18091,9
18091,5
18092,9
18092,5
18093,9
18093,5
18094,40
18094,9
18094,29
18094,1
18094,17
18094,6
18095,3
18095,9
18095,5
18095,13
18096,3
18096,9
18096,5
18097,3
18098,3
18098,1
18098,5
18099,3
18099,1
18099,5
18100,3
18100,1
18100,5
18101,9
18101,5
18102,3
18102,5
18103,3
18103,1
18103,5
18104,3
18104,1
18104,5
18105,3
18106,9
18106,1
18106,5
18107,9
18108,9
18108,1
18108,5
18109,9
18110,29
18110,9
18110,1
18111,3
18111,9
18111,1
18111,5
18112,29
18112,9
18112,1
18112,111
18113,3
18113,13
18114,4
18114,11
18114,1
18115,40
18115,9
18115,316
18115,47
18115,29
18115,1
18115,83
18115,317
18115,56
18115,5
18115,74
18115,13
18115,17
18115,318
18115,6
18116,40
18116,9
18116,316
18116,47
18116,29
18116,1
18116,83
18116,317
18116,56
18116,5
18116,74
18116,13
18116,17
18116,318
18116,6
18117,3
18118,40
18118,9
18118,316
18118,47
18118,29
18118,1
18118,83
18118,317
18118,56
18118,5
18118,74
18118,13
18118,17
18118,318
18118,6
18119,3
18120,3
18121,3
18122,9
18122,5
18123,9
18123,1
18123,5
18124,3
18124,1
18124,5
18125,9
18125,5
18126,9
18127,9
18128,9
18129,3
18129,5
18130,1
18130,5
18131,1
18131,4
18131,74
18131,75
18131,17
18132,29
18132,5
18133,3
18134,2
18134,1
18135,9
18135,5
18135,13
18136,3
18136,9
18136,5
18137,29
18137,1
18138,3
18139,9
18139,1
18139,4
18139,56
18139,6
18140,3
18141,3
18142,3
18143,3
18144,3
18145,3
18146,3
18147,3
18147,5
18148,3
18148,5
18149,4
18149,11
18149,1
18150,3
18150,5
18151,11
18151,3
18152,40
18152,9
18152,29
18152,1
18152,17
18152,6
18153,9
18153,316
18153,1
18153,4
18153,3
18153,5
18153,17
18153,6
18154,11
18154,3
18155,29
18155,1
18156,9
18156,1
18156,4
18156,56
18156,6
18157,4
18157,11
18157,1
18158,4
18158,11
18158,1
18159,29
18159,1
18160,9
18160,5
18161,40
18161,9
18161,29
18161,1
18161,17
18161,6
18162,9
18162,5
18163,3
18164,29
18164,9
18164,1
18165,9
18165,5
18166,29
18166,1
18167,9
18167,5
18168,9
18168,1
18168,4
18168,56
18168,6
18169,9
18169,1
18169,4
18169,56
18169,6
18170,3
18171,3
18171,5
18172,9
18172,5
18173,9
18173,5
18174,4
18174,1
18174,6
18175,3
18175,161
18176,5
18176,17
18176,13
18177,4
18177,1
18177,6
18178,4
18178,1
18178,6
18179,4
18179,1
18179,6
18180,3
18180,9
18180,5
18180,13
18181,47
18181,29
18181,4
18181,3
18181,6
18182,9
18182,5
18183,9
18183,5
18184,3
18184,5
18185,40
18185,9
18185,29
18185,1
18185,2
18185,4
18185,56
18185,13
18185,6
18186,9
18186,5
18187,3
18187,5
18188,3
18189,3
18190,3
18191,3
18192,9
18192,1
18192,4
18192,56
18192,6
18193,3
18194,29
18194,13
18194,6
18195,29
18195,13
18195,6
18196,9
18196,5
18197,3
18197,9
18197,5
18198,3
18199,3
18200,3
18200,161
18201,3
18202,3
18203,2
18203,3
18204,166
18204,19
18205,3
18206,3
18207,3
18208,9
18208,5
18209,9
18209,5
18210,9
18210,5
18211,29
18211,5
18212,11
18212,5
18213,4
18213,11
18213,1
18214,3
18214,5
18215,3
18216,9
18216,5
18217,9
18217,5
18218,3
18218,5
18219,3
18219,5
18220,3
18220,5
18221,3
18221,5
18222,3
18222,5
18223,29
18223,13
18223,6
18224,9
18224,1
18224,5
18225,3
18225,5
18226,29
18226,1
18227,29
18227,1
18228,9
18228,5
18229,9
18229,5
18230,9
18230,5
18231,9
18231,1
18231,4
18231,56
18231,6
18232,9
18232,5
18233,9
18233,1
18233,4
18233,56
18233,6
18234,9
18234,5
18235,1
18235,5
18236,9
18236,5
18237,9
18237,5
18238,9
18238,5
18239,9
18239,5
18240,9
18240,5
18241,3
18241,5
18242,9
18242,5
18243,9
18243,5
18244,3
18244,161
18245,9
18245,5
18246,47
18246,29
18246,4
18246,3
18246,6
18247,9
18247,5
18248,3
18248,161
18249,9
18249,5
18250,9
18250,5
18251,3
18252,3
18253,3
18253,11
18254,3
18254,5
18255,9
18255,5
18256,3
18256,161
18256,17
18257,9
18257,5
18258,9
18259,9
18259,5
18260,9
18260,5
18261,2
18261,9
18261,5
18262,11
18262,5
18263,2
18263,3
18263,1
18263,5
18264,9
18264,5
18265,9
18265,5
18266,9
18266,5
18267,9
18267,5
18268,3
18268,9
18268,5
18269,2
18269,9
18269,5
18270,2
18270,9
18270,5
18271,9
18271,5
18272,40
18272,5
18273,3
18274,3
18275,3
18276,9
18277,2
18277,3
18277,5
18278,9
18278,5
18279,9
18280,1
18280,2
18280,3
18280,4
18280,5
18280,6
18281,3
18281,5
18282,3
18283,3
18284,3
18285,3
18286,1
18286,5
18287,3
18288,1
18288,5
18289,3
18290,9
18290,316
18290,1
18290,4
18290,3
18290,5
18290,17
18290,6
18291,1
18291,5
18292,9
18292,5
18293,2
18293,29
18294,3
18295,5
18295,9
18295,1
18296,4
18296,1
18296,6
18297,317
18297,2
18297,5
18297,4
18298,9
18298,5
18299,3
18300,4
18300,1
18300,6
18301,3
18301,5
18302,40
18302,9
18302,29
18302,1
18302,2
18302,4
18302,56
18302,13
18302,6
18303,4
18303,40
18303,1
18303,75
18304,9
18304,5
18305,11
18305,5
18306,40
18306,9
18306,29
18306,1
18306,2
18306,4
18306,56
18306,13
18306,6
18307,4
18307,11
18307,1
18308,3
18308,5
18309,3
18309,5
18310,2
18310,1
18311,9
18311,1
18311,5
18312,3
18312,1
18312,5
18313,29
18313,1
18314,9
18314,1
18314,83
18314,5
18314,13
18314,17
18315,13
18316,9
18317,3
18317,5
18318,9
18318,1
18318,83
18318,5
18318,13
18318,17
18319,29
18319,9
18319,1
18320,40
18320,1
18320,5
18321,3
18322,3
18322,161
18322,5
18322,83
18323,3
18324,3
18325,3
18326,9
18326,1
18326,5
18327,9
18327,1
18327,5
18328,9
18328,1
18328,5
18329,3
18329,161
18330,9
18330,1
18330,5
18331,1
18331,17
18332,3
18332,161
18333,1
18333,17
18334,1
18334,5
18335,1
18335,5
18336,3
18336,5
18337,2
18337,1
18338,1
18338,5
18339,29
18339,1
18340,3
18340,5
18341,3
18342,40
18342,9
18342,29
18342,1
18342,17
18342,6
18343,1
18343,5
18344,3
18344,1
18344,5
18345,9
18345,1
18346,3
18347,9
18347,1
18348,3
18348,1
18348,5
18349,3
18349,9
18349,5
18350,3
18351,2
18351,3
18352,2
18352,3
18353,2
18353,3
18353,1
18353,5
18354,3
18355,2
18355,3
18355,1
18355,5
18356,40
18356,9
18356,29
18356,1
18356,2
18356,4
18356,56
18356,13
18356,6
18357,3
18357,1
18357,5
18358,40
18358,9
18358,29
18358,1
18358,17
18358,6
18359,3
18360,3
18361,3
18362,3
18362,5
18363,2
18363,1
18364,3
18365,3
18366,3
18367,166
18367,19
18368,166
18368,19
18369,3
18370,3
18371,3
18372,3
18373,3
18374,166
18374,19
18375,166
18375,19
18376,166
18376,19
18377,166
18377,19
18378,166
18378,19
18379,166
18379,19
18380,166
18380,19
18381,166
18381,19
18382,166
18382,19
18383,166
18383,19
18384,3
18385,3
18386,3
18387,3
18388,3
18389,166
18389,19
18390,3
18391,166
18391,19
18392,3
18393,3
18394,3
18395,3
18396,29
18396,5
18397,3
18397,5
18398,3
18399,3
18399,5
18400,3
18400,5
18401,3
18401,5
18402,3
18403,29
18403,5
18404,3
18405,3
18406,3
18406,5
18407,3
18408,3
18409,29
18409,5
18410,3
18411,29
18411,5
18412,3
18413,3
18414,29
18414,5
18415,40
18415,9
18415,29
18415,1
18415,17
18415,6
18416,3
18417,3
18418,29
18418,5
18419,3
18419,5
18420,3
18421,40
18421,9
18421,29
18421,1
18421,17
18421,6
18422,3
18423,29
18423,5
18424,3
18425,29
18425,5
18426,3
18427,3
18428,3
18429,29
18429,5
18430,3
18431,3
18432,29
18432,5
18433,3
18434,9
18434,5
18435,29
18435,1
18436,3
18436,1
18436,5
18437,9
18437,1
18437,4
18437,56
18437,6
18438,29
18438,9
18438,1
18439,83
18439,3
18439,5
18439,74
18439,13
18440,4
18440,11
18440,1
18441,3
18442,3
18442,9
18442,1
18443,83
18443,3
18443,5
18443,74
18443,13
18444,9
18444,1
18444,5
18444,13
18445,9
18445,1
18445,5
18445,13
18446,3
18447,3
18447,9
18447,1
18448,29
18448,9
18448,1
18449,3
18450,3
18450,9
18450,1
18451,3
18451,9
18451,1
18452,83
18452,3
18452,5
18452,74
18452,13
18453,3
18454,3
18455,9
18455,1
18455,5
18455,13
18456,3
18456,11
18456,1
18456,5
18457,29
18457,1
18458,3
18458,5
18459,4
18459,11
18459,1
18460,3
18460,5
18461,3
18461,5
18462,4
18462,40
18462,1
18462,75
18463,4
18463,40
18463,1
18463,75
18464,4
18464,40
18464,1
18464,75
18465,3
18465,5
18466,3
18466,11
18466,1
18466,5
18467,3
18467,11
18467,1
18467,5
18468,4
18468,40
18468,1
18468,75
18469,4
18469,1
18469,6
18470,4
18470,40
18470,1
18470,75
18471,3
18471,13
18472,3
18472,5
18473,4
18473,40
18473,1
18473,75
18474,4
18474,40
18474,1
18474,75
18475,11
18475,3
18476,3
18476,5
18477,3
18477,1
18477,5
18478,9
18478,1
18478,4
18478,56
18478,6
18479,1
18479,17
18480,3
18481,3
18482,29
18482,5
18483,3
18483,5
18484,3
18484,5
18485,3
18486,3
18487,3
18488,3
18489,3
18489,5
18490,3
18490,5
18491,29
18491,1
18491,5
18492,29
18492,1
18492,5
18493,29
18493,9
18493,1
18494,4
18494,11
18494,1
18495,3
18495,5
18496,29
18496,9
18496,1
18496,5
18497,4
18497,11
18497,1
18498,29
18498,9
18498,1
18498,5
18499,3
18500,3
18500,5
18501,9
18501,5
18502,9
18502,5
18503,3
18503,5
18503,6
18504,3
18504,5
18505,9
18505,5
18506,9
18506,5
18507,4
18507,11
18507,1
18508,9
18508,5
18509,3
18510,3
18511,3
18512,9
18512,5
18513,9
18513,5
18514,9
18514,5
18515,3
18516,3
18517,9
18517,5
18518,3
18519,3
18519,5
18520,9
18520,5
18521,3
18521,9
18521,5
18521,13
18522,3
18522,5
18523,3
18523,9
18523,1
18523,5
18524,4
18524,11
18524,1
18525,3
18525,9
18525,13
18526,9
18526,5
18527,9
18527,1
18527,4
18527,56
18527,6
18528,9
18528,5
18529,9
18529,5
18530,29
18530,9
18530,1
18531,3
18531,5
18532,29
18532,9
18532,1
18533,9
18533,1
18533,4
18533,56
18533,6
18534,9
18534,1
18534,4
18534,56
18534,6
18535,9
18535,5
18536,9
18536,1
18536,4
18536,56
18536,6
18537,29
18537,9
18537,1
18538,9
18538,5
18539,3
18540,1
18540,4
18540,74
18540,75
18540,17
18541,3
18541,1
18541,5
18542,29
18542,9
18542,1
18543,3
18543,1
18543,5
18544,3
18544,13
18544,6
18545,2
18545,1
18546,1
18546,5
18547,1
18547,5
18548,9
18548,5
18549,1
18549,5
18550,3
18550,9
18550,5
18551,3
18551,1
18551,5
18552,1
18552,5
18553,2
18553,3
18553,1
18553,5
18554,4
18554,9
18554,1
18554,5
18555,9
18555,1
18555,5
18556,1
18556,5
18557,4
18557,9
18557,1
18557,5
18558,9
18558,5
18559,2
18559,3
18559,1
18559,5
18560,1
18560,5
18561,47
18561,29
18561,4
18561,3
18561,6
18562,4
18562,9
18562,1
18562,5
18563,1
18563,4
18563,74
18563,75
18563,17
18564,3
18564,1
18564,5
18565,9
18566,1
18566,5
18567,1
18567,5
18568,9
18568,5
18569,1
18569,4
18569,74
18569,75
18569,17
18570,9
18570,5
18571,3
18571,5
18572,3
18572,1
18573,29
18573,13
18573,6
18574,9
18574,83
18574,2
18574,3
18574,17
18575,3
18575,11
18576,3
18576,11
18577,9
18577,1
18577,5
18578,3
18579,4
18579,11
18579,1
18580,2
18580,3
18580,5
18581,3
18581,5
18582,29
18582,1
18582,5
18583,4
18583,9
18583,1
18583,5
18584,12
18584,3
18584,56
18584,5
18584,74
18584,17
18585,3
18585,19
18586,4
18586,11
18586,1
18587,4
18587,11
18587,1
18588,13
18588,19
18589,3
18589,1
18589,5
18590,3
18590,161
18591,3
18591,161
18592,40
18592,9
18592,29
18592,1
18592,17
18592,6
18593,40
18593,1
18593,5
18594,3
18595,3
18595,1
18595,5
18596,9
18596,5
18597,29
18597,9
18597,1
18597,111
18598,3
18598,161
18599,29
18599,5
18600,3
18600,19
18601,29
18601,5
18602,3
18602,1
18602,5
18603,3
18603,19
18604,2
18604,11
18604,5
18605,3
18605,19
18606,29
18606,5
18607,3
18607,19
18608,3
18608,5
18609,9
18609,5
18610,3
18610,19
18611,3
18611,1
18611,5
18612,40
18612,5
18613,9
18613,1
18613,5
18614,3
18614,19
18615,3
18615,1
18615,5
18616,3
18616,19
18617,29
18617,9
18617,1
18618,29
18618,5
18619,29
18619,5
18620,3
18620,19
18621,3
18621,19
18622,3
18622,5
18623,9
18623,5
18624,3
18625,4
18625,11
18625,1
18626,1
18626,4
18626,74
18626,75
18626,17
18627,29
18627,1
18628,9
18628,5
18629,47
18629,29
18629,4
18629,3
18629,6
18630,3
18630,13
18631,29
18631,1
18632,3
18632,11
18633,3
18634,17
18634,12
18634,9
18634,5
18635,3
18635,1
18635,5
18636,29
18636,1
18636,5
18637,9
18637,5
18638,9
18638,5
18639,47
18639,1
18639,3
18639,56
18639,5
18640,3
18641,2
18641,3
18641,9
18641,5
18642,3
18643,1
18643,4
18643,74
18643,75
18643,17
18644,12
18644,3
18644,56
18644,5
18644,74
18644,17
18645,1
18645,5
18646,9
18646,1
18646,5
18647,40
18647,9
18647,29
18647,1
18647,17
18647,6
18648,3
18648,1
18648,5
18649,1
18649,5
18649,13
18650,4
18650,1
18651,29
18651,1
18651,5
18652,2
18652,1
18653,3
18654,29
18654,5
18655,3
18656,3
18656,5
18657,40
18657,9
18657,29
18657,1
18657,17
18657,6
18658,9
18658,1
18658,4
18658,56
18658,6
18659,3
18660,4
18660,11
18660,1
18661,9
18661,5
18662,9
18662,5
18663,3
18663,9
18663,5
18663,13
18664,9
18664,1
18664,4
18664,56
18664,6
18665,4
18665,11
18665,1
18666,9
18666,1
18666,4
18666,56
18666,6
18667,3
18667,5
18668,3
18668,9
18668,5
18669,3
18669,9
18669,5
18670,3
18670,5
18671,9
18671,5
18672,9
18672,5
18673,9
18673,1
18673,4
18673,56
18673,6
18674,3
18675,3
18675,9
18675,5
18676,29
18676,6
18676,17
18676,83
18677,5
18677,1
18677,17
18677,13
18678,2
18678,3
18679,9
18679,1
18679,4
18679,56
18679,6
18680,40
18680,9
18680,29
18680,1
18680,17
18680,6
18681,3
18681,161
18682,29
18682,6
18682,17
18682,83
18683,9
18683,5
18684,9
18684,29
18684,1
18684,56
18684,111
18684,17
18685,29
18685,9
18685,1
18686,4
18686,11
18686,1
18687,3
18687,5
18687,13
18687,6
18688,2
18688,3
18688,5
18689,4
18689,11
18689,1
18690,3
18690,9
18690,5
18691,29
18691,9
18691,1
18692,3
18693,29
18693,9
18693,1
18694,40
18694,9
18694,29
18694,1
18694,17
18694,6
18695,40
18695,9
18695,29
18695,1
18695,17
18695,6
18696,1
18696,5
18697,3
18697,9
18697,5
18697,13
18698,29
18698,9
18698,1
18699,29
18699,9
18699,1
18700,3
18701,29
18701,9
18701,1
18702,3
18702,13
18703,3
18703,161
18703,5
18703,83
18704,3
18704,9
18704,5
18705,3
18705,5
18706,166
18706,19
18707,9
18707,5
18708,2
18708,3
18708,9
18708,5
18709,3
18710,1
18710,4
18710,74
18710,75
18710,17
18711,3
18712,9
18712,316
18712,1
18712,4
18712,3
18712,5
18712,17
18712,6
18713,3
18713,161
18714,3
18714,5
18715,3
18715,5
18716,29
18716,1
18716,5
18716,13
18716,17
18717,9
18717,1
18717,4
18717,56
18717,6
18718,40
18718,9
18718,29
18718,1
18718,17
18718,6
18719,4
18719,1
18719,6
18720,4
18720,1
18720,6
18721,9
18721,5
18722,1
18722,5
18723,4
18723,1
18723,6
18724,3
18724,11
18724,1
18724,5
18725,3
18726,9
18726,1
18727,3
18728,3
18728,11
18728,1
18728,5
18729,3
18729,1
18730,3
18730,11
18730,1
18730,5
18731,3
18732,3
18733,29
18733,1
18734,2
18734,9
18734,1
18734,5
18735,2
18735,9
18735,1
18735,5
18736,3
18736,1
18736,5
18737,3
18737,5
18738,9
18738,5
18739,3
18739,5
18740,3
18741,29
18741,1
18741,5
18742,9
18742,1
18742,4
18742,56
18742,6
18743,9
18743,5
18744,9
18744,5
18745,3
18745,5
18746,3
18746,5
18747,9
18747,5
18748,2
18748,3
18748,9
18748,5
18749,3
18749,5
18750,3
18750,5
18751,9
18751,5
18752,9
18752,5
18753,29
18753,9
18753,1
18754,9
18754,1
18755,4
18755,1
18755,6
18756,29
18756,9
18756,1
18757,4
18757,11
18757,1
18758,29
18758,9
18758,1
18759,2
18759,3
18760,4
18760,11
18760,1
18761,40
18761,9
18761,29
18761,1
18761,17
18761,6
18762,9
18762,5
18763,29
18763,6
18763,17
18763,83
18764,2
18764,9
18765,29
18765,1
18766,9
18766,5
18767,166
18767,19
18768,166
18768,19
18769,9
18769,83
18769,2
18769,3
18769,17
18770,9
18770,5
18771,3
18772,3
18773,3
18774,3
18775,9
18775,5
18776,9
18776,83
18776,2
18776,3
18776,17
18777,1
18777,5
18778,9
18778,5
18779,9
18779,5
18780,3
18780,5
18781,9
18781,5
18782,3
18782,5
18782,13
18783,29
18783,1
18784,5
18784,3
18784,9
18784,1
18785,3
18785,5
18786,5
18786,13
18787,29
18787,1
18788,40
18788,9
18788,29
18788,1
18788,17
18788,6
18789,29
18789,9
18789,1
18790,40
18790,9
18790,29
18790,1
18790,17
18790,6
18791,4
18791,11
18791,1
18792,9
18792,5
18793,9
18794,3
18794,5
18795,3
18795,5
18796,4
18796,11
18796,1
18797,29
18797,1
18798,29
18798,1
18799,29
18799,1
18800,9
18800,5
18801,29
18801,1
18802,29
18802,1
18803,9
18803,5
18804,29
18804,1
18805,29
18805,1
18806,4
18806,11
18806,1
18807,9
18807,5
18808,9
18808,1
18808,4
18808,56
18808,6
18809,4
18809,11
18809,1
18810,29
18810,9
18811,9
18811,5
18812,11
18812,3
18812,5
18813,3
18814,11
18814,3
18814,5
18815,9
18815,1
18815,5
18815,13
18816,9
18816,1
18816,83
18816,4
18816,2
18816,5
18816,17
18817,9
18817,5
18818,9
18818,5
18819,2
18819,1
18820,9
18821,2
18821,1
18822,1
18822,5
18823,29
18823,9
18823,1
18824,9
18825,2
18825,1
18826,9
18827,5
18827,9
18827,1
18828,2
18828,1
18829,5
18829,9
18829,1
18830,3
18830,5
18831,13
18832,1
18832,5
18833,2
18833,1
18834,2
18834,1
18835,29
18835,9
18835,1
18835,111
18836,3
18837,3
18838,3
18839,3
18840,166
18840,19
18841,3
18841,5
18842,9
18842,5
18843,9
18843,1
18844,47
18844,1
18844,3
18844,56
18844,5
18845,9
18845,5
18845,13
18846,9
18847,3
18847,161
18847,5
18847,83
18848,3
18848,5
18849,4
18849,11
18849,1
18850,3
18850,161
18851,29
18851,9
18852,9
18852,5
18853,29
18853,1
18854,3
18854,9
18854,5
18854,13
18855,9
18855,5
18856,1
18856,13
18857,9
18857,1
18857,13
18857,83
18858,3
18859,29
18859,1
18860,4
18860,40
18860,1
18860,75
18861,1
18861,5
18862,3
18862,9
18862,5
18863,11
18863,3
18863,5
18864,3
18864,5
18865,3
18865,11
18866,9
18866,5
18866,13
18867,3
18867,9
18867,5
18867,13
18868,3
18869,3
18870,40
18870,9
18870,29
18870,1
18870,17
18870,6
18871,3
18871,5
18872,4
18872,11
18872,1
18873,3
18873,5
18874,3
18874,5
18875,3
18875,5
18876,3
18876,5
18877,9
18877,83
18877,2
18877,3
18877,17
18878,3
18878,161
18879,40
18879,9
18879,29
18879,1
18879,17
18879,6
18880,29
18880,6
18880,17
18880,83
18881,29
18881,1
18882,29
18882,9
18882,1
18883,3
18884,4
18884,11
18884,1
18885,3
18886,9
18886,5
18887,3
18887,9
18887,5
18888,3
18888,9
18888,5
18889,9
18889,5
18890,9
18890,5
18891,3
18891,5
18892,9
18892,1
18892,5
18892,13
18893,4
18893,9
18893,1
18893,5
18894,9
18894,1
18894,5
18894,13
18895,9
18895,1
18895,5
18895,13
18896,9
18896,1
18896,5
18896,13
18897,4
18897,1
18897,6
18898,9
18898,5
18899,4
18899,1
18899,6
18900,4
18900,1
18900,6
18901,4
18901,1
18901,6
18902,4
18902,1
18902,6
18903,4
18903,1
18903,6
18904,4
18904,1
18904,6
18905,4
18905,1
18905,6
18906,3
18907,4
18907,1
18907,6
18908,4
18908,1
18908,6
18909,3
18910,3
18911,3
18912,3
18913,3
18914,3
18915,3
18916,3
18917,3
18918,3
18919,3
18920,3
18921,3
18922,3
18923,3
18924,3
18925,3
18926,3
18927,9
18927,83
18927,3
18927,111
18927,13
18927,6
18928,3
18929,3
18930,3
18931,3
18932,3
18933,9
18933,83
18933,3
18933,111
18933,13
18933,6
18934,3
18935,3
18936,9
18936,83
18936,3
18936,111
18936,13
18936,6
18937,9
18937,83
18937,3
18937,111
18937,13
18937,6
18938,3
18939,3
18940,9
18940,83
18940,3
18940,111
18940,13
18940,6
18941,3
18942,3
18943,3
18944,3
18945,3
18946,3
18947,3
18948,3
18948,5
18949,9
18949,83
18949,3
18949,111
18949,13
18949,6
18950,9
18950,83
18950,3
18950,111
18950,13
18950,6
18951,3
18952,3
18953,3
18954,9
18954,83
18954,3
18954,111
18954,13
18954,6
18955,9
18955,83
18955,3
18955,111
18955,13
18955,6
18956,3
18957,3
18957,13
18957,6
18958,9
18958,83
18958,3
18958,111
18958,13
18958,6
18959,3
18960,9
18960,83
18960,3
18960,111
18960,13
18960,6
18961,9
18961,83
18961,3
18961,111
18961,13
18961,6
18962,3
18963,3
18964,9
18964,83
18964,3
18964,111
18964,13
18964,6
18965,3
18966,9
18966,83
18966,3
18966,111
18966,13
18966,6
18967,3
18967,13
18967,6
18968,3
18969,3
18970,29
18970,5
18971,3
18971,5
18972,3
18972,5
18973,2
18973,3
18974,317
18974,2
18974,5
18974,4
18975,4
18975,11
18975,1
18976,29
18976,9
18976,1
18976,111
18977,9
18977,5
18978,166
18978,19
18979,29
18979,1
18980,3
18980,161
18981,9
18981,5
18982,2
18982,3
18982,9
18982,5
18983,29
18983,1
18984,29
18984,9
18984,1
18985,9
18985,5
18986,4
18986,11
18986,1
18987,9
18987,5
18988,9
18988,5
18989,3
18989,13
18990,9
18990,5
18991,3
18991,1
18991,5
18992,3
18992,1
18992,5
18993,3
18993,161
18994,9
18994,5
18995,3
18995,1
18995,5
18996,3
18996,1
18996,5
18997,3
18997,1
18997,5
18998,9
18998,5
18999,9
18999,5
19000,3
19001,29
19001,1
19001,5
19002,29
19002,1
19002,5
19003,3
19003,13
19004,9
19004,5
19005,9
19005,5
19006,9
19006,5
19007,9
19007,5
19008,9
19008,5
19009,1
19009,5
19010,9
19010,29
19010,1
19010,56
19010,111
19010,17
19011,40
19011,9
19011,29
19011,1
19011,2
19011,4
19011,56
19011,13
19011,6
19012,3
19012,9
19012,5
19012,13
19013,9
19013,5
19014,29
19014,1
19014,5
19015,9
19015,5
19016,3
19016,5
19017,29
19017,9
19017,1
19018,9
19018,5
19019,3
19019,9
19019,5
19020,3
19020,9
19020,5
19021,3
19021,9
19021,5
19022,3
19022,1
19022,5
19023,3
19023,5
19024,3
19025,3
19025,9
19025,5
19026,3
19026,5
19027,29
19027,1
19028,40
19028,9
19028,29
19028,1
19028,17
19028,6
19029,9
19029,5
19030,3
19031,9
19031,5
19032,4
19032,11
19032,1
19033,9
19033,5
19034,29
19034,9
19034,1
19035,3
19035,5
19036,3
19036,9
19036,5
19037,40
19037,1
19037,5
19038,3
19038,5
19039,29
19039,9
19039,1
19040,2
19040,9
19040,1
19040,5
19041,3
19041,9
19041,5
19042,29
19042,9
19042,1
19043,9
19043,5
19044,4
19044,11
19044,1
19045,9
19045,5
19046,9
19046,5
19047,9
19047,5
19048,29
19048,9
19048,1
19049,3
19049,5
19050,3
19050,5
19051,3
19051,5
19052,9
19052,5
19053,3
19053,5
19054,9
19054,5
19055,9
19055,5
19056,3
19056,5
19057,9
19058,9
19058,5
19059,9
19059,83
19059,2
19059,3
19059,17
19060,9
19060,83
19060,2
19060,3
19060,17
19061,3
19061,5
19062,9
19062,5
19063,29
19063,9
19063,1
19064,3
19065,2
19065,3
19066,3
19067,9
19067,316
19067,1
19067,4
19067,3
19067,5
19067,17
19067,6
19068,3
19068,161
19069,3
19069,5
19070,3
19070,5
19071,3
19072,3
19073,29
19073,1
19074,9
19074,1
19074,4
19074,56
19074,6
19075,3
19075,9
19075,5
19076,29
19076,5
19077,9
19077,1
19077,5
19077,13
19078,4
19078,40
19078,1
19078,75
19079,11
19079,3
19080,3
19080,5
19080,13
19081,9
19081,1
19081,5
19081,13
19082,9
19082,5
19083,9
19083,1
19084,29
19084,9
19084,1
19085,9
19085,5
19086,29
19086,9
19086,1
19087,3
19087,13
19088,9
19088,1
19088,4
19088,56
19088,6
19089,9
19089,5
19090,3
19090,9
19090,5
19091,29
19091,9
19091,1
19092,3
19092,161
19093,3
19093,5
19094,9
19094,5
19095,9
19095,5
19096,9
19096,5
19097,9
19097,5
19098,9
19098,5
19099,9
19099,5
19100,12
19100,3
19100,56
19100,5
19100,74
19100,17
19101,4
19101,11
19101,1
19102,3
19102,9
19102,13
19103,9
19103,1
19104,9
19104,5
19105,29
19105,1
19106,9
19107,9
19107,5
19108,9
19108,5
19109,9
19109,5
19110,3
19110,1
19110,5
19111,5
19111,9
19111,1
19112,2
19112,29
19113,3
19113,5
19114,2
19114,1
19114,75
19114,6
19115,4
19115,9
19115,1
19115,5
19116,9
19116,5
19117,5
19117,9
19117,1
19118,3
19118,161
19119,3
19119,161
19120,3
19120,161
19121,4
19121,9
19121,1
19121,5
19122,29
19122,9
19122,1
19123,2
19123,1
19124,29
19124,5
19125,29
19125,5
19126,9
19126,1
19126,5
19127,3
19127,5
19128,3
19128,1
19128,5
19129,2
19129,1
19130,17
19130,12
19130,9
19130,5
19131,4
19131,9
19131,1
19131,5
19132,1
19132,5
19133,2
19133,1
19134,3
19134,1
19134,5
19135,3
19136,1
19136,4
19136,74
19136,75
19136,17
19137,1
19137,5
19138,2
19138,1
19139,3
19139,1
19139,5
19140,4
19140,9
19140,1
19140,5
19141,1
19141,5
19142,5
19142,17
19142,13
19143,4
19143,9
19143,1
19143,5
19144,3
19144,1
19144,5
19145,4
19145,9
19145,1
19145,5
19146,3
19146,1
19147,9
19148,9
19149,9
19150,9
19151,9
19151,1
19151,83
19151,5
19151,6
19152,40
19152,1
19152,5
19153,9
19153,5
19153,13
19154,9
19155,9
19155,1
19156,3
19156,1
19156,5
19157,1
19157,5
19158,1
19158,5
19159,9
19159,1
19159,83
19159,5
19159,13
19159,17
19160,9
19160,1
19160,83
19160,5
19160,13
19160,17
19161,3
19161,5
19162,1
19162,5
19163,2
19163,1
19164,1
19164,5
19165,1
19165,5
19165,13
19166,40
19166,9
19166,29
19166,1
19166,17
19166,6
19167,9
19167,1
19167,5
19168,9
19168,83
19168,3
19168,111
19168,13
19168,6
19169,9
19169,83
19169,3
19169,111
19169,13
19169,6
19170,47
19170,1
19170,3
19170,56
19170,5
19171,9
19171,83
19171,3
19171,111
19171,13
19171,6
19172,47
19172,1
19172,3
19172,56
19172,5
19173,1
19173,5
19174,4
19174,9
19174,1
19174,5
19175,5
19175,1
19175,17
19175,13
19176,2
19176,3
19177,19
19178,29
19178,1
19178,5
19179,5
19179,1
19179,17
19179,13
19180,19
19181,2
19181,3
19182,5
19182,1
19182,17
19182,13
19183,29
19183,1
19183,5
19184,2
19184,3
19185,5
19185,1
19185,17
19185,13
19186,19
19187,19
19188,29
19188,1
19188,5
19189,29
19189,1
19189,5
19190,2
19190,3
19191,5
19191,1
19191,17
19191,13
19192,19
19193,2
19193,3
19194,29
19194,1
19194,5
19195,5
19195,1
19195,17
19195,13
19196,19
19197,2
19197,3
19198,29
19198,1
19198,5
19199,3
19200,3
19201,3
19202,29
19202,5
19203,3
19203,5
19204,3
19205,1
19205,5
19206,3
19206,5
19207,3
19208,3
19208,5
19209,4
19209,1
19209,6
19210,9
19210,5
19211,9
19211,5
19212,3
19212,5
19213,29
19213,6
19213,17
19213,83
19214,3
19214,161
19215,29
19215,1
19216,9
19216,5
19217,29
19217,9
19217,1
19218,9
19218,5
19219,2
19219,3
19220,9
19220,5
19221,9
19221,1
19221,4
19221,56
19221,6
19222,83
19222,3
19222,5
19222,74
19222,13
19223,9
19223,5
19224,83
19224,3
19224,5
19224,74
19224,13
19225,9
19225,1
19225,5
19225,13
19226,9
19226,1
19226,5
19226,13
19227,2
19227,3
19227,9
19227,5
19228,2
19228,3
19228,9
19228,5
19229,2
19229,3
19229,9
19229,5
19230,2
19230,3
19230,9
19230,5
19231,29
19231,9
19231,1
19231,13
19232,40
19232,9
19232,29
19232,1
19232,17
19232,6
19233,40
19233,1
19233,5
19234,3
19234,5
19235,9
19235,5
19236,4
19236,9
19236,1
19236,5
19237,9
19237,5
19238,3
19238,5
19239,9
19239,5
19240,9
19240,1
19240,4
19240,56
19240,6
19241,3
19242,3
19243,3
19243,1
19243,5
19244,40
19244,1
19244,5
19245,3
19246,29
19246,9
19246,1
19247,3
19248,29
19248,5
19249,3
19249,5
19250,3
19251,3
19251,5
19252,9
19252,5
19253,9
19253,5
19254,3
19255,3
19255,5
19256,29
19256,5
19257,3
19258,3
19259,29
19259,5
19260,3
19260,5
19261,3
19262,9
19262,5
19263,9
19263,5
19264,9
19264,5
19265,9
19265,5
19266,1
19266,4
19266,74
19266,75
19266,17
19267,9
19267,1
19268,1
19268,4
19268,74
19268,75
19268,17
19269,1
19269,4
19269,74
19269,75
19269,17
19270,2
19270,3
19270,9
19271,1
19271,4
19271,74
19271,75
19271,17
19272,1
19272,4
19272,74
19272,75
19272,17
19273,29
19273,9
19273,1
19274,4
19274,9
19274,1
19274,5
19275,9
19275,5
19276,4
19276,9
19276,1
19276,5
19277,9
19277,5
19278,1
19278,4
19278,74
19278,75
19278,17
19279,9
19279,5
19280,9
19280,1
19281,1
19281,4
19281,74
19281,75
19281,17
19282,3
19282,5
19283,9
19283,5
19284,2
19284,1
19285,3
19285,5
19286,3
19286,9
19286,5
19287,9
19288,29
19288,1
19288,5
19289,4
19289,3
19289,1
19289,5
19290,4
19290,3
19290,1
19290,5
19291,4
19291,3
19291,1
19291,5
19292,9
19292,1
19292,5
19293,29
19293,9
19294,9
19295,3
19295,5
19296,9
19297,9
19297,5
19298,2
19298,3
19298,1
19298,5
19299,9
19300,3
19300,1
19300,5
19301,3
19301,5
19302,3
19302,1
19302,5
19303,1
19303,4
19303,2
19303,56
19303,5
19303,17
19303,6
19304,3
19305,1
19305,5
19306,2
19306,1
19307,3
19307,1
19307,5
19308,3
19308,5
19309,4
19309,9
19309,1
19309,5
19310,29
19310,1
19311,3
19311,5
19312,9
19312,1
19313,9
19313,1
19314,3
19314,9
19314,5
19315,3
19316,1
19316,5
19317,3
19317,9
19317,5
19318,40
19318,9
19318,29
19318,1
19318,17
19318,6
19319,3
19319,1
19319,5
19320,2
19320,29
19321,29
19321,9
19321,1
19322,3
19322,5
19323,3
19324,29
19324,9
19325,9
19325,1
19325,5
19325,13
19326,3
19327,29
19327,9
19327,1
19328,3
19328,9
19328,5
19329,4
19329,1
19329,6
19330,4
19330,1
19330,6
19331,9
19331,5
19331,13
19332,3
19333,9
19333,1
19334,9
19334,5
19335,2
19335,9
19335,1
19335,5
19336,29
19336,9
19336,1
19337,29
19337,17
19338,4
19338,1
19338,6
19339,3
19340,3
19340,5
19341,9
19342,3
19342,5
19343,1
19343,5
19344,1
19344,5
19345,9
19345,1
19345,83
19345,5
19345,13
19345,17
19346,29
19346,1
19346,5
19347,9
19347,1
19347,83
19347,5
19347,13
19347,17
19348,3
19348,5
19349,9
19349,1
19350,3
19351,1
19351,5
19352,1
19352,5
19353,2
19353,3
19354,2
19354,1
19355,3
19355,11
19355,1
19355,5
19356,29
19356,1
19356,5
19357,11
19357,3
19357,5
19358,2
19358,3
19359,11
19359,3
19359,5
19360,3
19360,11
19360,1
19360,5
19361,9
19361,5
19362,29
19362,13
19362,6
19363,9
19363,5
19363,13
19364,3
19364,5
19365,2
19365,3
19366,2
19366,1
19367,11
19367,3
19367,5
19368,3
19368,11
19368,1
19368,5
19369,2
19369,1
19370,1
19370,5
19371,2
19371,3
19372,2
19372,3
19372,9
19373,11
19373,3
19373,5
19374,2
19374,3
19375,2
19375,3
19375,9
19376,3
19376,11
19376,1
19376,5
19377,3
19377,11
19377,1
19377,5
19378,11
19378,3
19378,5
19379,2
19379,3
19379,9
19380,11
19380,3
19380,5
19381,2
19381,3
19382,3
19382,11
19382,1
19382,5
19383,2
19383,1
19384,11
19384,3
19384,5
19385,2
19385,3
19386,2
19386,1
19387,3
19387,11
19387,1
19387,5
19388,11
19388,3
19388,5
19389,2
19389,3
19390,3
19390,11
19390,1
19390,5
19391,11
19391,3
19391,5
19392,2
19392,3
19393,11
19393,3
19393,5
19394,2
19394,3
19395,2
19395,3
19395,9
19396,11
19396,3
19396,5
19397,3
19397,11
19397,1
19397,5
19398,3
19398,11
19398,1
19398,5
19399,2
19399,3
19399,9
19400,11
19400,3
19400,5
19401,2
19401,3
19402,3
19402,11
19402,1
19402,5
19403,2
19403,3
19404,13
19405,2
19405,3
19406,3
19406,11
19406,1
19406,5
19407,3
19407,11
19407,1
19407,5
19408,2
19408,1
19409,9
19409,1
19410,2
19410,3
19411,3
19411,5
19412,9
19412,1
19413,9
19413,13
19414,11
19414,3
19414,5
19415,3
19415,11
19415,1
19415,5
19416,11
19416,3
19416,5
19417,2
19417,3
19418,11
19418,3
19418,5
19419,3
19419,11
19419,1
19419,5
19420,2
19420,3
19421,11
19421,3
19421,5
19422,3
19422,9
19422,5
19423,3
19423,11
19423,1
19423,5
19424,11
19424,3
19424,5
19425,1
19425,5
19425,13
19426,2
19426,3
19427,2
19427,3
19427,9
19428,3
19428,11
19428,1
19428,5
19429,2
19429,3
19430,11
19430,3
19430,5
19431,3
19431,11
19431,1
19431,5
19432,2
19432,3
19432,9
19433,11
19433,3
19433,5
19434,2
19434,3
19435,3
19435,11
19435,1
19435,5
19436,2
19436,3
19436,9
19437,11
19437,3
19437,5
19438,2
19438,3
19439,2
19439,3
19439,9
19440,3
19440,11
19440,1
19440,5
19441,2
19441,3
19442,11
19442,3
19442,5
19443,2
19443,3
19444,2
19444,3
19444,9
19445,11
19445,3
19445,5
19446,3
19446,11
19446,1
19446,5
19447,2
19447,3
19447,9
19448,11
19448,3
19448,5
19449,3
19449,11
19449,1
19449,5
19450,2
19450,3
19451,2
19451,3
19451,9
19452,3
19452,11
19452,1
19452,5
19453,2
19453,3
19454,11
19454,3
19454,5
19455,3
19455,11
19455,1
19455,5
19456,2
19456,3
19457,2
19457,1
19458,3
19458,11
19458,1
19458,5
19459,11
19459,3
19459,5
19460,2
19460,3
19461,3
19461,11
19461,1
19461,5
19462,11
19462,3
19462,5
19463,29
19463,9
19463,1
19464,2
19464,1
19465,2
19465,3
19466,2
19466,1
19467,2
19467,1
19468,2
19468,3
19469,3
19469,11
19469,1
19469,5
19470,11
19470,3
19470,5
19471,3
19471,11
19471,1
19471,5
19472,11
19472,3
19472,5
19473,3
19473,5
19474,29
19474,1
19475,2
19475,3
19476,29
19476,9
19476,1
19477,3
19477,11
19477,1
19477,5
19478,11
19478,3
19478,5
19479,3
19479,5
19480,3
19480,5
19481,3
19481,11
19481,1
19481,5
19482,11
19482,3
19482,5
19483,3
19483,5
19484,2
19484,3
19485,3
19485,11
19485,1
19485,5
19486,3
19486,5
19487,11
19487,3
19487,5
19488,2
19488,3
19489,2
19489,3
19490,3
19490,11
19490,1
19490,5
19491,3
19491,5
19492,11
19492,3
19492,5
19493,2
19493,3
19494,3
19494,11
19494,1
19494,5
19495,2
19495,3
19495,9
19496,11
19496,3
19496,5
19497,2
19497,3
19498,3
19498,11
19498,1
19498,5
19499,11
19499,3
19499,5
19500,2
19500,3
19500,9
19501,2
19501,3
19502,2
19502,3
19502,9
19503,11
19503,3
19503,5
19504,3
19504,11
19504,1
19504,5
19505,2
19505,3
19506,2
19506,3
19506,9
19507,11
19507,3
19507,5
19508,2
19508,3
19509,3
19509,11
19509,1
19509,5
19510,2
19510,3
19510,9
19511,3
19511,11
19511,1
19511,5
19512,2
19512,3
19513,11
19513,3
19513,5
19514,3
19514,11
19514,1
19514,5
19515,2
19515,3
19515,9
19516,11
19516,3
19516,5
19517,2
19517,3
19518,2
19518,3
19518,9
19519,11
19519,3
19519,5
19520,2
19520,3
19521,3
19521,11
19521,1
19521,5
19522,11
19522,3
19522,5
19523,2
19523,3
19523,9
19524,2
19524,3
19524,9
19525,3
19525,11
19525,1
19525,5
19526,2
19526,3
19527,3
19527,11
19527,1
19527,5
19528,11
19528,3
19528,5
19529,2
19529,3
19530,2
19530,3
19530,9
19531,3
19531,11
19531,1
19531,5
19532,9
19532,1
19533,4
19533,1
19533,6
19534,2
19534,3
19535,2
19535,1
19536,3
19536,11
19536,1
19536,5
19537,29
19537,5
19538,2
19538,3
19539,3
19539,11
19539,1
19539,5
19540,11
19540,3
19540,5
19541,2
19541,1
19542,11
19542,3
19542,5
19543,2
19543,3
19544,3
19544,11
19544,1
19544,5
19545,11
19545,3
19545,5
19546,2
19546,1
19547,3
19547,5
19548,40
19548,9
19548,29
19548,1
19548,2
19548,4
19548,56
19548,13
19548,6
19549,2
19549,1
19550,3
19551,9
19551,5
19552,1
19552,5
19553,29
19553,1
19553,5
19554,3
19554,5
19555,5
19555,17
19555,13
19556,2
19556,29
19557,4
19557,1
19557,6
19558,4
19558,1
19558,6
19559,4
19559,1
19559,6
19560,4
19560,1
19560,6
19561,2
19561,9
19561,1
19561,5
19562,3
19563,3
19563,1
19564,3
19564,5
19565,9
19565,5
19566,9
19566,5
19567,3
19567,5
19568,3
19569,3
19570,9
19570,5
19571,3
19571,5
19572,9
19572,5
19573,2
19573,9
19573,1
19573,5
19574,4
19574,11
19574,1
19575,9
19575,5
19576,2
19576,9
19576,1
19576,5
19577,9
19577,5
19578,9
19578,5
19579,2
19579,9
19579,1
19579,5
19580,9
19580,1
19581,29
19581,9
19581,1
19582,29
19582,9
19582,1
19582,111
19583,3
19583,9
19583,5
19584,2
19584,3
19584,9
19584,5
19585,3
19585,5
19586,2
19586,29
19587,5
19587,17
19587,13
19588,9
19588,5
19589,9
19589,5
19590,3
19590,1
19591,29
19591,1
19592,3
19592,5
19593,9
19593,83
19593,2
19593,3
19593,17
19594,3
19595,3
19595,1
19596,1
19596,5
19597,29
19597,1
19597,5
19598,3
19598,9
19598,1
19599,2
19599,9
19599,1
19599,5
19600,29
19600,1
19600,5
19601,9
19601,1
19602,4
19602,1
19602,6
19603,3
19603,9
19603,5
19604,4
19604,1
19604,6
19605,2
19605,3
19605,5
19606,3
19607,29
19607,9
19607,1
19607,5
19608,9
19608,5
19609,3
19609,5
19610,2
19610,1
19611,17
19611,12
19611,9
19611,5
19612,11
19612,3
19612,5
19613,17
19613,12
19613,9
19613,5
19614,11
19614,3
19614,5
19615,9
19615,1
19615,5
19616,9
19616,1
19617,3
19617,5
19618,2
19618,3
19619,2
19619,1
19620,1
19620,5
19621,3
19621,11
19621,1
19621,5
19622,2
19622,3
19622,9
19623,2
19623,3
19624,11
19624,3
19624,5
19625,3
19625,11
19625,1
19625,5
19626,3
19626,5
19627,2
19627,3
19628,13
19629,3
19629,11
19629,1
19629,5
19630,3
19630,5
19631,13
19632,2
19632,3
19633,2
19633,3
19633,9
19634,11
19634,3
19634,5
19635,2
19635,3
19636,3
19636,11
19636,1
19636,5
19637,2
19637,3
19638,13
19639,3
19639,11
19639,1
19639,5
19640,3
19640,11
19640,1
19640,5
19641,3
19641,5
19642,3
19642,5
19643,13
19644,2
19644,3
19644,9
19645,2
19645,3
19645,9
19646,9
19646,5
19647,3
19648,29
19648,5
19649,9
19649,5
19650,2
19650,3
19651,47
19651,29
19651,4
19651,3
19651,6
19652,3
19652,11
19652,1
19652,5
19653,1
19653,5
19654,2
19654,3
19655,3
19655,11
19655,1
19655,5
19656,2
19656,3
19656,9
19657,9
19657,1
19658,13
19659,11
19659,3
19659,5
19660,3
19660,1
19660,5
19661,3
19661,9
19661,5
19661,13
19662,2
19662,3
19663,2
19663,3
19663,9
19664,2
19664,3
19665,11
19665,3
19665,5
19666,3
19666,11
19666,1
19666,5
19667,2
19667,3
19668,13
19669,3
19669,11
19669,1
19669,5
19670,3
19670,11
19670,1
19670,5
19671,3
19671,5
19672,2
19672,3
19673,13
19674,3
19674,5
19675,2
19675,3
19675,9
19676,11
19676,3
19676,5
19677,3
19677,11
19677,1
19677,5
19678,2
19678,3
19679,3
19679,11
19679,1
19679,5
19680,13
19681,1
19681,5
19682,11
19682,3
19682,5
19683,2
19683,3
19684,2
19684,3
19684,9
19685,11
19685,3
19685,5
19686,2
19686,3
19687,3
19687,11
19687,1
19687,5
19688,3
19688,11
19688,1
19688,5
19689,2
19689,3
19689,9
19690,2
19690,3
19691,11
19691,3
19691,5
19692,3
19692,11
19692,1
19692,5
19693,2
19693,3
19693,9
19694,11
19694,3
19694,5
19695,2
19695,3
19696,3
19696,11
19696,1
19696,5
19697,2
19697,3
19697,9
19698,11
19698,3
19698,5
19699,2
19699,3
19700,2
19700,3
19700,9
19701,3
19701,11
19701,1
19701,5
19702,9
19702,1
19703,2
19703,3
19704,11
19704,3
19704,5
19705,2
19705,3
19705,9
19706,2
19706,3
19707,2
19707,3
19707,9
19708,3
19708,11
19708,1
19708,5
19709,2
19709,3
19710,3
19710,11
19710,1
19710,5
19711,11
19711,3
19711,5
19712,3
19713,3
19713,11
19713,1
19713,5
19714,11
19714,3
19714,5
19715,9
19716,2
19716,3
19717,11
19717,3
19717,5
19718,2
19718,3
19718,9
19719,3
19719,11
19719,1
19719,5
19720,2
19720,3
19721,2
19721,3
19721,9
19722,3
19722,11
19722,1
19722,5
19723,11
19723,3
19723,5
19724,2
19724,3
19725,3
19725,11
19725,1
19725,5
19726,2
19726,3
19726,9
19727,11
19727,3
19727,5
19728,9
19729,1
19729,17
19730,2
19730,1
19731,3
19731,1
19731,5
19732,9
19733,11
19733,3
19733,5
19734,3
19734,5
19735,29
19735,1
19735,5
19736,2
19736,3
19737,19
19738,29
19738,1
19738,5
19739,29
19739,1
19739,5
19740,3
19741,1
19741,5
19742,9
19742,5
19743,3
19743,5
19744,9
19744,5
19745,3
19745,5
19746,2
19746,3
19746,9
19746,5
19747,9
19747,1
19748,3
19748,5
19749,9
19749,5
19750,3
19750,5
19751,3
19751,9
19751,5
19752,9
19752,5
19753,9
19753,5
19754,3
19754,9
19754,5
19755,29
19755,1
19756,3
19757,3
19758,3
19758,5
19759,29
19759,5
19760,3
19760,5
19761,3
19762,3
19763,3
19763,9
19763,5
19764,3
19764,5
19765,29
19765,5
19766,3
19766,5
19767,11
19767,3
19767,5
19768,4
19768,11
19768,1
19769,40
19769,9
19769,29
19769,1
19769,17
19769,6
19770,3
19770,5
19771,9
19771,5
19772,166
19772,19
19773,9
19773,5
19774,9
19774,5
19775,9
19775,5
19776,9
19776,1
19777,3
19777,5
19778,3
19779,29
19779,5
19780,3
19780,5
19781,3
19782,9
19782,5
19783,3
19783,5
19784,9
19784,29
19784,1
19784,56
19784,111
19784,17
19785,9
19785,5
19786,3
19786,5
19787,3
19788,11
19788,5
19789,3
19789,5
19790,317
19790,2
19790,5
19790,4
19791,2
19791,3
19792,3
19792,5
19793,3
19793,161
19794,2
19794,3
19795,3
19795,161
19796,9
19796,1
19796,83
19796,5
19796,6
19797,9
19797,5
19798,9
19798,83
19798,2
19798,3
19798,17
19799,9
19799,5
19800,166
19800,19
19801,3
19801,161
19802,9
19802,5
19803,9
19803,5
19804,9
19804,5
19805,11
19805,5
19806,11
19806,5
19807,11
19807,5
19808,11
19808,5
19809,11
19809,5
19810,29
19810,1
19811,9
19811,5
19812,9
19812,5
19813,29
19813,9
19813,1
19813,13
19814,9
19814,5
19815,4
19815,9
19815,1
19815,5
19816,1
19816,5
19817,4
19817,1
19817,6
19818,3
19818,1
19818,5
19819,3
19819,13
19820,3
19820,5
19821,5
19821,9
19821,1
19822,5
19822,9
19822,1
19823,29
19823,9
19824,5
19824,9
19824,1
19825,2
19825,3
19825,5
19826,9
19826,5
19827,9
19828,3
19828,5
19829,9
19830,2
19830,1
19831,3
19831,1
19832,12
19832,3
19832,56
19832,5
19832,74
19832,17
19833,4
19833,9
19833,1
19833,5
19834,3
19834,5
19835,3
19835,5
19836,4
19836,11
19836,1
19837,4
19837,11
19837,1
19838,9
19838,1
19839,3
19839,11
19840,3
19841,3
19842,3
19843,3
19843,11
19843,1
19843,5
19844,3
19845,9
19845,5
19846,9
19846,1
19846,4
19846,56
19846,6
19847,3
19847,5
19848,2
19848,3
19848,9
19848,5
19849,1
19849,5
19850,3
19850,161
19851,29
19851,5
19852,3
19853,9
19853,1
19853,5
19854,4
19854,9
19854,1
19854,5
19855,2
19855,29
19856,47
19856,29
19856,4
19856,3
19856,6
19857,9
19857,5
19858,5
19858,3
19858,9
19858,1
19859,3
19859,161
19860,3
19860,161
19861,4
19861,1
19861,6
19862,3
19862,161
19863,3
19863,161
19864,3
19864,161
19865,3
19865,161
19866,3
19866,161
19867,9
19867,1
19867,5
19868,9
19868,1
19868,5
19869,9
19869,1
19869,5
19870,9
19870,1
19870,5
19871,9
19871,1
19871,5
19872,9
19872,1
19872,5
19873,9
19873,1
19873,5
19874,9
19874,1
19874,5
19875,9
19875,1
19875,5
19876,9
19876,1
19876,5
19877,9
19877,1
19877,5
19878,9
19878,1
19878,5
19879,9
19879,1
19879,5
19880,3
19881,9
19881,1
19881,5
19882,2
19882,3
19882,9
19883,2
19883,3
19883,9
19884,29
19884,1
19885,9
19885,5
19886,11
19886,5
19887,5
19887,9
19887,1
19888,9
19888,5
19889,2
19889,3
19889,9
19889,5
19890,3
19890,1
19890,5
19891,9
19891,5
19892,9
19892,5
19893,9
19893,1
19893,4
19893,56
19893,6
19894,3
19894,1
19894,5
19895,3
19895,1
19895,5
19896,166
19896,19
19897,1
19897,5
19898,9
19898,5
19899,29
19899,1
19900,9
19900,5
19901,9
19901,5
19902,29
19902,1
19903,3
19903,5
19904,1
19904,5
19905,3
19905,5
19906,9
19906,5
19907,9
19907,5
19908,166
19908,19
19909,317
19909,2
19909,5
19909,4
19910,3
19910,9
19910,1
19910,5
19911,2
19911,3
19912,3
19912,161
19913,3
19913,9
19913,5
19913,13
19914,29
19914,9
19914,1
19914,111
19915,29
19915,1
19915,5
19916,166
19916,19
19917,29
19917,5
19918,3
19919,29
19919,1
19919,5
19920,29
19920,1
19920,5
19921,3
19922,29
19922,9
19922,1
19922,111
19923,3
19923,9
19923,5
19923,13
19924,29
19924,1
19924,5
19925,29
19925,1
19925,5
19926,2
19926,3
19926,9
19926,5
19927,3
19927,5
19928,9
19928,1
19929,3
19929,9
19929,5
19929,13
19930,9
19930,5
19931,9
19931,5
19932,3
19932,5
19932,13
19933,9
19933,5
19934,9
19934,5
19935,3
19935,9
19935,5
19936,9
19936,5
19937,3
19938,3
19939,3
19940,3
19941,3
19942,3
19943,3
19944,3
19944,1
19944,5
19945,29
19945,9
19945,1
19946,40
19946,9
19946,29
19946,1
19946,2
19946,4
19946,56
19946,13
19946,6
19947,3
19948,9
19948,1
19948,4
19948,56
19948,6
19949,9
19949,5
19950,166
19950,19
19951,3
19951,9
19951,5
19951,13
19952,3
19952,5
19952,13
19953,2
19953,3
19953,5
19954,3
19955,47
19955,29
19955,4
19955,3
19955,6
19956,3
19956,13
19957,9
19957,5
19958,40
19958,9
19958,29
19958,1
19958,2
19958,4
19958,56
19958,13
19958,6
19959,3
19959,5
19960,9
19960,5
19961,9
19961,5
19962,9
19962,5
19963,9
19963,5
19964,29
19964,1
19964,5
19964,13
19964,17
19965,3
19965,13
19966,9
19966,5
19967,9
19967,5
19968,9
19968,1
19968,5
19968,13
19969,3
19970,9
19970,5
19971,3
19971,1
19971,5
19972,4
19972,11
19972,1
19973,9
19973,5
19974,3
19974,5
19975,3
19975,5
19976,3
19976,5
19977,9
19977,1
19977,4
19977,56
19977,6
19978,3
19978,161
19979,3
19979,161
19980,9
19980,5
19981,3
19981,5
19982,9
19982,5
19983,9
19983,5
19984,3
19984,13
19985,9
19985,1
19985,5
19985,13
19986,9
19986,1
19986,5
19986,13
19987,4
19987,1
19987,6
19988,29
19988,6
19988,17
19988,83
19989,11
19989,5
19990,9
19990,5
19991,4
19991,1
19991,6
19992,11
19992,5
19993,3
19993,19
19994,3
19994,19
19995,3
19996,3
19997,1
19997,5
19998,3
19998,19
19999,2
19999,1
19999,75
19999,6
20000,3
20000,5
20001,2
20001,1
20002,3
20002,5
20003,3
20003,5
20004,9
20004,316
20004,1
20004,4
20004,3
20004,5
20004,17
20004,6
20005,2
20005,1
20006,9
20006,83
20006,2
20006,3
20006,17
20007,9
20007,83
20007,2
20007,3
20007,17
20008,9
20008,5
20009,3
20009,5
20010,2
20010,1
20011,1
20011,5
20012,3
20013,3
20014,9
20014,316
20014,1
20014,4
20014,3
20014,5
20014,17
20014,6
20015,4
20015,1
20015,6
20016,9
20016,316
20016,1
20016,4
20016,3
20016,5
20016,17
20016,6
20017,9
20017,316
20017,1
20017,4
20017,3
20017,5
20017,17
20017,6
20018,4
20018,1
20018,6
20019,3
20019,5
20020,3
20021,3
20021,5
20022,4
20022,1
20022,6
20023,9
20023,5
20024,3
20024,9
20024,5
20025,3
20025,5
20026,4
20026,1
20026,6
20027,1
20027,17
20028,3
20028,19
20029,29
20029,5
20030,40
20030,9
20030,29
20030,1
20030,2
20030,4
20030,56
20030,13
20030,6
20031,9
20031,316
20031,1
20031,4
20031,3
20031,5
20031,17
20031,6
20032,9
20032,316
20032,1
20032,4
20032,3
20032,5
20032,17
20032,6
20033,3
20033,9
20033,5
20034,4
20034,1
20034,6
20035,4
20035,1
20035,6
20036,9
20036,5
20037,9
20037,316
20037,1
20037,4
20037,3
20037,5
20037,17
20037,6
20038,4
20038,1
20038,6
20039,3
20039,1
20039,5
20040,5
20040,17
20040,13
20041,9
20041,5
20042,9
20042,316
20042,1
20042,4
20042,3
20042,5
20042,17
20042,6
20043,3
20043,1
20044,9
20044,316
20044,1
20044,4
20044,3
20044,5
20044,17
20044,6
20045,9
20045,316
20045,1
20045,4
20045,3
20045,5
20045,17
20045,6
20046,2
20046,3
20046,5
20047,29
20047,1
20048,5
20048,17
20048,13
20049,4
20049,9
20049,1
20049,5
20050,9
20050,5
20051,2
20051,3
20051,1
20051,5
20052,4
20052,1
20052,6
20053,3
20053,5
20054,9
20054,1
20055,40
20055,1
20055,5
20056,47
20056,29
20056,4
20056,3
20056,6
20057,12
20057,3
20057,56
20057,5
20057,74
20057,17
20058,4
20058,1
20058,6
20059,4
20059,1
20059,6
20060,40
20060,9
20060,29
20060,1
20060,17
20060,6
20061,9
20061,5
20062,3
20062,1
20062,5
20063,29
20063,1
20063,5
20064,9
20064,5
20065,3
20065,1
20065,5
20066,29
20066,5
20067,1
20067,2
20067,3
20067,4
20067,5
20067,6
20068,1
20068,2
20068,3
20068,4
20068,5
20068,6
20069,9
20069,5
20069,13
20070,9
20070,83
20070,2
20070,3
20070,17
20071,40
20071,9
20071,29
20071,1
20071,17
20071,6
20072,47
20072,83
20072,2
20072,13
20072,17
20072,6
20073,9
20074,9
20074,5
20075,3
20075,5
20076,1
20076,5
20077,1
20077,2
20077,3
20077,4
20077,5
20077,6
20078,3
20079,3
20079,5
20080,2
20080,1
20081,47
20081,83
20081,2
20081,13
20081,17
20081,6
20082,9
20082,1
20082,5
20083,9
20084,9
20084,83
20084,3
20084,111
20084,13
20084,6
20085,3
20086,1
20086,5
20087,1
20087,5
20088,9
20088,5
20089,2
20089,1
20090,47
20090,83
20090,2
20090,13
20090,17
20090,6
20091,3
20091,5
20092,1
20092,5
20093,3
20094,2
20094,1
20095,2
20095,3
20095,1
20095,5
20096,2
20096,3
20096,1
20096,5
20097,3
20098,3
20099,2
20099,3
20099,9
20099,5
20100,2
20100,29
20101,9
20102,3
20102,1
20102,5
20103,4
20103,1
20103,6
20104,3
20105,3
20106,3
20107,3
20108,3
20109,3
20109,5
20110,3
20110,1
20111,3
20112,1
20112,5
20113,9
20113,5
20114,3
20115,3
20115,1
20115,5
20116,9
20116,5
20117,3
20118,4
20118,1
20118,6
20119,9
20119,83
20119,2
20119,3
20119,17
20120,9
20120,83
20120,2
20120,3
20120,17
20121,1
20121,5
20122,47
20122,29
20122,4
20122,3
20122,6
20123,29
20123,9
20123,1
20123,5
20124,1
20124,4
20124,2
20124,56
20124,5
20124,17
20124,6
20125,3
20126,9
20126,1
20126,5
20126,13
20127,3
20127,5
20128,1
20128,5
20129,3
20129,5
20130,9
20130,5
20131,3
20132,3
20133,166
20133,19
20134,9
20134,1
20134,5
20134,13
20135,4
20135,1
20135,6
20136,9
20137,47
20137,29
20137,4
20137,3
20137,6
20138,4
20138,3
20138,1
20138,5
20139,9
20139,83
20139,2
20139,3
20139,17
20140,2
20140,9
20140,1
20140,5
20141,47
20141,29
20141,4
20141,3
20141,6
20142,9
20143,29
20143,5
20144,3
20145,29
20145,5
20146,29
20146,5
20147,1
20147,5
20148,29
20148,5
20149,29
20149,5
20150,1
20150,5
20151,3
20151,11
20152,3
20152,11
20153,9
20153,1
20153,5
20154,3
20154,5
20155,9
20155,1
20155,5
20156,3
20156,11
20157,3
20157,11
20158,3
20158,11
20159,3
20159,11
20160,1
20160,5
20161,9
20161,1
20161,5
20162,1
20162,5
20163,56
20163,5
20163,13
20164,9
20164,1
20164,5
20165,9
20165,1
20165,5
20166,9
20166,1
20166,5
20167,5
20167,17
20167,13
20168,5
20168,17
20168,13
20169,9
20169,1
20169,5
20170,9
20170,5
20171,11
20171,3
20171,5
20172,5
20172,3
20172,9
20172,1
20173,5
20173,3
20173,9
20173,1
20174,29
20174,5
20175,29
20175,5
20176,1
20176,5
20177,1
20177,5
20178,5
20178,3
20178,9
20178,1
20179,3
20179,1
20179,5
20180,5
20180,3
20180,9
20180,1
20181,3
20181,161
20182,4
20182,11
20182,1
20183,3
20184,4
20184,11
20184,1
20185,2
20185,3
20186,29
20186,9
20186,1
20186,13
20187,9
20187,5
20188,40
20188,1
20188,5
20189,9
20189,1
20189,5
20190,9
20190,1
20190,5
20191,3
20192,1
20193,3
20193,5
20194,3
20195,3
20196,3
20197,9
20197,83
20197,2
20197,3
20197,17
20198,40
20198,9
20198,29
20198,1
20198,17
20198,6
20199,3
20199,5
20200,3
20201,40
20201,9
20201,29
20201,1
20201,17
20201,6
20202,3
20202,5
20203,9
20203,5
20204,3
20204,13
20205,3
20205,13
20206,29
20206,9
20206,1
20207,3
20207,5
20208,3
20208,5
20209,3
20209,5
20210,9
20210,1
20210,5
20211,5
20211,9
20211,1
20212,2
20212,29
20213,3
20213,5
20214,3
20214,5
20215,3
20215,5
20216,3
20216,5
20217,9
20217,5
20218,2
20218,29
20219,3
20219,5
20220,3
20220,5
20221,3
20222,1
20222,5
20223,29
20223,1
20223,5
20224,11
20224,9
20224,1
20224,3
20224,5
20224,17
20224,6
20225,29
20225,9
20225,1
20226,29
20226,1
20226,5
20227,4
20227,40
20227,1
20227,75
20228,2
20228,3
20229,3
20229,5
20230,11
20230,3
20230,5
20231,3
20231,11
20231,1
20231,5
20232,11
20232,3
20233,4
20233,1
20233,6
20234,2
20234,3
20234,9
20234,5
20235,4
20235,1
20235,6
20236,3
20236,5
20237,1
20237,17
20238,11
20238,3
20238,5
20239,11
20239,3
20239,5
20240,2
20240,1
20241,29
20241,13
20241,6
20242,13
20242,6
20243,1
20243,5
20244,11
20244,5
20245,11
20245,3
20245,5
20246,47
20246,29
20246,4
20246,3
20246,6
20247,5
20248,5
20249,11
20249,3
20249,5
20250,4
20250,3
20250,1
20250,5
20251,3
20252,11
20252,3
20252,5
20253,3
20253,1
20253,5
20254,4
20254,40
20254,1
20254,75
20255,3
20255,5
20255,13
20256,3
20256,13
20257,4
20257,1
20257,6
20258,9
20258,5
20259,40
20259,5
20260,3
20261,4
20261,9
20261,1
20261,5
20262,9
20262,5
20263,11
20263,9
20263,2
20263,4
20263,5
20264,40
20264,5
20265,1
20265,5
20266,3
20266,5
20267,3
20267,5
20268,9
20268,316
20268,1
20268,4
20268,3
20268,5
20268,17
20268,6
20269,29
20269,6
20269,17
20269,83
20270,3
20271,40
20271,1
20271,5
20272,2
20272,1
20273,9
20273,316
20273,1
20273,4
20273,3
20273,5
20273,17
20273,6
20274,9
20274,316
20274,1
20274,4
20274,3
20274,5
20274,17
20274,6
20275,9
20275,316
20275,1
20275,4
20275,3
20275,5
20275,17
20275,6
20276,9
20276,316
20276,1
20276,4
20276,3
20276,5
20276,17
20276,6
20277,4
20277,9
20277,1
20277,5
20278,9
20278,5
20279,9
20279,316
20279,1
20279,4
20279,3
20279,5
20279,17
20279,6
20280,5
20280,17
20280,13
20281,4
20281,1
20281,6
20282,4
20282,1
20282,6
20283,9
20283,5
20284,5
20284,17
20284,13
20285,9
20285,316
20285,1
20285,4
20285,3
20285,5
20285,17
20285,6
20286,3
20287,3
20287,161
20288,11
20288,9
20288,2
20288,4
20288,5
20289,9
20289,5
20290,3
20290,1
20291,4
20291,1
20291,6
20292,4
20292,3
20292,1
20292,5
20293,4
20293,1
20293,6
20294,3
20294,161
20295,9
20295,1
20296,4
20296,1
20296,6
20297,29
20297,13
20297,6
20298,4
20298,1
20298,6
20299,3
20299,1
20299,5
20300,1
20301,9
20301,5
20302,9
20302,1
20303,4
20303,1
20303,6
20304,5
20304,13
20305,9
20305,1
20305,5
20306,9
20306,1
20306,5
20307,4
20307,9
20307,1
20307,5
20308,9
20308,5
20309,40
20309,5
20310,11
20310,9
20310,2
20310,4
20310,5
20311,1
20311,5
20312,3
20312,13
20313,3
20313,5
20314,3
20314,5
20315,3
20316,4
20316,1
20316,6
20317,29
20317,6
20317,17
20317,83
20318,3
20319,5
20319,17
20319,13
20320,40
20320,1
20320,5
20321,3
20321,5
20322,1
20322,5
20323,4
20323,1
20323,6
20324,29
20324,1
20324,5
20325,3
20326,3
20327,1
20327,5
20328,3
20329,3
20330,9
20330,5
20331,3
20332,3
20333,9
20333,1
20334,3
20334,5
20335,3
20335,13
20336,5
20336,17
20336,13
20337,9
20337,316
20337,1
20337,4
20337,3
20337,5
20337,17
20337,6
20338,3
20339,3
20339,1
20340,4
20340,1
20340,6
20341,11
20341,9
20341,2
20341,4
20341,5
20342,3
20342,13
20343,29
20343,13
20343,6
20344,13
20344,6
20345,29
20345,13
20345,6
20346,12
20346,3
20346,56
20346,5
20346,74
20346,17
20347,3
20347,5
20348,5
20348,13
20349,4
20349,1
20349,6
20350,4
20350,1
20350,6
20351,4
20351,1
20351,6
20352,4
20352,1
20352,6
20353,1
20353,5
20354,2
20354,3
20354,9
20354,5
20355,9
20355,5
20356,2
20356,1
20357,5
20357,17
20357,13
20358,2
20358,29
20359,3
20360,9
20361,2
20361,3
20361,9
20361,5
20362,2
20362,29
20363,3
20363,13
20364,29
20364,9
20364,1
20365,40
20365,9
20365,29
20365,1
20365,17
20365,6
20366,2
20366,1
20367,3
20367,5
20368,3
20369,9
20369,83
20369,2
20369,3
20369,17
20370,9
20371,9
20372,2
20372,29
20373,29
20373,13
20373,6
20374,9
20374,5
20375,29
20375,9
20375,1
20375,111
20376,3
20376,5
20377,2
20377,1
20378,40
20378,9
20378,29
20378,1
20378,2
20378,4
20378,56
20378,13
20378,6
20379,5
20379,9
20379,1
20380,1
20380,5
20381,3
20382,4
20382,9
20382,1
20382,5
20383,2
20383,29
20384,9
20384,5
20385,2
20385,3
20385,9
20385,5
20386,1
20386,5
20387,2
20387,3
20387,9
20387,5
20388,9
20388,5
20389,9
20389,1
20389,5
20390,56
20390,5
20390,13
20391,3
20392,2
20392,29
20393,3
20393,5
20394,9
20394,83
20394,3
20394,111
20394,13
20394,6
20395,9
20395,83
20395,3
20395,111
20395,13
20395,6
20396,9
20396,83
20396,3
20396,111
20396,13
20396,6
20397,9
20397,83
20397,3
20397,111
20397,13
20397,6
20398,9
20398,83
20398,3
20398,111
20398,13
20398,6
20399,9
20399,83
20399,3
20399,111
20399,13
20399,6
20400,9
20400,83
20400,3
20400,111
20400,13
20400,6
20401,9
20401,83
20401,3
20401,111
20401,13
20401,6
20402,9
20402,83
20402,3
20402,111
20402,13
20402,6
20403,9
20403,83
20403,3
20403,111
20403,13
20403,6
20404,9
20404,83
20404,3
20404,111
20404,13
20404,6
20405,5
20405,1
20405,17
20405,13
20406,9
20406,83
20406,3
20406,111
20406,13
20406,6
20407,2
20407,3
20408,19
20409,19
20410,29
20410,1
20410,5
20411,19
20412,29
20412,1
20412,5
20413,2
20413,3
20414,19
20415,19
20416,29
20416,1
20417,2
20417,3
20418,29
20418,1
20418,5
20419,5
20419,1
20419,17
20419,13
20420,19
20421,29
20421,1
20421,5
20422,2
20422,3
20423,2
20423,3
20424,5
20424,1
20424,17
20424,13
20425,19
20426,29
20426,1
20426,5
20427,3
20428,3
20429,9
20429,83
20429,3
20429,111
20429,13
20429,6
20430,9
20430,83
20430,3
20430,111
20430,13
20430,6
20431,9
20431,83
20431,3
20431,111
20431,13
20431,6
20432,9
20432,83
20432,3
20432,111
20432,13
20432,6
20433,9
20433,83
20433,3
20433,111
20433,13
20433,6
20434,9
20434,83
20434,3
20434,111
20434,13
20434,6
20435,9
20435,83
20435,3
20435,111
20435,13
20435,6
20436,9
20436,83
20436,3
20436,111
20436,13
20436,6
20437,9
20437,83
20437,3
20437,111
20437,13
20437,6
20438,9
20438,83
20438,3
20438,111
20438,13
20438,6
20439,47
20439,1
20439,3
20439,56
20439,5
20440,47
20440,1
20440,3
20440,56
20440,5
20441,47
20441,1
20441,3
20441,56
20441,5
20442,29
20442,6
20442,17
20442,83
20443,29
20443,1
20444,166
20444,19
20445,9
20446,3
20446,1
20447,3
20447,5
20448,11
20448,3
20449,4
20449,40
20449,1
20449,75
20450,9
20450,5
20451,1
20451,17
20452,9
20452,5
20453,9
20453,5
20454,3
20454,9
20454,1
20454,5
20455,9
20455,5
20456,9
20456,5
20457,9
20457,1
20457,5
20457,13
20458,9
20458,1
20459,3
20460,9
20460,5
20461,3
20462,9
20462,1
20462,4
20462,56
20462,6
20463,4
20463,40
20463,1
20463,75
20464,9
20464,1
20464,4
20464,56
20464,6
20465,3
20465,5
20466,29
20466,1
20466,5
20467,3
20467,1
20467,5
20468,3
20468,5
20469,2
20469,9
20469,1
20469,5
20470,3
20471,9
20471,316
20471,1
20471,4
20471,3
20471,5
20471,17
20471,6
20472,9
20472,1
20473,166
20473,19
20474,3
20474,161
20475,3
20475,5
20476,9
20476,5
20477,29
20477,9
20477,1
20478,29
20478,1
20479,9
20479,5
20480,9
20480,5
20481,3
20481,9
20481,5
20482,9
20482,1
20482,4
20482,56
20482,6
20483,9
20483,1
20483,4
20483,56
20483,6
20484,9
20484,5
20485,4
20485,11
20485,1
20486,9
20486,5
20487,9
20487,5
20488,4
20488,11
20488,1
20489,9
20489,5
20490,9
20490,5
20491,2
20491,9
20491,1
20491,5
20492,29
20492,9
20492,1
20492,111
20493,3
20494,3
20495,9
20495,1
20495,4
20495,56
20495,6
20496,9
20496,5
20497,9
20497,5
20498,9
20498,5
20499,3
20500,9
20500,5
20501,3
20501,5
20502,3
20503,3
20504,29
20504,5
20505,3
20506,3
20507,29
20507,5
20508,3
20509,3
20510,3
20510,5
20511,29
20511,5
20512,3
20512,5
20513,3
20513,5
20514,3
20514,5
20515,4
20515,1
20515,6
20516,3
20516,5
20517,9
20517,5
20518,29
20518,9
20518,1
20518,5
20519,4
20519,11
20519,1
20520,3
20521,29
20521,5
20522,9
20522,5
20523,3
20524,3
20525,29
20525,5
20526,3
20527,3
20528,3
20528,5
20529,29
20529,9
20529,1
20530,3
20530,5
20531,29
20531,5
20532,3
20533,29
20533,5
20534,3
20535,3
20535,5
20536,9
20536,83
20536,3
20536,111
20536,13
20536,6
20537,3
20537,5
20538,9
20538,5
20539,3
20539,13
20540,9
20540,5
20541,4
20541,11
20541,1
20542,29
20542,9
20542,1
20543,3
20544,9
20544,5
20545,3
20546,9
20546,5
20547,29
20547,9
20547,1
20548,9
20548,1
20548,4
20548,56
20548,6
20549,3
20549,1
20549,5
20550,3
20551,3
20552,3
20552,161
20553,9
20553,5
20554,3
20554,161
20555,3
20556,3
20556,161
20557,3
20557,161
20558,3
20559,9
20559,29
20559,1
20559,56
20559,111
20559,17
20560,29
20560,1
20560,5
20561,9
20561,1
20561,4
20561,56
20561,6
20562,9
20562,5
20563,9
20563,1
20563,4
20563,56
20563,6
20564,3
20565,3
20565,5
20566,9
20566,5
20567,3
20567,5
20568,3
20568,161
20569,1
20569,5
20570,9
20570,5
20571,9
20571,5
20572,3
20572,5
20573,29
20573,9
20573,1
20574,9
20574,5
20575,9
20575,5
20576,3
20577,3
20578,3
20578,9
20578,5
20579,9
20579,5
20580,9
20580,5
20581,3
20581,9
20581,5
20582,3
20582,5
20583,29
20583,1
20584,3
20584,9
20584,5
20585,3
20585,9
20585,5
20585,13
20586,29
20586,1
20587,1
20587,5
20588,9
20588,1
20589,3
20589,5
20590,9
20591,40
20591,9
20591,29
20591,1
20591,17
20591,6
20592,1
20592,4
20592,74
20592,75
20592,17
20593,2
20594,29
20594,9
20595,1
20595,4
20595,74
20595,75
20595,17
20596,1
20596,5
20597,2
20597,3
20597,5
20598,9
20598,5
20599,29
20599,9
20599,1
20599,5
20600,3
20600,9
20600,1
20601,9
20601,5
20602,2
20602,3
20603,3
20603,5
20604,3
20605,29
20605,5
20606,29
20606,5
20607,3
20607,5
20608,3
20609,2
20609,3
20610,3
20611,2
20611,3
20612,3
20612,5
20613,29
20613,9
20613,1
20614,1
20614,5
20615,40
20615,9
20615,29
20615,1
20615,17
20615,6
20616,3
20617,2
20617,1
20618,9
20618,1
20618,13
20618,83
20619,9
20619,1
20619,5
20620,9
20620,1
20620,5
20621,2
20621,29
20622,3
20623,9
20623,83
20623,3
20623,111
20623,13
20623,6
20624,1
20624,5
20625,1
20625,5
20626,3
20627,3
20628,3
20629,9
20629,5
20630,40
20630,9
20630,29
20630,1
20630,17
20630,6
20631,2
20631,3
20631,1
20631,5
20632,3
20632,1
20632,5
20633,3
20634,3
20635,1
20635,4
20635,74
20635,75
20635,17
20636,9
20636,5
20637,9
20637,1
20638,9
20638,5
20639,40
20639,5
20640,3
20640,5
20641,4
20641,9
20641,1
20641,5
20642,1
20642,5
20643,3
20643,5
20644,4
20644,1
20644,6
20645,3
20646,3
20646,9
20646,5
20647,4
20647,1
20647,6
20648,4
20648,1
20648,6
20649,9
20649,316
20649,1
20649,4
20649,3
20649,5
20649,17
20649,6
20650,3
20651,2
20651,1
20652,29
20652,1
20652,5
20653,11
20653,5
20654,4
20654,9
20654,1
20654,5
20655,4
20655,1
20655,6
20656,3
20656,5
20657,5
20657,17
20657,13
20658,9
20658,316
20658,1
20658,4
20658,3
20658,5
20658,17
20658,6
20659,11
20659,5
20660,3
20660,1
20661,11
20661,5
20662,4
20662,1
20662,6
20663,9
20663,5
20664,3
20665,1
20665,5
20666,3
20667,3
20668,3
20669,11
20669,5
20670,3
20670,13
20671,9
20672,9
20672,5
20673,29
20673,1
20673,5
20674,29
20674,1
20674,5
20675,29
20675,9
20675,1
20676,9
20676,1
20677,29
20677,1
20678,9
20678,1
20678,83
20678,5
20678,6
20679,29
20679,1
20679,5
20679,13
20679,17
20680,4
20680,1
20680,6
20681,3
20682,9
20683,9
20683,1
20683,5
20684,9
20684,5
20685,3
20686,2
20686,29
20687,3
20688,9
20688,5
20689,3
20690,3
20691,3
20692,4
20692,1
20692,6
20693,3
20694,3
20694,5
20695,3
20695,5
20696,3
20696,1
20697,3
20697,9
20697,5
20698,3
20698,9
20698,5
20699,9
20699,83
20699,2
20699,3
20699,17
20700,3
20700,5
20701,9
20701,5
20702,5
20702,9
20702,1
20703,29
20703,1
20704,9
20704,5
20705,4
20705,3
20705,1
20705,5
20706,9
20706,83
20706,2
20706,3
20706,17
20707,40
20707,1
20707,5
20708,1
20708,5
20708,13
20709,40
20709,1
20709,3
20709,5
20709,6
20710,3
20710,5
20711,29
20711,1
20711,5
20712,3
20713,3
20714,9
20714,83
20714,2
20714,3
20714,17
20715,9
20715,83
20715,2
20715,3
20715,17
20716,29
20716,9
20716,1
20716,5
20717,1
20717,5
20717,13
20718,47
20718,29
20718,4
20718,3
20718,6
20719,3
20719,1
20719,5
20720,3
20720,1
20720,5
20721,29
20721,9
20721,1
20722,9
20722,1
20723,9
20723,29
20723,1
20723,56
20723,111
20723,17
20724,9
20724,1
20725,29
20725,9
20726,9
20726,1
20727,4
20727,40
20727,1
20727,75
20728,3
20728,161
20729,9
20729,1
20729,5
20730,9
20730,5
20731,29
20731,9
20731,1
20731,111
20732,2
20732,1
20733,9
20733,1
20733,5
20734,9
20734,1
20734,5
20735,9
20735,5
20736,4
20736,1
20736,6
20737,2
20737,3
20738,2
20738,29
20739,3
20739,11
20740,3
20740,11
20741,3
20742,3
20743,3
20743,161
20744,3
20744,1
20745,3
20746,29
20746,1
20747,3
20747,5
20748,2
20748,1
20749,2
20749,11
20749,5
20750,3
20751,9
20751,1
20751,5
20752,4
20752,9
20752,1
20752,5
20753,2
20753,29
20754,9
20754,5
20755,3
20755,5
20756,3
20756,5
20757,4
20757,1
20757,6
20758,9
20759,9
20760,3
20760,5
20761,1
20761,5
20762,9
20763,29
20763,5
20764,3
20765,2
20765,1
20766,1
20766,2
20766,3
20766,4
20766,5
20766,6
20767,3
20767,5
20768,4
20768,40
20768,1
20768,75
20769,4
20769,40
20769,1
20769,75
20770,5
20770,3
20770,9
20770,1
20771,29
20771,1
20772,3
20773,9
20773,83
20773,3
20773,111
20773,13
20773,6
20774,4
20774,1
20774,6
20775,4
20775,9
20775,1
20775,5
20776,4
20776,9
20776,1
20776,5
20777,4
20777,9
20777,1
20777,5
20778,4
20778,9
20778,1
20778,5
20779,1
20779,5
20780,29
20780,9
20781,11
20781,9
20781,12
20781,1
20781,2
20781,5
20781,13
20782,1
20782,4
20782,74
20782,75
20782,17
20783,1
20783,4
20783,74
20783,75
20783,17
20784,1
20784,4
20784,74
20784,75
20784,17
20785,9
20785,5
20786,1
20786,4
20786,74
20786,75
20786,17
20787,4
20787,9
20787,1
20787,5
20788,4
20788,1
20788,6
20789,4
20789,9
20789,1
20789,5
20790,1
20790,4
20790,74
20790,75
20790,17
20791,1
20791,4
20791,74
20791,75
20791,17
20792,1
20792,4
20792,74
20792,75
20792,17
20793,1
20793,4
20793,74
20793,75
20793,17
20794,4
20794,9
20794,1
20794,5
20795,1
20795,4
20795,74
20795,75
20795,17
20796,4
20796,1
20796,6
20797,4
20797,1
20797,6
20798,2
20798,3
20798,9
20798,5
20799,1
20799,4
20799,74
20799,75
20799,17
20800,2
20800,9
20800,5
20801,2
20801,9
20801,5
20802,1
20802,4
20802,74
20802,75
20802,17
20803,2
20803,9
20803,5
20804,2
20804,9
20804,5
20805,1
20805,4
20805,74
20805,75
20805,17
20806,9
20807,9
20808,9
20808,83
20808,3
20808,111
20808,13
20808,6
20809,4
20809,1
20809,6
20810,9
20810,83
20810,3
20810,111
20810,13
20810,6
20811,3
20811,5
20812,3
20812,5
20813,4
20813,1
20813,6
20814,4
20814,1
20814,6
20815,29
20815,9
20816,9
20816,5
20817,2
20817,3
20818,3
20818,161
20819,3
20819,11
20819,1
20819,5
20820,11
20820,3
20820,5
20821,2
20821,3
20822,3
20822,11
20822,1
20822,5
20823,11
20823,3
20823,5
20824,2
20824,3
20825,11
20825,3
20825,5
20826,3
20826,11
20826,1
20826,5
20827,2
20827,3
20828,9
20828,5
20829,3
20829,11
20829,1
20829,5
20830,11
20830,3
20830,5
20831,2
20831,3
20832,11
20832,3
20832,5
20833,2
20833,3
20834,2
20834,3
20835,11
20835,3
20835,5
20836,11
20836,3
20836,5
20837,3
20837,11
20837,1
20837,5
20838,3
20838,11
20838,1
20838,5
20839,2
20839,3
20840,3
20840,11
20840,1
20840,5
20841,3
20841,11
20841,1
20841,5
20842,3
20842,5
20843,2
20843,3
20843,9
20844,11
20844,3
20844,5
20845,13
20846,2
20846,3
20847,3
20847,11
20847,1
20847,5
20848,2
20848,3
20848,9
20849,11
20849,3
20849,5
20850,2
20850,3
20851,2
20851,1
20852,1
20852,5
20853,3
20853,11
20853,1
20853,5
20854,2
20854,1
20855,29
20855,5
20856,2
20856,3
20857,2
20857,3
20857,9
20858,11
20858,3
20858,5
20859,3
20859,11
20859,1
20859,5
20860,29
20860,1
20860,5
20860,13
20860,17
20861,11
20861,3
20861,5
20862,11
20862,3
20862,5
20863,3
20863,5
20864,3
20865,9
20865,1
20865,83
20865,5
20865,6
20866,11
20866,3
20866,5
20867,3
20867,13
20868,3
20869,3
20869,1
20869,5
20870,29
20870,6
20870,17
20870,83
20871,2
20871,3
20872,3
20872,11
20872,1
20872,5
20873,11
20873,3
20873,5
20874,2
20874,3
20874,9
20875,11
20875,3
20875,5
20876,2
20876,3
20876,9
20877,2
20877,3
20878,3
20878,11
20878,1
20878,5
20879,2
20879,3
20879,9
20880,11
20880,3
20880,5
20881,9
20881,1
20882,2
20882,3
20883,11
20883,3
20883,5
20884,3
20884,11
20884,1
20884,5
20885,166
20885,19
20886,1
20886,5
20886,13
20887,12
20887,3
20887,56
20887,5
20887,74
20887,17
20888,3
20888,11
20888,1
20888,5
20889,3
20889,5
20890,11
20890,3
20890,5
20891,2
20891,3
20892,2
20892,3
20892,9
20893,3
20893,11
20893,1
20893,5
20894,11
20894,3
20894,5
20895,2
20895,3
20895,9
20896,2
20896,3
20897,3
20897,11
20897,1
20897,5
20898,2
20898,3
20898,9
20899,11
20899,3
20899,5
20900,2
20900,3
20901,9
20901,5
20902,3
20902,11
20902,1
20902,5
20903,2
20903,3
20903,9
20904,11
20904,3
20904,5
20905,2
20905,3
20905,9
20906,17
20906,12
20906,9
20906,5
20907,4
20907,40
20907,1
20907,75
20908,4
20908,40
20908,1
20908,75
20909,40
20909,9
20909,29
20909,1
20909,2
20909,4
20909,56
20909,13
20909,6
20910,3
20911,1
20911,5
20912,3
20912,161
20913,1
20913,5
20914,3
20914,5
20915,3
20916,3
20916,1
20916,5
20917,4
20917,9
20917,1
20917,5
20918,3
20919,3
20920,9
20920,5
20921,3
20921,1
20921,5
20922,3
20923,3
20923,5
20924,9
20924,5
20925,29
20925,13
20925,6
20926,9
20926,5
20927,2
20927,1
20927,13
20928,9
20928,1
20928,83
20928,4
20928,2
20928,5
20928,17
20929,3
20930,29
20930,1
20930,5
20930,13
20930,17
20931,9
20931,316
20931,1
20931,4
20931,3
20931,5
20931,17
20931,6
20932,29
20932,1
20932,5
20933,29
20933,6
20933,17
20933,83
20934,29
20934,9
20934,1
20934,5
20935,3
20936,9
20936,5
20936,13
20937,3
20938,3
20938,5
20939,3
20940,3
20940,161
20941,3
20942,4
20942,9
20942,1
20942,5
20943,3
20943,1
20943,5
20944,1
20944,5
20945,1
20945,5
20946,3
20946,5
20947,3
20947,5
20948,3
20949,1
20949,5
20950,3
20951,3
20951,11
20952,3
20953,2
20953,1
20954,9
20954,1
20954,5
20955,4
20955,9
20955,1
20955,5
20956,2
20956,29
20957,3
20957,1
20957,5
20958,3
20959,11
20959,3
20959,5
20960,3
20960,5
20961,11
20961,5
20962,2
20962,1
20963,4
20963,9
20963,1
20963,5
20964,3
20965,3
20965,5
20966,1
20966,4
20966,74
20966,75
20966,17
20967,29
20967,9
20967,1
20968,3
20969,9
20969,5
20970,4
20970,1
20970,6
20971,3
20972,9
20972,83
20972,2
20972,3
20972,17
20973,4
20973,1
20973,6
20974,9
20975,29
20975,1
20976,4
20976,1
20976,6
20977,4
20977,9
20977,1
20977,5
20978,4
20978,9
20978,1
20978,5
20979,3
20979,5
20980,9
20980,5
20981,2
20981,1
20982,9
20983,9
20983,1
20984,3
20985,1
20985,5
20986,2
20986,1
20987,4
20987,1
20987,6
20988,3
20988,1
20988,5
20989,2
20989,1
20990,9
20990,1
20991,29
20991,9
20991,1
20992,3
20992,5
20993,9
20993,1
20994,4
20994,1
20994,6
20995,3
20995,5
20995,13
20995,6
20996,3
20996,9
20996,5
20997,4
20997,1
20997,6
20998,4
20998,1
20998,6
20999,3
20999,5
21000,9
21000,1
21001,3
21001,5
21002,4
21002,11
21002,1
21003,9
21003,5
21004,29
21004,9
21004,1
21005,9
21005,5
21006,29
21006,1
21006,5
21007,2
21007,3
21008,5
21008,1
21008,17
21008,13
21009,5
21009,1
21009,17
21009,13
21010,29
21010,1
21010,5
21011,2
21011,3
21012,2
21012,3
21013,29
21013,1
21013,5
21014,9
21014,5
21015,29
21015,1
21015,5
21016,3
21016,1
21016,5
21017,29
21017,1
21017,5
21018,3
21018,1
21018,5
21019,2
21019,3
21020,2
21020,3
21021,2
21021,3
21022,5
21022,1
21022,17
21022,13
21023,5
21023,1
21023,17
21023,13
21024,29
21024,1
21024,5
21025,29
21025,1
21025,5
21026,5
21026,1
21026,17
21026,13
21027,2
21027,3
21028,29
21028,1
21028,5
21029,5
21029,1
21029,17
21029,13
21030,29
21030,1
21030,5
21031,2
21031,3
21032,2
21032,3
21033,5
21033,1
21033,17
21033,13
21034,2
21034,3
21035,5
21035,1
21035,17
21035,13
21036,5
21036,1
21036,17
21036,13
21037,29
21037,1
21037,5
21038,29
21038,1
21038,5
21039,2
21039,3
21040,29
21040,1
21040,5
21041,5
21041,1
21041,17
21041,13
21042,2
21042,3
21043,29
21043,1
21043,5
21044,5
21044,1
21044,17
21044,13
21045,29
21045,1
21045,5
21046,2
21046,3
21047,2
21047,3
21048,5
21048,1
21048,17
21048,13
21049,5
21049,1
21049,17
21049,13
21050,29
21050,1
21050,5
21051,29
21051,1
21051,5
21052,29
21052,1
21052,5
21053,2
21053,3
21054,29
21054,1
21054,5
21055,2
21055,3
21056,19
21057,29
21057,1
21057,5
21058,5
21058,1
21058,17
21058,13
21059,19
21060,2
21060,3
21061,29
21061,1
21061,5
21062,19
21063,2
21063,3
21064,29
21064,1
21064,5
21065,19
21066,5
21066,1
21066,17
21066,13
21067,19
21068,29
21068,1
21068,5
21069,29
21069,1
21069,5
21070,2
21070,3
21071,19
21072,29
21072,1
21072,5
21073,2
21073,3
21074,5
21074,1
21074,17
21074,13
21075,19
21076,2
21076,3
21077,29
21077,1
21077,5
21078,9
21078,1
21078,83
21078,5
21078,13
21078,17
21079,19
21080,1
21080,5
21081,29
21081,1
21081,5
21082,2
21082,3
21083,19
21084,29
21084,1
21084,5
21085,2
21085,3
21086,19
21087,29
21087,1
21087,5
21088,2
21088,3
21089,5
21089,1
21089,17
21089,13
21090,19
21091,29
21091,1
21091,5
21092,2
21092,3
21093,5
21093,1
21093,17
21093,13
21094,29
21094,1
21094,5
21095,2
21095,3
21096,19
21097,29
21097,1
21097,5
21098,9
21098,1
21098,83
21098,5
21098,13
21098,17
21099,1
21099,5
21100,3
21100,5
21101,2
21101,29
21102,3
21103,3
21104,3
21104,13
21104,6
21105,2
21105,1
21106,3
21107,4
21107,1
21107,6
21108,3
21109,3
21109,161
21110,3
21111,3
21111,161
21112,29
21112,9
21112,1
21113,4
21113,1
21113,6
21114,166
21114,19
21115,29
21115,9
21115,1
21116,3
21117,9
21117,1
21118,29
21118,9
21118,1
21119,29
21119,1
21120,13
21120,6
21121,166
21121,19
21122,166
21122,19
21123,166
21123,19
21124,47
21124,29
21124,4
21124,3
21124,6
21125,29
21125,9
21125,1
21125,5
21126,9
21126,13
21127,3
21127,161
21128,3
21128,13
21129,9
21129,5
21130,9
21130,5
21131,9
21131,5
21132,9
21132,5
21133,3
21134,3
21134,161
21135,29
21135,1
21135,5
21136,3
21136,9
21136,5
21136,13
21137,9
21137,5
21138,4
21138,11
21138,1
21139,9
21139,1
21139,83
21139,5
21139,13
21139,17
21140,9
21140,5
21141,29
21141,9
21141,1
21142,9
21142,5
21143,9
21143,5
21144,9
21144,1
21145,3
21145,9
21145,5
21146,3
21147,9
21147,5
21148,9
21148,5
21149,3
21150,29
21150,5
21151,29
21151,5
21152,3
21153,3
21154,3
21154,5
21155,3
21155,5
21156,29
21156,5
21157,3
21158,3
21158,5
21159,3
21160,3
21161,29
21161,5
21162,3
21163,3
21163,5
21164,3
21165,3
21166,29
21166,5
21167,3
21167,5
21168,29
21168,5
21169,3
21170,3
21171,3
21171,5
21172,3
21173,3
21174,29
21174,5
21175,3
21176,3
21177,29
21177,5
21178,3
21178,5
21179,3
21180,3
21181,29
21181,5
21182,3
21183,3
21184,29
21184,5
21185,29
21185,5
21186,3
21187,3
21188,3
21189,3
21190,29
21190,5
21191,3
21192,4
21192,11
21192,1
21193,3
21194,29
21194,5
21195,29
21195,5
21196,3
21197,3
21198,9
21198,5
21199,29
21199,5
21200,3
21201,3
21202,29
21202,5
21203,3
21204,3
21205,3
21206,3
21207,29
21207,5
21208,3
21209,3
21209,5
21210,29
21210,5
21211,3
21212,3
21213,3
21214,3
21215,29
21215,5
21216,3
21217,3
21218,3
21219,29
21219,5
21220,29
21220,5
21221,3
21222,3
21223,3
21224,3
21225,2
21225,3
21226,3
21226,5
21227,29
21227,9
21227,1
21228,9
21229,9
21229,5
21230,3
21230,5
21231,166
21231,19
21232,166
21232,19
21233,3
21233,5
21234,3
21234,5
21235,9
21235,1
21235,4
21235,56
21235,6
21236,166
21236,19
21237,9
21237,5
21238,29
21238,1
21239,40
21239,9
21239,29
21239,1
21239,17
21239,6
21240,9
21240,29
21240,1
21240,56
21240,111
21240,17
21241,3
21241,5
21242,3
21242,1
21242,5
21243,4
21243,40
21243,1
21243,75
21244,4
21244,1
21244,6
21245,4
21245,11
21245,1
21246,9
21246,5
21247,29
21247,1
21248,9
21248,5
21249,9
21249,5
21250,9
21250,5
21251,3
21251,161
21252,9
21252,5
21253,4
21253,9
21253,1
21253,5
21254,4
21254,9
21254,1
21254,5
21255,9
21255,1
21256,3
21256,9
21256,5
21256,13
21257,3
21257,5
21258,9
21258,1
21258,4
21258,56
21258,6
21259,3
21259,9
21259,5
21259,13
21260,3
21260,9
21260,5
21261,3
21261,5
21262,9
21262,5
21262,13
21263,1
21263,5
21264,1
21264,5
21265,29
21265,5
21266,3
21266,5
21267,4
21267,9
21267,1
21267,5
21268,3
21268,161
21269,3
21269,161
21270,29
21270,9
21270,1
21271,3
21271,5
21271,13
21272,40
21272,9
21272,29
21272,1
21272,2
21272,4
21272,56
21272,13
21272,6
21273,29
21273,13
21273,6
21274,4
21274,40
21274,1
21274,75
21275,9
21275,5
21276,3
21277,1
21277,5
21278,3
21279,3
21279,161
21280,4
21280,1
21280,6
21281,3
21281,5
21282,29
21282,1
21283,9
21283,5
21284,9
21284,5
21285,3
21285,161
21286,317
21286,2
21286,5
21286,4
21287,29
21287,1
21288,40
21288,9
21288,29
21288,1
21288,17
21288,6
21289,3
21290,3
21290,1
21290,5
21291,3
21292,1
21292,5
21293,2
21293,1
21294,3
21294,5
21295,3
21295,9
21295,5
21296,166
21296,19
21297,11
21297,3
21297,5
21298,3
21298,11
21299,166
21299,19
21300,3
21300,11
21301,3
21301,19
21302,3
21302,19
21303,3
21303,5
21304,40
21304,9
21304,29
21304,1
21304,17
21304,6
21305,3
21305,5
21306,3
21306,19
21307,5
21307,17
21307,13
21308,5
21308,17
21308,13
21309,9
21309,1
21309,13
21309,83
21310,9
21310,5
21310,13
21311,47
21311,1
21311,3
21311,56
21311,5
21312,3
21313,3
21314,3
21314,5
21314,13
21314,6
21315,4
21315,9
21315,1
21315,5
21316,3
21317,9
21317,1
21317,5
21318,2
21318,29
21319,3
21320,3
21321,9
21321,1
21321,5
21321,13
21322,9
21322,5
21323,4
21323,1
21323,6
21324,3
21324,1
21324,5
21325,3
21326,5
21327,3
21327,5
21328,9
21328,5
21329,3
21330,3
21331,3
21332,3
21332,9
21332,1
21332,5
21333,4
21333,5
21334,29
21334,1
21335,29
21335,1
21335,5
21336,3
21336,9
21336,5
21336,13
21337,3
21338,4
21338,1
21338,6
21339,3
21339,19
21340,3
21340,19
21341,9
21342,11
21342,3
21343,3
21343,1
21343,5
21344,9
21344,83
21344,2
21344,3
21344,17
21345,3
21345,1
21346,9
21346,5
21347,3
21347,5
21348,9
21348,5
21349,3
21349,5
21350,29
21350,9
21350,1
21350,111
21351,29
21351,9
21351,1
21351,111
21352,3
21352,5
21353,3
21353,5
21354,9
21354,5
21355,3
21355,5
21356,3
21356,5
21357,29
21357,1
21358,3
21359,9
21359,5
21360,9
21360,5
21361,9
21361,5
21362,3
21362,5
21363,9
21363,5
21364,5
21364,3
21364,9
21364,1
21365,9
21365,5
21366,9
21366,5
21367,3
21367,13
21368,47
21368,29
21368,4
21368,3
21368,6
21369,1
21369,5
21369,13
21370,3
21371,9
21371,5
21372,29
21372,9
21372,1
21372,111
21373,9
21373,1
21374,9
21374,5
21375,3
21375,9
21375,5
21376,3
21376,5
21377,2
21377,1
21378,1
21378,5
21379,3
21380,9
21380,5
21381,9
21381,1
21381,5
21382,2
21382,29
21383,29
21383,1
21383,5
21384,9
21384,83
21384,2
21384,3
21384,17
21385,9
21385,5
21386,4
21386,9
21386,1
21386,5
21387,4
21387,1
21387,6
21388,3
21388,5
21389,3
21389,1
21390,29
21390,1
21391,9
21391,83
21391,2
21391,3
21391,17
21392,5
21392,9
21392,1
21393,3
21393,161
21394,47
21394,316
21394,1
21394,83
21394,6
21395,47
21395,316
21395,1
21395,83
21395,6
21396,3
21397,9
21397,83
21397,2
21397,3
21397,17
21398,166
21398,19
21399,9
21399,83
21399,2
21399,3
21399,17
21400,2
21400,1
21401,3
21402,9
21402,1
21402,5
21403,4
21403,9
21403,1
21403,5
21404,2
21404,29
21405,29
21405,9
21405,1
21405,111
21406,3
21407,4
21407,9
21407,1
21407,5
21408,3
21409,4
21409,1
21409,6
21410,4
21410,1
21410,6
21411,3
21412,3
21413,4
21413,1
21413,6
21414,3
21415,3
21416,3
21417,3
21418,3
21419,3
21419,9
21419,1
21420,9
21420,83
21420,2
21420,3
21420,17
21421,29
21421,1
21421,5
21422,9
21422,83
21422,3
21422,111
21422,13
21422,6
21423,9
21423,83
21423,2
21423,3
21423,17
21424,9
21424,83
21424,2
21424,3
21424,17
21425,166
21425,19
21426,4
21426,1
21426,6
21427,3
21427,1
21427,5
21428,1
21428,5
21429,9
21429,83
21429,3
21429,111
21429,13
21429,6
21430,9
21430,5
21431,9
21431,1
21432,5
21432,9
21432,1
21433,29
21433,9
21433,1
21433,111
21434,29
21434,1
21434,5
21435,9
21435,1
21436,9
21436,83
21436,3
21436,111
21436,13
21436,6
21437,9
21437,1
21437,5
21438,1
21438,317
21438,3
21438,5
21438,13
21439,83
21439,4
21439,56
21439,13
21439,17
21440,3
21441,2
21441,1
21442,3
21442,1
21442,5
21443,9
21443,5
21444,2
21444,1
21445,3
21445,13
21446,9
21446,1
21446,5
21447,3
21447,1
21447,5
21448,56
21448,5
21448,13
21449,40
21449,9
21449,29
21449,1
21449,17
21449,6
21450,3
21450,5
21451,3
21452,3
21452,5
21453,3
21453,5
21453,13
21454,3
21455,2
21455,11
21455,5
21455,13
21456,29
21456,1
21456,5
21457,29
21457,9
21457,1
21458,3
21458,5
21459,9
21459,1
21459,5
21460,29
21460,9
21460,1
21461,29
21461,9
21462,40
21462,1
21462,5
21463,9
21463,1
21463,83
21463,5
21463,13
21463,17
21464,9
21465,3
21466,9
21466,5
21467,9
21467,5
21468,9
21468,5
21469,2
21469,29
21470,3
21470,5
21471,3
21471,9
21471,5
21472,29
21472,1
21472,5
21472,13
21472,17
21473,3
21473,5
21474,3
21474,1
21475,3
21475,5
21476,4
21476,11
21476,1
21477,9
21477,5
21478,9
21478,5
21479,29
21479,9
21480,3
21480,9
21480,5
21481,3
21481,13
21482,1
21482,5
21483,1
21483,5
21484,3
21484,9
21484,1
21484,5
21485,1
21485,5
21486,1
21486,5
21487,1
21487,5
21488,1
21488,5
21489,1
21489,5
21490,4
21490,1
21490,6
21491,11
21491,3
21491,5
21492,3
21492,5
21493,29
21493,47
21493,75
21494,3
21494,5
21495,1
21495,5
21496,11
21496,3
21496,5
21497,2
21497,1
21498,4
21498,1
21498,6
21499,29
21499,1
21500,3
21501,9
21501,83
21501,2
21501,3
21501,17
21502,3
21503,9
21503,5
21504,3
21504,161
21505,2
21505,29
21506,4
21506,1
21506,6
21507,9
21507,1
21507,83
21507,5
21507,6
21508,9
21509,9
21509,5
21510,29
21510,1
21510,5
21510,13
21510,17
21511,3
21511,13
21512,3
21512,5
21513,3
21513,1
21514,29
21514,9
21515,1
21515,5
21516,1
21516,5
21517,47
21517,29
21517,4
21517,3
21517,6
21518,9
21518,83
21518,2
21518,3
21518,17
21519,47
21519,29
21519,4
21519,3
21519,6
21520,3
21520,1
21520,5
21521,9
21521,5
21522,2
21522,1
21523,3
21523,5
21524,3
21524,5
21525,29
21525,9
21525,1
21526,2
21526,29
21527,3
21528,11
21528,5
21529,47
21529,29
21529,4
21529,3
21529,6
21530,2
21530,3
21531,3
21532,3
21533,2
21533,1
21534,2
21534,3
21535,2
21535,3
21536,3
21536,5
21537,19
21538,5
21538,1
21538,17
21538,13
21539,5
21539,1
21539,17
21539,13
21540,3
21540,13
21541,9
21541,5
21542,9
21542,1
21542,83
21542,5
21542,13
21542,17
21543,3
21543,5
21544,11
21544,5
21545,5
21545,1
21545,17
21545,13
21546,3
21547,4
21547,1
21548,3
21549,3
21549,9
21549,1
21549,5
21550,3
21550,1
21550,5
21551,2
21551,1
21552,9
21552,1
21553,3
21553,5
21554,2
21554,3
21554,1
21554,5
21555,29
21555,5
21556,9
21556,1
21556,5
21557,2
21557,9
21557,1
21557,5
21558,4
21558,1
21558,6
21559,1
21559,5
21560,3
21561,2
21561,1
21562,1
21562,5
21563,3
21564,9
21564,1
21565,9
21565,5
21566,2
21566,1
21567,3
21567,1
21567,5
21568,3
21569,40
21569,9
21569,29
21569,1
21569,17
21569,6
21570,4
21570,11
21570,1
21571,166
21571,19
21572,3
21572,5
21573,9
21573,5
21574,2
21574,9
21574,1
21574,5
21575,3
21575,5
21576,4
21576,11
21576,1
21577,3
21578,3
21578,161
21579,3
21580,3
21581,9
21581,29
21581,1
21581,56
21581,111
21581,17
21582,316
21582,29
21582,1
21582,4
21582,17
21583,1
21583,5
21584,3
21584,1
21584,5
21585,3
21585,5
21586,3
21586,5
21587,3
21587,1
21587,5
21588,3
21589,3
21589,5
21590,29
21590,5
21591,3
21591,5
21592,3
21593,3
21593,5
21594,3
21594,5
21595,9
21595,1
21596,9
21596,5
21597,9
21597,1
21597,4
21597,56
21597,6
21598,29
21598,9
21598,1
21599,9
21599,5
21600,3
21601,3
21602,3
21603,9
21603,5
21604,3
21604,5
21605,3
21605,13
21606,9
21606,13
21607,9
21607,5
21608,9
21608,5
21609,3
21609,9
21609,5
21610,9
21610,5
21611,9
21611,5
21612,9
21612,5
21613,9
21613,5
21614,3
21615,1
21615,5
21616,29
21616,1
21617,29
21617,5
21618,3
21618,5
21619,3
21620,3
21620,5
21621,3
21622,3
21622,5
21623,9
21623,5
21624,9
21624,5
21625,3
21625,9
21625,5
21625,13
21626,9
21626,5
21627,2
21627,11
21627,5
21628,3
21628,5
21629,2
21629,3
21629,9
21629,5
21630,9
21630,5
21631,9
21631,1
21631,83
21631,5
21631,13
21631,17
21632,9
21632,1
21632,4
21632,56
21632,6
21633,29
21633,9
21633,1
21634,3
21634,5
21635,9
21635,5
21636,3
21637,166
21637,19
21638,9
21638,5
21639,9
21639,1
21639,4
21639,56
21639,6
21640,9
21640,5
21641,4
21641,11
21641,1
21642,3
21642,5
21643,3
21643,5
21644,9
21644,1
21644,4
21644,56
21644,6
21645,9
21645,5
21646,3
21646,5
21647,9
21647,5
21648,4
21648,11
21648,1
21649,4
21649,11
21649,1
21650,29
21650,1
21651,4
21651,11
21651,1
21652,3
21652,5
21653,3
21653,9
21653,5
21654,9
21654,13
21655,29
21655,1
21656,9
21656,5
21657,9
21657,5
21658,9
21658,5
21659,4
21659,11
21659,1
21660,3
21660,5
21661,3
21661,5
21662,3
21662,19
21663,2
21663,1
21664,3
21665,1
21665,5
21666,9
21667,3
21668,2
21668,1
21669,2
21669,1
21670,1
21670,5
21671,9
21671,5
21672,3
21672,5
21673,9
21673,5
21674,2
21674,3
21674,9
21674,5
21675,9
21675,1
21675,5
21676,4
21676,9
21676,1
21676,5
21677,3
21678,3
21679,3
21680,2
21680,29
21681,3
21681,9
21681,1
21682,3
21682,1
21683,40
21683,1
21683,5
21684,12
21684,3
21684,56
21684,5
21684,74
21684,17
21685,3
21685,1
21685,5
21686,3
21687,3
21687,5
21688,9
21689,2
21689,3
21690,9
21690,1
21691,2
21691,29
21692,3
21692,161
21693,3
21693,1
21693,5
21694,166
21694,19
21695,3
21696,166
21696,19
21697,4
21697,1
21697,6
21698,166
21698,19
21699,2
21699,3
21700,9
21700,83
21700,2
21700,3
21700,17
21701,29
21701,5
21702,2
21702,3
21703,3
21703,1
21704,2
21704,3
21705,2
21705,3
21706,2
21706,3
21707,2
21707,3
21708,9
21708,1
21709,2
21709,3
21710,2
21710,3
21711,3
21712,9
21712,1
21713,29
21713,1
21713,5
21714,9
21714,5
21715,9
21715,1
21715,5
21716,3
21717,29
21717,1
21717,5
21718,2
21718,3
21718,1
21718,5
21719,1
21719,2
21719,3
21719,4
21719,5
21719,6
21720,9
21720,1
21720,5
21721,3
21721,9
21721,1
21721,5
21722,9
21722,1
21722,5
21723,1
21723,5
21724,2
21724,3
21724,5
21725,3
21725,5
21726,3
21726,5
21727,3
21727,5
21728,9
21728,5
21729,3
21729,9
21729,1
21729,5
21730,2
21730,1
21731,2
21731,3
21731,5
21732,3
21732,5
21733,2
21733,1
21734,9
21734,83
21734,3
21734,111
21734,13
21734,6
21735,3
21736,5
21736,17
21736,13
21737,9
21737,1
21737,5
21738,3
21738,1
21738,5
21739,3
21739,5
21740,9
21740,5
21741,4
21741,9
21741,1
21741,5
21742,2
21742,3
21742,9
21742,5
21743,3
21744,3
21744,5
21745,2
21745,29
21746,11
21746,5
21747,9
21747,5
21748,11
21748,3
21748,5
21749,11
21749,3
21749,5
21750,3
21751,29
21751,1
21751,5
21752,29
21752,13
21752,6
21753,9
21753,5
21754,3
21754,9
21754,5
21755,3
21755,13
21756,3
21756,5
21757,3
21758,9
21758,1
21758,5
21759,29
21759,1
21759,5
21760,2
21760,29
21761,29
21761,9
21761,1
21762,47
21762,29
21762,4
21762,3
21762,6
21763,3
21763,13
21764,3
21764,161
21765,47
21765,83
21765,2
21765,13
21765,17
21765,6
21766,9
21766,5
21767,9
21767,29
21767,1
21767,317
21767,5
21768,3
21768,5
21769,1
21769,5
21770,29
21770,9
21770,1
21771,3
21771,9
21771,1
21771,5
21772,3
21773,3
21773,5
21773,13
21774,2
21774,1
21775,2
21775,9
21775,5
21776,1
21776,5
21777,9
21778,1
21778,5
21779,9
21780,9
21781,9
21781,5
21782,3
21783,2
21783,1
21784,3
21784,5
21785,29
21785,9
21785,1
21786,9
21787,1
21787,5
21788,9
21788,1
21789,3
21790,2
21790,1
21791,3
21791,5
21792,29
21792,1
21792,5
21793,2
21793,1
21794,40
21794,5
21795,1
21795,5
21796,3
21796,9
21796,5
21797,3
21797,5
21798,4
21798,11
21798,1
21799,11
21799,5
21800,3
21800,5
21801,9
21801,5
21802,3
21802,9
21802,5
21802,13
21803,9
21803,5
21804,9
21804,5
21805,9
21805,5
21806,9
21806,5
21807,3
21808,2
21808,1
21809,3
21810,3
21811,3
21812,3
21813,9
21813,5
21814,3
21815,3
21816,3
21817,3
21818,3
21819,3
21820,3
21821,3
21822,19
21823,19
21824,9
21824,1
21825,3
21825,1
21825,5
21826,3
21826,5
21827,19
21828,5
21828,1
21828,17
21828,13
21829,19
21830,19
21831,19
21832,29
21832,9
21832,1
21833,29
21833,9
21833,1
21834,3
21834,5
21835,9
21836,1
21836,5
21837,9
21837,1
21837,5
21838,4
21838,9
21838,1
21838,5
21839,9
21839,5
21840,4
21840,11
21840,1
21841,2
21841,1
21842,3
21843,3
21843,5
21844,3
21844,5
21845,3
21845,5
21846,40
21846,5
21847,5
21847,17
21847,13
21848,1
21848,5
21849,3
21850,2
21850,1
21851,4
21851,9
21851,1
21851,5
21852,3
21852,5
21853,4
21853,11
21853,1
21854,3
21854,5
21855,3
21856,40
21856,5
21857,40
21857,5
21858,1
21858,5
21859,3
21859,1
21859,5
21860,4
21860,9
21860,1
21860,5
21861,9
21861,5
21862,5
21862,1
21862,17
21862,13
21863,2
21863,1
21864,9
21864,13
21865,9
21866,9
21867,3
21867,5
21868,4
21868,11
21868,1
21869,1
21869,5
21870,5
21870,17
21870,13
21871,4
21871,9
21871,1
21871,5
21872,4
21872,11
21872,1
21873,3
21874,2
21874,1
21875,3
21875,5
21876,2
21876,1
21877,9
21877,1
21877,4
21877,56
21877,6
21878,3
21879,9
21879,5
21880,3
21880,161
21881,3
21881,5
21882,47
21882,1
21882,3
21882,56
21882,5
21883,3
21883,9
21883,5
21883,13
21884,9
21884,1
21884,4
21884,56
21884,6
21885,9
21885,5
21886,3
21886,13
21887,3
21887,161
21888,9
21888,5
21889,4
21889,11
21889,1
21890,29
21890,9
21890,1
21891,3
21892,9
21892,1
21893,3
21893,5
21894,9
21894,5
21895,29
21895,9
21895,1
21896,3
21896,5
21897,3
21898,3
21899,3
21900,9
21900,1
21900,4
21900,56
21900,6
21901,9
21901,5
21902,3
21902,5
21902,6
21903,166
21903,19
21904,3
21905,3
21906,3
21906,5
21907,9
21907,5
21908,3
21908,5
21909,3
21910,2
21910,3
21911,3
21911,161
21912,317
21912,2
21912,5
21912,4
21913,9
21913,1
21914,3
21914,5
21915,9
21915,5
21915,13
21916,4
21916,11
21916,1
21917,9
21917,5
21918,1
21918,5
21919,2
21919,9
21919,1
21919,5
21920,40
21920,9
21920,29
21920,1
21920,17
21920,6
21921,9
21921,5
21922,3
21922,5
21923,29
21923,1
21923,5
21924,3
21925,29
21925,9
21925,1
21926,3
21927,3
21928,29
21928,9
21928,1
21929,3
21930,3
21930,9
21930,5
21930,13
21931,9
21931,1
21931,4
21931,56
21931,6
21932,3
21932,5
21933,29
21933,9
21933,1
21934,9
21934,5
21935,3
21935,5
21936,3
21936,5
21937,4
21937,11
21937,1
21938,4
21938,1
21938,6
21939,29
21939,9
21940,3
21940,5
21941,9
21941,5
21942,9
21942,5
21943,3
21944,4
21944,11
21944,1
21945,3
21946,29
21946,9
21947,4
21947,1
21947,6
21948,4
21948,9
21948,1
21948,5
21949,4
21949,9
21949,1
21949,5
21950,4
21950,9
21950,1
21950,5
21951,4
21951,9
21951,1
21951,5
21952,29
21952,17
21953,2
21953,3
21954,3
21954,161
21955,29
21955,1
21956,29
21956,6
21956,17
21956,83
21957,3
21957,9
21957,5
21957,13
21958,3
21958,9
21958,1
21958,5
21959,29
21959,1
21960,29
21960,1
21961,3
21961,1
21962,3
21962,5
21963,29
21963,9
21963,1
21964,3
21964,5
21965,1
21965,4
21965,74
21965,75
21965,17
21966,9
21966,5
21966,13
21967,9
21967,5
21967,13
21968,9
21968,5
21968,13
21969,3
21969,5
21970,4
21970,11
21970,1
21971,3
21972,2
21972,29
21973,5
21973,9
21973,1
21974,3
21974,161
21975,9
21975,5
21976,3
21976,13
21977,3
21977,13
21978,3
21979,29
21979,9
21979,1
21980,5
21980,3
21980,9
21980,1
21981,3
21981,13
21982,3
21982,11
21983,3
21983,11
21984,4
21984,40
21984,1
21984,75
21985,1
21985,13
21986,3
21986,1
21986,5
21987,9
21987,1
21988,3
21988,13
21989,3
21990,3
21990,13
21991,9
21991,5
21992,9
21992,83
21992,2
21992,3
21992,17
21993,2
21993,3
21993,5
21994,1
21994,5
21995,3
21996,9
21997,4
21997,9
21997,1
21997,5
21998,3
21999,3
22000,2
22000,29
22001,9
22001,5
22002,3
22002,1
22002,5
22003,29
22003,1
22003,5
22004,3
22004,19
22005,9
22005,5
22006,3
22006,5
22006,13
22007,40
22007,1
22007,3
22007,5
22007,6
22008,3
22008,161
22009,3
22009,5
22010,3
22010,5
22011,3
22011,1
22011,5
22012,3
22013,2
22013,3
22014,2
22014,29
22015,3
22015,1
22015,5
22016,2
22016,1
22017,2
22017,9
22018,9
22018,1
22019,3
22020,3
22020,5
22021,9
22021,5
22022,40
22022,9
22022,29
22022,1
22022,17
22022,6
22023,40
22023,9
22023,29
22023,1
22023,2
22023,4
22023,56
22023,13
22023,6
22024,40
22024,9
22024,29
22024,1
22024,17
22024,6
22025,1
22025,5
22026,3
22027,29
22027,1
22027,5
22028,9
22029,3
22029,5
22030,2
22030,3
22030,1
22030,5
22031,11
22031,9
22031,1
22031,3
22031,5
22031,17
22031,6
22032,4
22032,1
22032,6
22033,9
22033,5
22033,13
22034,29
22034,9
22035,9
22035,5
22035,13
22036,9
22036,5
22037,2
22037,1
22038,9
22038,5
22039,3
22040,2
22040,1
22041,3
22041,161
22042,9
22042,1
22042,5
22043,9
22043,1
22043,5
22044,9
22044,5
22045,1
22045,5
22046,9
22046,83
22046,3
22046,111
22046,13
22046,6
22047,9
22048,2
22048,1
22049,2
22049,3
22050,3
22051,5
22052,4
22052,9
22052,1
22052,5
22053,5
22053,17
22053,13
22054,11
22054,3
22054,5
22055,40
22055,9
22055,29
22055,1
22055,2
22055,4
22055,56
22055,13
22055,6
22056,3
22057,2
22057,1
22058,29
22058,9
22058,1
22058,5
22059,9
22060,3
22060,5
22061,9
22062,2
22062,29
22063,5
22063,9
22063,1
22064,3
22065,3
22065,9
22065,5
22066,3
22066,1
22066,5
22067,3
22068,2
22068,1
22069,3
22070,9
22070,1
22070,5
22071,1
22071,5
22072,2
22072,3
22072,1
22072,5
22073,3
22074,3
22074,1
22074,5
22075,2
22075,1
22076,3
22077,2
22077,1
22078,40
22078,9
22078,29
22078,1
22078,2
22078,4
22078,56
22078,13
22078,6
22079,4
22079,1
22079,6
22080,29
22080,13
22080,6
22081,3
22082,9
22082,5
22083,166
22083,19
22084,9
22084,83
22084,2
22084,3
22084,17
22085,5
22085,9
22085,1
22086,9
22086,1
22087,3
22088,2
22088,1
22089,3
22089,5
22090,1
22090,5
22091,29
22091,9
22092,3
22092,9
22092,5
22093,9
22093,5
22094,3
22095,9
22095,5
22096,9
22096,1
22096,6
22097,29
22097,47
22097,75
22098,11
22098,5
22099,1
22099,2
22099,3
22099,4
22099,5
22099,6
22100,1
22100,2
22100,3
22100,4
22100,5
22100,6
22101,9
22101,5
22102,3
22102,5
22103,3
22103,161
22104,40
22104,9
22104,29
22104,1
22104,2
22104,4
22104,56
22104,13
22104,6
22105,9
22105,1
22105,4
22105,56
22105,6
22106,3
22107,4
22107,1
22107,6
22108,4
22108,1
22108,6
22109,29
22109,13
22109,6
22110,9
22110,5
22111,3
22112,3
22113,40
22113,1
22113,5
22114,2
22114,3
22115,2
22115,3
22116,2
22116,3
22117,2
22117,3
22118,3
22119,29
22119,1
22120,1
22120,5
22121,3
22122,5
22122,17
22122,13
22123,5
22123,17
22123,13
22124,3
22124,9
22124,5
22125,2
22125,3
22126,1
22126,17
22127,5
22128,1
22128,17
22129,3
22129,1
22129,5
22130,3
22131,3
22131,5
22132,3
22132,5
22133,3
22133,1
22133,5
22134,9
22134,5
22135,1
22135,2
22135,3
22135,4
22135,5
22135,6
22136,3
22136,5
22137,3
22137,1
22138,40
22138,9
22138,29
22138,1
22138,2
22138,4
22138,56
22138,13
22138,6
22139,29
22139,9
22139,1
22140,40
22140,9
22140,29
22140,1
22140,2
22140,4
22140,56
22140,13
22140,6
22141,9
22142,9
22142,1
22142,5
22142,13
22143,3
22143,9
22143,5
22144,9
22144,5
22145,3
22146,3
22147,4
22147,11
22147,1
22148,3
22148,5
22149,1
22149,5
22150,1
22150,5
22151,3
22151,9
22151,5
22152,3
22153,2
22153,1
22154,11
22154,3
22155,9
22155,5
22156,29
22156,13
22156,6
22157,3
22157,5
22158,29
22158,13
22158,6
22159,3
22159,5
22160,9
22161,2
22161,29
22162,3
22163,2
22163,1
22164,3
22164,5
22165,2
22165,3
22165,9
22165,5
22166,3
22166,5
22167,1
22167,5
22168,2
22168,1
22169,3
22170,3
22170,1
22170,5
22171,11
22171,3
22171,5
22172,9
22172,316
22172,1
22172,4
22172,3
22172,5
22172,17
22172,6
22173,11
22173,3
22173,5
22174,3
22174,5
22175,11
22175,3
22176,5
22177,1
22177,5
22178,3
22178,5
22179,3
22179,5
22180,19
22181,19
22182,19
22183,19
22184,29
22184,1
22184,5
22185,19
22186,19
22187,19
22188,9
22188,5
22189,19
22190,19
22191,2
22191,3
22192,19
22193,2
22193,3
22194,2
22194,3
22195,19
22196,2
22196,29
22197,3
22197,5
22198,3
22198,9
22198,1
22198,5
22199,9
22199,5
22200,9
22200,5
22201,3
22201,1
22201,5
22202,3
22202,5
22203,9
22203,1
22203,4
22203,56
22203,6
22204,9
22204,5
22205,3
22205,5
22206,9
22206,1
22206,4
22206,56
22206,6
22207,3
22207,5
22208,9
22208,1
22208,4
22208,56
22208,6
22209,3
22209,5
22210,9
22210,1
22210,4
22210,56
22210,6
22211,3
22211,5
22212,9
22212,1
22212,4
22212,56
22212,6
22213,3
22213,5
22214,29
22214,9
22215,29
22215,9
22216,29
22216,9
22217,9
22217,1
22217,4
22217,56
22217,6
22218,4
22218,1
22218,6
22219,4
22219,1
22219,6
22220,4
22220,1
22220,6
22221,1
22221,5
22222,2
22222,3
22222,9
22222,5
22223,3
22224,29
22224,9
22225,29
22225,9
22226,29
22226,9
22227,4
22227,1
22227,6
22228,9
22228,5
22229,4
22229,1
22229,6
22230,4
22230,1
22230,6
22231,2
22231,3
22231,9
22231,5
22232,1
22232,5
22233,3
22233,9
22233,1
22234,83
22234,3
22234,5
22234,74
22234,13
22235,83
22235,3
22235,5
22235,74
22235,13
22236,9
22236,1
22236,5
22236,13
22237,83
22237,3
22237,5
22237,74
22237,13
22238,9
22238,1
22238,5
22238,13
22239,9
22239,1
22239,5
22239,13
22240,3
22240,161
22241,2
22241,3
22241,9
22241,5
22242,3
22243,4
22243,11
22243,1
22244,3
22244,161
22245,9
22245,1
22245,4
22245,56
22245,6
22246,40
22246,9
22246,29
22246,1
22246,17
22246,6
22247,29
22247,1
22248,29
22248,1
22249,316
22249,29
22249,1
22249,4
22249,17
22250,9
22250,5
22251,9
22251,1
22251,4
22251,56
22251,6
22252,29
22252,9
22252,1
22253,9
22253,5
22254,166
22254,19
22255,1
22255,5
22256,11
22256,3
22256,5
22257,3
22258,9
22258,5
22259,9
22259,5
22260,29
22260,6
22260,17
22260,83
22261,9
22261,1
22261,5
22262,3
22262,9
22262,1
22262,5
22263,4
22263,9
22263,1
22263,5
22264,3
22264,5
22265,3
22266,29
22266,9
22266,1
22267,3
22267,5
22268,4
22268,11
22268,1
22269,3
22269,5
22270,9
22270,1
22270,4
22270,56
22270,6
22271,9
22271,1
22271,4
22271,56
22271,6
22272,3
22273,3
22273,5
22274,3
22275,3
22275,5
22276,5
22276,9
22276,1
22277,9
22277,1
22277,4
22277,56
22277,6
22278,9
22279,9
22279,5
22280,3
22280,9
22280,5
22281,3
22281,9
22281,5
22282,3
22282,5
22283,29
22283,1
22284,9
22284,1
22285,9
22285,5
22286,9
22286,5
22287,3
22287,161
22288,9
22288,5
22289,2
22289,1
22290,40
22290,9
22290,29
22290,1
22290,17
22290,6
22291,3
22291,5
22292,9
22292,1
22292,4
22292,56
22292,6
22293,3
22294,29
22294,1
22295,29
22295,9
22295,1
22295,111
22296,40
22296,9
22296,29
22296,1
22296,17
22296,6
22297,9
22297,1
22297,4
22297,56
22297,6
22298,29
22298,1
22299,29
22299,1
22300,29
22300,9
22300,1
22300,13
22301,9
22301,5
22302,4
22302,11
22302,1
22303,9
22303,5
22304,9
22304,5
22305,29
22305,1
22306,9
22306,5
22307,3
22308,47
22308,29
22308,4
22308,3
22308,6
22309,2
22309,3
22309,5
22310,3
22310,1
22310,5
22311,1
22311,5
22312,3
22313,29
22313,9
22313,1
22314,9
22314,5
22315,9
22315,1
22315,4
22315,56
22315,6
22316,9
22316,5
22317,9
22317,5
22318,9
22318,5
22319,9
22319,5
22320,9
22320,5
22321,29
22321,9
22321,1
22321,111
22322,9
22322,1
22322,4
22322,56
22322,6
22323,9
22323,5
22324,9
22324,5
22325,9
22325,1
22325,4
22325,56
22325,6
22326,3
22326,161
22327,9
22327,5
22328,3
22328,161
22329,9
22329,1
22329,4
22329,56
22329,6
22330,9
22330,1
22330,4
22330,56
22330,6
22331,9
22331,1
22331,4
22331,56
22331,6
22332,3
22332,5
22333,9
22334,2
22334,29
22335,3
22335,5
22336,4
22336,1
22336,6
22337,4
22337,11
22337,1
22338,3
22338,5
22339,9
22339,1
22339,5
22340,2
22340,29
22341,4
22341,1
22341,6
22342,9
22342,5
22343,3
22344,3
22345,3
22346,12
22346,3
22346,56
22346,5
22346,74
22346,17
22347,3
22348,3
22349,3
22349,1
22350,9
22350,5
22351,3
22351,5
22352,2
22352,3
22353,3
22353,5
22354,3
22354,5
22355,3
22355,5
22356,3
22356,5
22357,3
22357,5
22358,2
22358,1
22359,17
22359,12
22359,9
22359,5
22360,9
22360,5
22360,13
22361,9
22361,5
22362,2
22362,29
22363,3
22363,1
22363,5
22364,9
22364,1
22364,83
22364,5
22364,6
22365,9
22365,1
22366,1
22366,5
22367,3
22367,5
22368,2
22368,1
22369,2
22369,29
22370,40
22370,5
22371,3
22371,5
22371,13
22372,3
22372,5
22372,13
22373,4
22373,1
22373,6
22374,4
22374,1
22374,6
22375,4
22375,1
22375,6
22376,9
22376,5
22377,4
22377,1
22377,6
22378,3
22378,13
22379,4
22379,1
22379,6
22380,9
22380,5
22381,3
22381,161
22382,12
22382,3
22382,56
22382,5
22382,74
22382,17
22383,3
22383,1
22383,5
22384,1
22384,5
22385,9
22385,1
22385,4
22385,56
22385,6
22386,29
22386,9
22386,1
22386,5
22387,9
22387,5
22388,3
22388,5
22389,3
22390,9
22391,9
22391,1
22391,83
22391,5
22391,13
22391,17
22392,13
22393,29
22393,9
22393,1
22394,9
22394,1
22394,5
22395,40
22395,1
22395,5
22396,3
22396,13
22397,3
22398,3
22398,5
22399,9
22399,1
22399,5
22400,3
22400,9
22400,5
22400,13
22401,3
22401,9
22401,5
22401,13
22402,3
22402,9
22402,5
22402,13
22403,3
22403,9
22403,5
22403,13
22404,3
22404,9
22404,5
22405,9
22405,1
22406,3
22407,3
22407,5
22408,3
22408,9
22408,1
22408,5
22409,29
22409,9
22409,1
22410,9
22410,5
22411,9
22411,5
22412,9
22412,5
22413,3
22413,9
22413,1
22414,29
22414,1
22414,5
22415,3
22416,3
22416,5
22417,12
22417,3
22417,56
22417,5
22417,74
22417,17
22418,3
22419,9
22419,5
22420,3
22421,9
22421,5
22422,40
22422,9
22422,29
22422,1
22422,2
22422,4
22422,56
22422,13
22422,6
22423,9
22423,83
22423,2
22423,3
22423,17
22424,9
22424,5
22425,29
22425,9
22425,1
22425,111
22426,2
22426,11
22426,5
22427,9
22427,5
22428,3
22429,3
22429,5
22430,1
22430,5
22431,3
22432,3
22432,161
22433,3
22433,5
22434,9
22434,12
22434,1
22434,5
22434,13
22435,29
22435,9
22435,1
22435,111
22436,11
22436,5
22437,5
22437,3
22437,9
22437,1
22438,3
22438,9
22438,5
22439,40
22439,9
22439,29
22439,1
22439,17
22439,6
22440,29
22440,9
22440,1
22440,5
22441,9
22441,5
22442,3
22442,9
22442,5
22443,9
22443,5
22444,9
22444,5
22445,9
22445,5
22446,9
22446,5
22447,3
22447,5
22448,9
22448,5
22449,3
22449,5
22450,3
22450,5
22451,9
22451,5
22452,9
22452,5
22453,9
22453,5
22454,9
22454,5
22455,9
22455,5
22456,2
22456,3
22457,3
22457,5
22458,1
22458,5
22458,13
22459,1
22459,5
22460,2
22460,3
22461,9
22462,9
22463,9
22463,5
22464,2
22464,3
22465,1
22465,17
22466,3
22466,161
22466,5
22466,83
22467,9
22467,83
22467,3
22467,111
22467,13
22467,6
22468,9
22468,83
22468,3
22468,111
22468,13
22468,6
22469,9
22469,1
22470,9
22470,83
22470,2
22470,3
22470,17
22471,1
22471,17
22472,47
22472,1
22472,3
22472,56
22472,5
22473,9
22473,1
22474,9
22474,1
22475,9
22475,1
22476,9
22476,1
22477,9
22477,1
22478,9
22478,1
22479,3
22479,9
22479,5
22480,9
22480,1
22481,9
22481,1
22481,5
22482,3
22482,161
22483,3
22483,161
22484,3
22484,161
22485,11
22485,3
22485,5
22486,1
22486,5
22487,11
22487,3
22487,5
22488,11
22488,3
22488,5
22489,9
22490,4
22490,9
22490,1
22490,5
22491,3
22492,9
22492,1
22493,2
22493,1
22494,40
22494,1
22494,5
22495,29
22495,9
22495,1
22496,2
22496,3
22496,9
22496,5
22497,4
22497,9
22497,1
22497,5
22498,3
22498,161
22499,3
22499,1
22500,2
22500,3
22500,9
22500,5
22501,4
22501,9
22501,1
22501,5
22502,4
22502,11
22502,1
22503,3
22504,2
22504,1
22505,9
22506,3
22507,2
22507,3
22507,9
22507,5
22508,1
22508,5
22509,2
22509,3
22510,4
22510,1
22510,6
22511,1
22511,5
22512,2
22512,29
22513,3
22514,29
22514,9
22514,1
22515,2
22515,3
22516,2
22516,3
22517,2
22517,3
22518,3
22518,5
22519,4
22519,1
22519,6
22520,1
22520,5
22521,5
22522,3
22522,5
22523,9
22523,1
22524,3
22524,9
22524,5
22525,29
22525,1
22526,3
22526,1
22527,4
22527,1
22527,6
22528,3
22528,161
22529,9
22529,5
22530,3
22530,5
22530,13
22531,3
22531,5
22531,13
22532,4
22532,1
22532,6
22533,3
22533,5
22533,13
22534,4
22534,1
22534,6
22535,9
22535,83
22535,2
22535,3
22535,17
22536,3
22536,5
22536,13
22537,3
22537,5
22537,13
22538,3
22538,5
22538,13
22539,3
22539,5
22539,13
22540,9
22540,1
22540,5
22540,13
22541,3
22542,4
22542,9
22542,1
22542,5
22543,9
22543,1
22543,5
22544,9
22544,5
22545,4
22545,1
22545,6
22546,4
22546,1
22546,6
22547,2
22547,29
22548,4
22548,1
22548,6
22549,5
22549,17
22549,13
22550,2
22550,1
22551,3
22551,5
22552,9
22553,29
22553,1
22553,5
22554,166
22554,19
22555,3
22555,5
22556,166
22556,19
22557,4
22557,5
22558,29
22558,1
22559,4
22559,1
22559,6
22560,9
22560,1
22561,9
22561,5
22562,3
22563,3
22564,3
22564,161
22565,3
22565,13
22565,6
22566,3
22566,161
22567,47
22567,29
22567,4
22567,3
22567,6
22568,3
22568,9
22568,5
22569,3
22569,9
22569,5
22570,3
22570,9
22570,5
22571,3
22571,161
22572,3
22572,161
22573,3
22573,161
22574,3
22574,161
22575,3
22575,161
22576,5
22576,9
22576,1
22577,5
22577,9
22577,1
22578,3
22578,161
22579,3
22579,161
22580,5
22580,9
22580,1
22581,3
22581,161
22582,3
22582,161
22583,3
22583,161
22584,9
22584,1
22584,5
22585,9
22585,1
22585,5
22586,3
22586,9
22586,5
22587,9
22587,1
22587,5
22588,47
22588,29
22588,4
22588,3
22588,6
22589,47
22589,29
22589,4
22589,3
22589,6
22590,3
22590,161
22591,5
22591,9
22591,1
22592,3
22593,5
22593,9
22593,1
22594,9
22594,5
22595,40
22595,1
22595,5
22596,3
22596,9
22596,5
22596,13
22597,1
22597,4
22597,74
22597,75
22597,17
22598,9
22598,5
22599,9
22599,1
22600,1
22600,5
22601,4
22601,1
22601,6
22602,9
22602,5
22603,29
22603,9
22604,1
22604,4
22604,74
22604,75
22604,17
22605,1
22605,2
22605,3
22605,4
22605,5
22605,6
22606,3
22606,13
22607,4
22607,1
22607,6
22608,9
22609,47
22609,29
22609,4
22609,3
22609,6
22610,4
22610,1
22610,6
22611,3
22611,13
22612,3
22612,13
22613,9
22613,83
22613,3
22613,111
22613,13
22613,6
22614,3
22615,9
22615,5
22615,13
22616,3
22617,2
22617,29
22618,3
22618,5
22619,3
22619,9
22619,1
22619,5
22620,3
22620,9
22620,5
22621,9
22621,5
22621,13
22622,2
22622,29
22623,3
22623,9
22623,1
22623,5
22624,3
22624,1
22624,5
22625,9
22625,1
22626,13
22626,6
22627,2
22627,29
22628,9
22628,5
22629,47
22629,29
22629,4
22629,3
22629,6
22630,47
22630,29
22630,4
22630,3
22630,6
22631,2
22631,1
22632,29
22632,9
22632,1
22633,9
22633,1
22633,5
22634,5
22634,9
22634,1
22635,40
22635,9
22635,29
22635,1
22635,17
22635,6
22636,9
22636,5
22637,13
22638,29
22638,6
22638,17
22638,83
22639,3
22639,5
22640,40
22640,1
22640,5
22641,9
22642,9
22642,1
22642,83
22642,5
22642,13
22642,17
22643,3
22644,9
22644,5
22644,13
22645,2
22645,9
22645,1
22645,5
22646,11
22646,9
22646,2
22646,4
22646,5
22647,3
22648,3
22648,5
22649,3
22649,5
22650,3
22650,5
22651,9
22651,5
22652,29
22652,5
22653,29
22653,5
22654,3
22654,5
22655,3
22655,5
22656,3
22657,9
22657,1
22658,3
22659,3
22660,3
22660,161
22661,166
22661,19
22662,2
22662,1
22663,2
22663,1
22664,3
22665,3
22666,3
22666,5
22667,3
22668,3
22669,3
22670,2
22670,1
22671,2
22671,3
22671,9
22671,5
22672,2
22672,3
22672,9
22672,5
22673,166
22673,19
22674,3
22675,29
22675,9
22675,1
22675,13
22676,29
22676,9
22676,1
22676,13
22677,2
22677,1
22678,1
22679,40
22679,5
22680,3
22680,13
22681,3
22681,5
22682,1
22682,5
22683,1
22683,4
22683,74
22683,75
22683,17
22684,9
22685,9
22686,29
22686,9
22686,1
22686,5
22687,3
22688,2
22688,1
22689,9
22690,9
22691,3
22691,5
22692,1
22692,5
22693,1
22693,2
22693,3
22693,4
22693,5
22693,6
22694,3
22695,9
22696,2
22696,1
22697,40
22697,5
22698,3
22698,5
22699,9
22700,1
22700,5
22701,1
22701,4
22701,74
22701,75
22701,17
22702,3
22703,29
22703,9
22703,1
22703,5
22704,3
22704,1
22704,5
22705,2
22705,1
22706,47
22706,83
22706,2
22706,13
22706,17
22706,6
22707,3
22707,5
22708,9
22709,1
22709,5
22710,3
22711,2
22711,1
22712,3
22712,9
22712,5
22713,29
22713,9
22713,1
22713,5
22714,3
22714,9
22714,5
22715,29
22715,9
22715,1
22716,9
22717,3
22717,5
22718,1
22718,5
22719,1
22719,2
22719,3
22719,4
22719,5
22719,6
22720,3
22721,47
22721,83
22721,2
22721,13
22721,17
22721,6
22722,2
22722,1
22723,3
22723,5
22724,9
22725,9
22725,1
22725,5
22726,1
22726,5
22727,5
22727,17
22727,13
22728,4
22728,9
22728,1
22728,5
22729,29
22729,9
22729,1
22729,5
22730,3
22731,2
22731,1
22732,29
22732,9
22732,1
22733,9
22733,1
22733,5
22734,9
22734,1
22734,5
22735,3
22735,5
22736,5
22736,17
22736,13
22737,1
22737,5
22738,4
22738,9
22738,1
22738,5
22739,11
22739,3
22739,5
22740,3
22741,2
22741,1
22742,3
22743,3
22744,3
22744,5
22745,3
22746,3
22746,5
22747,2
22747,1
22748,9
22748,1
22748,13
22748,83
22749,4
22749,11
22749,1
22750,9
22750,12
22750,1
22750,5
22750,13
22751,1
22751,5
22752,29
22752,9
22752,1
22752,111
22753,3
22753,5
22754,2
22754,29
22755,29
22755,1
22755,5
22756,9
22757,9
22757,5
22758,2
22758,29
22759,3
22759,161
22759,5
22759,83
22760,3
22761,4
22761,3
22761,1
22761,5
22762,9
22762,5
22763,4
22763,40
22763,1
22763,75
22764,3
22764,13
22765,9
22765,1
22766,4
22766,9
22766,1
22766,5
22767,4
22767,9
22767,1
22767,5
22768,9
22768,1
22768,13
22768,83
22769,2
22769,1
22770,29
22770,5
22771,9
22771,5
22772,9
22772,5
22773,3
22773,5
22774,9
22774,5
22775,9
22775,5
22776,29
22776,9
22776,1
22777,9
22777,5
22778,29
22778,5
22779,3
22779,5
22780,3
22781,3
22782,3
22782,5
22783,3
22784,3
22785,3
22786,3
22787,9
22787,5
22788,29
22788,5
22789,3
22790,3
22790,5
22791,3
22792,29
22792,5
22793,3
22794,3
22794,5
22795,9
22795,5
22795,13
22796,3
22796,9
22796,5
22797,9
22797,5
22798,9
22798,1
22798,4
22798,56
22798,6
22799,3
22800,3
22801,29
22801,5
22802,29
22802,5
22803,3
22803,5
22804,9
22804,5
22805,29
22805,5
22806,3
22806,5
22807,3
22807,5
22808,29
22808,9
22808,1
22809,9
22809,5
22810,9
22810,5
22811,9
22811,1
22812,9
22812,1
22812,4
22812,56
22812,6
22813,9
22813,5
22814,4
22814,11
22814,1
22815,9
22815,5
22816,4
22816,11
22816,1
22817,3
22818,29
22818,5
22819,3
22820,29
22820,9
22820,1
22821,3
22821,5
22822,9
22822,5
22823,3
22824,3
22824,5
22825,9
22825,1
22826,29
22826,9
22826,1
22827,3
22828,29
22828,9
22828,1
22828,5
22829,4
22829,11
22829,1
22830,9
22830,83
22830,3
22830,111
22830,13
22830,6
22831,3
22831,5
22832,3
22832,5
22833,3
22833,1
22833,5
22834,3
22834,5
22835,29
22835,1
22836,3
22836,1
22836,5
22837,4
22837,11
22837,1
22838,4
22838,11
22838,1
22839,3
22839,5
22840,9
22840,5
22841,3
22841,5
22842,3
22842,5
22843,9
22843,1
22843,4
22843,56
22843,6
22844,29
22844,1
22845,29
22845,1
22846,29
22846,1
22847,3
22847,9
22847,5
22848,3
22848,161
22849,3
22849,1
22849,5
22850,3
22850,5
22851,9
22851,5
22852,9
22852,5
22853,317
22853,2
22853,5
22853,4
22854,2
22854,3
22855,3
22855,161
22856,9
22856,5
22857,4
22857,11
22857,1
22858,3
22858,5
22859,3
22859,1
22859,5
22860,3
22860,1
22860,5
22861,9
22861,1
22861,4
22861,56
22861,6
22862,4
22862,11
22862,1
22863,3
22863,5
22864,3
22864,5
22865,3
22865,5
22866,9
22866,1
22866,4
22866,56
22866,6
22867,9
22867,1
22867,4
22867,56
22867,6
22868,3
22868,5
22869,3
22869,5
22870,9
22870,1
22870,4
22870,56
22870,6
22871,3
22871,1
22871,5
22872,3
22872,1
22872,5
22873,3
22873,9
22873,5
22873,13
22874,2
22874,9
22875,29
22875,1
22876,9
22876,1
22876,4
22876,56
22876,6
22877,40
22877,9
22877,29
22877,1
22877,17
22877,6
22878,2
22878,9
22878,1
22878,5
22879,9
22879,5
22880,9
22880,1
22880,4
22880,56
22880,6
22881,9
22881,5
22882,9
22882,5
22883,4
22883,11
22883,1
22884,3
22884,5
22885,9
22885,5
22886,3
22886,5
22887,3
22887,13
22888,3
22888,11
22889,3
22889,5
22890,40
22890,9
22890,316
22890,47
22890,29
22890,1
22890,83
22890,317
22890,56
22890,5
22890,74
22890,13
22890,17
22890,318
22890,6
22891,29
22891,1
22892,29
22892,9
22892,1
22893,9
22893,1
22893,5
22894,3
22894,1
22894,5
22895,3
22896,3
22897,3
22897,1
22897,5
22898,1
22898,5
22899,9
22899,83
22899,3
22899,111
22899,13
22899,6
22900,9
22901,1
22901,5
22902,1
22902,5
22903,3
22904,9
22904,1
22904,5
22905,29
22905,9
22906,3
22906,5
22907,2
22907,29
22908,3
22908,5
22909,3
22910,2
22910,1
22911,3
22911,5
22912,4
22912,9
22912,1
22912,5
22913,9
22913,1
22913,5
22914,3
22915,3
22916,3
22916,1
22916,5
22917,9
22917,83
22917,3
22917,111
22917,13
22917,6
22918,2
22918,1
22919,3
22920,2
22920,29
22921,3
22922,9
22922,5
22923,9
22924,9
22925,3
22925,5
22926,9
22927,29
22927,6
22927,17
22927,83
22928,29
22928,1
22928,5
22929,1
22929,5
22930,3
22930,5
22931,9
22931,1
22932,3
22933,29
22933,5
22934,2
22934,1
22935,4
22935,1
22936,4
22936,1
22936,6
22937,3
22937,5
22938,2
22938,3
22938,9
22938,5
22939,2
22939,1
22940,1
22940,5
22941,9
22941,1
22941,5
22942,9
22942,1
22942,5
22943,9
22943,1
22943,5
22944,3
22944,5
22945,2
22945,1
22946,2
22946,1
22947,1
22947,5
22948,3
22948,5
22949,3
22949,5
22950,3
22950,5
22950,13
22951,2
22951,29
22952,9
22953,3
22954,166
22954,19
22955,9
22955,83
22955,2
22955,3
22955,17
22956,29
22956,9
22956,1
22957,9
22958,9
22958,5
22959,3
22959,1
22960,4
22960,1
22960,6
22961,3
22962,9
22962,5
22963,3
22963,13
22964,3
22965,9
22965,5
22966,9
22966,5
22967,9
22967,1
22967,4
22967,56
22967,6
22968,40
22968,9
22968,29
22968,1
22968,17
22968,6
22969,2
22969,3
22969,5
22970,9
22970,5
22971,9
22971,1
22971,83
22971,5
22971,13
22971,17
22972,3
22972,5
22973,2
22973,29
22974,9
22974,5
22975,3
22976,3
22976,5
22977,9
22977,1
22977,4
22977,56
22977,6
22978,9
22978,5
22979,3
22980,9
22981,3
22982,9
22983,2
22983,29
22984,29
22984,1
22984,5
22985,3
22985,5
22986,9
22986,1
22987,29
22987,1
22987,5
22988,29
22988,1
22988,5
22989,29
22989,1
22989,5
22990,3
22991,3
22992,9
22992,5
22993,1
22993,5
22993,13
22994,3
22994,9
22994,5
22995,3
22995,9
22995,5
22996,3
22996,13
22997,9
22997,1
22997,13
22997,83
22998,29
22998,9
22998,1
22999,9
22999,1
22999,5
23000,3
23001,2
23001,29
23002,40
23002,1
23002,5
23003,40
23003,1
23003,5
23004,3
23004,9
23004,5
23005,3
23005,13
23006,4
23006,1
23006,6
23007,9
23007,5
23008,4
23008,1
23008,6
23009,9
23009,1
23009,83
23009,5
23009,13
23009,17
23010,3
23010,5
23011,2
23011,29
23012,3
23013,3
23013,13
23014,12
23014,3
23014,56
23014,5
23014,74
23014,17
23015,3
23015,161
23016,3
23016,161
23017,3
23017,5
23018,9
23019,9
23019,5
23020,2
23020,29
23021,9
23021,1
23022,3
23022,13
23023,3
23024,5
23024,9
23024,1
23025,9
23025,5
23026,9
23026,1
23026,83
23026,5
23026,13
23026,17
23027,3
23027,5
23028,2
23028,29
23029,3
23030,29
23030,1
23030,5
23031,9
23031,5
23032,3
23032,13
23033,9
23033,5
23034,3
23034,161
23035,3
23035,5
23036,9
23036,1
23036,83
23036,5
23036,13
23036,17
23037,2
23037,29
23038,3
23039,3
23039,13
23040,3
23040,161
23041,9
23041,1
23041,83
23041,5
23041,13
23041,17
23042,3
23042,5
23043,3
23044,2
23044,1
23045,2
23045,29
23046,3
23046,5
23047,3
23047,5
23048,9
23048,1
23048,83
23048,5
23048,13
23048,17
23049,3
23050,9
23050,1
23050,83
23050,5
23050,13
23050,17
23051,3
23051,5
23052,2
23052,1
23053,2
23053,29
23054,3
23055,2
23055,29
23056,29
23056,1
23057,2
23057,1
23058,9
23058,1
23058,83
23058,5
23058,13
23058,17
23059,3
23059,5
23060,2
23060,29
23061,9
23061,5
23062,166
23062,19
23063,9
23063,1
23063,83
23063,5
23063,13
23063,17
23064,3
23064,161
23065,3
23065,5
23066,3
23067,2
23067,29
23068,5
23069,9
23070,1
23070,17
23071,9
23071,5
23071,13
23072,3
23073,3
23074,29
23074,13
23074,6
23075,3
23075,161
23076,9
23076,1
23076,5
23077,9
23077,5
23078,3
23078,1
23078,5
23079,2
23079,9
23079,1
23079,5
23080,19
23081,19
23082,19
23083,19
23084,19
23085,19
23086,5
23086,1
23086,17
23086,13
23087,29
23087,1
23087,5
23088,2
23088,3
23089,29
23089,13
23089,6
23090,9
23091,3
23091,5
23092,9
23093,1
23093,5
23094,29
23094,9
23095,3
23096,4
23096,9
23096,1
23096,5
23097,9
23098,2
23098,3
23098,5
23099,3
23099,5
23100,29
23100,1
23100,5
23101,1
23101,5
23102,9
23103,9
23104,29
23104,9
23105,4
23105,9
23105,1
23105,5
23106,3
23107,4
23107,11
23107,1
23108,9
23108,13
23109,2
23109,1
23110,9
23110,13
23111,9
23111,1
23111,5
23112,3
23112,5
23113,5
23113,17
23113,13
23114,1
23114,5
23115,4
23115,9
23115,1
23115,5
23116,3
23117,2
23117,1
23118,4
23118,11
23118,1
23119,3
23120,1
23120,4
23120,74
23120,75
23120,17
23121,3
23122,3
23122,13
23123,9
23123,5
23124,3
23124,161
23124,17
23125,3
23126,3
23126,5
23127,3
23128,29
23128,9
23128,1
23129,29
23129,9
23129,1
23130,2
23130,1
23131,9
23131,5
23132,3
23133,9
23133,1
23133,5
23134,2
23134,29
23135,1
23135,5
23135,13
23136,9
23136,5
23137,2
23137,1
23138,2
23138,1
23139,9
23139,1
23140,29
23140,9
23140,1
23141,9
23141,5
23142,9
23142,5
23143,29
23143,1
23144,5
23144,3
23144,9
23144,1
23145,9
23145,5
23146,29
23146,9
23146,1
23147,9
23147,5
23148,3
23149,9
23149,5
23150,3
23150,161
23151,9
23151,5
23152,3
23153,9
23153,5
23154,29
23154,9
23154,1
23155,3
23155,9
23155,5
23156,3
23157,29
23157,5
23158,3
23159,3
23160,29
23160,5
23161,3
23161,5
23162,9
23162,5
23163,3
23164,9
23164,5
23165,9
23165,5
23166,2
23166,29
23167,3
23167,161
23168,40
23168,9
23168,29
23168,1
23168,17
23168,6
23169,4
23169,5
23170,3
23170,9
23170,1
23170,5
23171,3
23171,9
23171,1
23171,5
23172,3
23172,5
23173,9
23173,5
23174,3
23175,4
23175,9
23175,1
23175,5
23176,3
23176,161
23177,29
23177,1
23178,3
23178,5
23179,4
23179,1
23179,6
23180,2
23180,9
23180,1
23180,5
23181,3
23181,5
23182,166
23182,19
23183,3
23183,5
23184,29
23184,9
23184,1
23185,3
23185,9
23185,5
23185,13
23186,9
23186,29
23186,1
23186,56
23186,111
23186,17
23187,29
23187,9
23187,1
23188,3
23189,9
23189,1
23189,4
23189,56
23189,6
23190,3
23190,5
23191,3
23191,19
23192,29
23192,9
23192,1
23192,5
23193,2
23193,1
23194,29
23194,9
23194,1
23194,5
23195,9
23195,1
23195,83
23195,5
23195,13
23195,17
23196,9
23196,1
23197,11
23197,3
23197,5
23198,9
23198,5
23199,3
23199,11
23199,1
23199,5
23200,4
23200,9
23200,1
23200,5
23201,9
23201,83
23201,2
23201,3
23201,17
23202,29
23202,9
23202,1
23203,3
23203,5
23204,29
23204,1
23204,5
23205,3
23205,1
23205,5
23206,1
23206,5
23207,2
23207,1
23208,3
23209,3
23210,29
23210,1
23211,29
23211,1
23212,3
23212,161
23213,3
23213,1
23213,5
23214,5
23214,9
23214,1
23215,3
23215,5
23216,9
23216,83
23216,2
23216,3
23216,17
23217,29
23217,1
23218,3
23219,2
23219,3
23220,2
23220,3
23221,3
23222,3
23223,4
23223,9
23223,1
23223,5
23224,4
23224,9
23224,1
23224,5
23225,3
23226,4
23226,9
23226,1
23226,5
23227,3
23228,2
23228,3
23229,2
23229,3
23230,3
23231,4
23231,9
23231,1
23231,5
23232,3
23233,3
23234,3
23235,3
23236,3
23237,2
23237,3
23238,3
23239,2
23239,3
23240,2
23240,3
23241,3
23242,2
23242,3
23243,9
23243,1
23243,13
23243,83
23244,9
23245,2
23245,3
23246,9
23247,4
23247,1
23247,6
23248,1
23248,5
23249,4
23249,1
23249,6
23250,47
23250,83
23250,2
23250,13
23250,17
23250,6
23251,11
23251,3
23251,5
23252,9
23252,1
23252,83
23252,5
23252,13
23252,17
23253,3
23253,5
23254,3
23255,1
23255,5
23256,2
23256,1
23257,1
23257,5
23258,3
23258,1
23258,5
23259,3
23259,161
23260,4
23260,40
23260,1
23260,75
23261,9
23261,1
23261,5
23262,9
23262,1
23262,5
23263,5
23263,17
23263,13
23264,11
23264,3
23264,5
23265,3
23265,5
23266,2
23266,29
23267,3
23267,9
23267,5
23268,3
23268,161
23269,3
23270,4
23270,11
23270,1
23271,9
23271,5
23272,9
23272,5
23273,3
23273,5
23274,3
23275,3
23276,9
23277,4
23277,9
23277,1
23277,5
23278,29
23278,1
23278,5
23279,2
23279,29
23280,9
23281,3
23281,1
23281,5
23282,9
23282,5
23282,13
23283,9
23284,2
23284,1
23285,29
23285,9
23285,1
23286,29
23286,9
23286,1
23287,4
23287,9
23287,1
23287,5
23288,4
23288,11
23288,1
23289,9
23289,1
23289,5
23290,9
23290,5
23291,13
23292,9
23292,1
23292,5
23293,3
23293,5
23293,13
23294,2
23294,3
23294,9
23294,5
23295,2
23295,3
23296,3
23296,5
23296,13
23297,3
23297,5
23297,13
23298,3
23298,5
23299,2
23299,3
23299,9
23299,5
23300,40
23300,1
23300,5
23301,9
23302,9
23302,1
23302,83
23302,5
23302,13
23302,17
23303,3
23303,5
23304,9
23305,9
23305,1
23305,83
23305,5
23305,13
23305,17
23306,13
23307,1
23307,17
23308,9
23309,9
23310,40
23310,1
23310,5
23311,9
23311,5
23312,3
23312,5
23313,9
23313,5
23313,13
23314,2
23314,29
23315,9
23315,1
23316,9
23316,1
23317,2
23317,1
23318,9
23318,1
23319,9
23319,1
23320,9
23320,1
23321,3
23322,3
23322,1
23322,5
23323,3
23323,1
23323,5
23324,9
23324,1
23324,5
23325,29
23325,1
23325,5
23326,2
23326,1
23327,3
23328,1
23328,5
23329,40
23329,9
23329,29
23329,1
23329,2
23329,4
23329,56
23329,13
23329,6
23330,9
23330,1
23330,13
23330,83
23331,3
23331,5
23332,9
23332,5
23333,3
23333,9
23333,1
23334,1
23334,5
23335,1
23335,5
23336,9
23337,9
23338,3
23338,5
23339,1
23339,5
23340,2
23340,1
23341,11
23341,3
23341,5
23342,3
23343,3
23343,5
23344,1
23344,5
23345,3
23345,5
23346,3
23346,1
23346,5
23347,1
23347,5
23348,3
23348,1
23348,5
23349,3
23350,3
23351,2
23351,1
23352,3
23352,5
23353,56
23353,5
23353,13
23354,9
23354,83
23354,2
23354,3
23354,17
23355,40
23355,9
23355,29
23355,1
23355,2
23355,4
23355,56
23355,13
23355,6
23356,9
23357,3
23358,4
23358,9
23358,1
23358,5
23359,1
23359,5
23360,2
23360,1
23361,3
23361,1
23361,5
23362,1
23362,5
23363,40
23363,9
23363,29
23363,1
23363,2
23363,4
23363,56
23363,13
23363,6
23364,11
23364,3
23364,5
23365,3
23365,5
23366,9
23366,1
23366,5
23367,2
23367,1
23368,1
23368,5
23369,3
23369,5
23370,9
23370,1
23371,29
23371,5
23372,3
23372,5
23373,3
23373,5
23374,40
23374,9
23374,29
23374,1
23374,17
23374,6
23375,2
23375,29
23376,29
23376,6
23376,17
23376,83
23377,29
23377,6
23377,17
23377,83
23378,3
23379,9
23379,83
23379,2
23379,3
23379,17
23380,3
23381,3
23381,5
23382,3
23382,1
23382,5
23383,29
23383,1
23383,5
23384,3
23385,3
23385,1
23385,5
23386,4
23386,1
23387,47
23387,1
23387,3
23387,56
23387,5
23388,47
23388,1
23388,3
23388,56
23388,5
23389,29
23389,1
23389,5
23390,4
23390,40
23390,1
23390,75
23391,5
23391,17
23391,13
23392,2
23392,9
23392,5
23393,3
23393,5
23394,2
23394,9
23394,5
23395,2
23395,29
23396,40
23396,9
23396,29
23396,1
23396,17
23396,6
23397,5
23397,9
23397,1
23398,3
23399,3
23399,5
23400,3
23400,9
23400,5
23400,13
23401,9
23401,5
23402,11
23402,3
23403,9
23403,5
23404,3
23404,9
23404,5
23404,13
23405,5
23405,9
23405,1
23406,3
23406,13
23407,2
23407,1
23408,3
23409,3
23410,3
23410,13
23411,1
23411,5
23412,2
23412,1
23413,3
23413,5
23414,3
23415,3
23415,19
23416,1
23416,5
23417,3
23417,5
23418,9
23418,1
23419,4
23419,40
23419,1
23419,75
23420,4
23420,40
23420,1
23420,75
23421,3
23421,5
23422,3
23423,2
23423,1
23424,47
23424,83
23424,2
23424,13
23424,17
23424,6
23425,3
23425,5
23426,29
23426,3
23426,11
23426,5
23427,2
23427,29
23428,3
23428,5
23429,3
23429,9
23429,5
23430,3
23431,47
23431,83
23431,2
23431,13
23431,17
23431,6
23432,2
23432,1
23433,3
23433,5
23434,29
23434,3
23434,11
23434,5
23435,3
23436,2
23436,29
23437,2
23437,1
23438,47
23438,83
23438,2
23438,13
23438,17
23438,6
23439,3
23439,5
23440,2
23440,29
23441,29
23441,3
23441,11
23441,5
23442,3
23443,3
23443,9
23443,5
23444,2
23444,1
23445,40
23445,5
23446,4
23446,9
23446,1
23446,5
23447,2
23447,3
23447,9
23447,5
23448,1
23448,5
23449,3
23450,40
23450,9
23450,29
23450,1
23450,2
23450,4
23450,56
23450,13
23450,6
23451,2
23451,1
23452,1
23452,4
23452,74
23452,75
23452,17
23453,9
23454,17
23454,12
23454,9
23454,5
23455,9
23456,166
23456,19
23457,9
23457,1
23457,3
23457,5
23457,13
23457,17
23458,1
23458,5
23459,3
23460,29
23460,9
23460,1
23461,3
23461,161
23462,2
23462,3
23462,9
23462,5
23463,2
23463,3
23463,9
23463,5
23464,3
23464,5
23465,1
23465,5
23466,2
23466,3
23466,1
23466,5
23467,29
23467,1
23468,3
23469,2
23469,1
23470,29
23470,9
23470,1
23471,9
23472,17
23472,12
23472,9
23472,5
23473,1
23473,5
23474,3
23475,2
23475,1
23476,9
23476,5
23477,3
23477,5
23478,9
23479,2
23479,1
23480,9
23480,5
23481,3
23482,9
23482,5
23483,1
23483,5
23484,3
23484,1
23484,5
23485,29
23485,1
23485,5
23486,3
23486,5
23487,3
23487,5
23488,3
23488,5
23489,40
23489,5
23490,1
23490,5
23491,4
23491,9
23491,1
23491,5
23492,3
23493,5
23493,17
23493,13
23494,2
23494,1
23495,4
23495,11
23495,1
23496,3
23496,5
23497,3
23497,5
23498,3
23498,5
23499,9
23499,1
23499,5
23500,1
23500,5
23501,5
23501,17
23501,13
23502,4
23502,9
23502,1
23502,5
23503,3
23504,2
23504,1
23505,9
23505,1
23505,5
23506,4
23506,11
23506,1
23507,13
23507,6
23508,4
23508,9
23508,1
23508,5
23509,2
23509,29
23510,4
23510,1
23510,6
23511,4
23511,1
23511,6
23512,40
23512,1
23512,5
23513,9
23513,1
23513,6
23514,2
23514,3
23515,9
23515,83
23515,2
23515,3
23515,17
23516,29
23516,9
23516,1
23516,5
23517,3
23518,1
23518,5
23519,3
23519,1
23520,3
23521,2
23521,1
23522,3
23522,5
23523,3
23523,5
23524,1
23524,5
23525,4
23525,11
23525,1
23526,5
23526,1
23526,17
23526,13
23527,40
23527,9
23527,29
23527,1
23527,17
23527,6
23528,9
23528,5
23529,29
23529,9
23529,1
23530,3
23530,5
23531,3
23531,5
23532,9
23532,5
23533,9
23533,1
23533,4
23533,56
23533,6
23534,9
23534,5
23535,9
23535,5
23536,9
23536,5
23537,40
23537,9
23537,29
23537,1
23537,17
23537,6
23538,9
23538,5
23539,9
23539,5
23540,9
23540,5
23541,29
23541,9
23541,1
23541,5
23542,9
23543,9
23544,4
23544,1
23544,6
23545,4
23545,11
23545,1
23546,9
23546,5
23547,3
23548,9
23548,5
23549,166
23549,19
23550,9
23550,83
23550,2
23550,3
23550,17
23551,9
23551,1
23551,4
23551,56
23551,6
23552,9
23552,1
23553,3
23553,1
23553,5
23554,166
23554,19
23555,3
23556,9
23556,1
23556,4
23556,56
23556,6
23557,3
23558,9
23558,13
23559,29
23559,6
23559,17
23559,83
23560,47
23560,29
23560,4
23560,3
23560,6
23561,1
23561,5
23562,9
23562,5
23563,29
23563,1
23564,3
23564,5
23565,29
23565,9
23565,1
23565,111
23566,3
23567,3
23568,1
23568,2
23568,3
23568,4
23568,5
23568,6
23569,12
23569,3
23569,56
23569,5
23569,74
23569,17
23570,9
23570,1
23571,29
23571,9
23571,1
23572,5
23572,9
23572,1
23573,3
23573,5
23574,2
23574,1
23575,2
23575,1
23576,29
23576,9
23576,1
23577,3
23577,1
23577,5
23578,3
23578,9
23578,5
23579,9
23579,5
23580,9
23580,1
23581,2
23581,29
23582,9
23582,1
23583,29
23583,1
23583,5
23584,3
23584,161
23585,3
23586,3
23586,5
23587,29
23587,1
23587,5
23588,29
23588,1
23588,5
23589,2
23589,1
23590,9
23590,5
23591,29
23591,5
23592,3
23592,19
23593,3
23593,5
23594,3
23594,161
23594,5
23594,83
23595,29
23595,5
23596,29
23596,5
23597,29
23597,5
23598,29
23598,5
23599,29
23599,5
23600,29
23600,5
23601,5
23601,9
23601,1
23602,3
23602,5
23603,3
23603,5
23604,3
23604,5
23605,13
23605,19
23606,3
23607,9
23607,5
23608,47
23608,29
23608,4
23608,3
23608,6
23609,9
23609,5
23610,5
23610,9
23610,1
23611,29
23611,1
23612,40
23612,9
23612,29
23612,1
23612,2
23612,4
23612,56
23612,13
23612,6
23613,3
23613,13
23613,6
23614,9
23614,1
23615,3
23615,5
23616,3
23617,3
23617,5
23618,316
23618,29
23618,1
23618,4
23618,17
23619,29
23619,6
23619,17
23619,83
23620,316
23620,29
23620,1
23620,4
23620,17
23621,40
23621,9
23621,29
23621,1
23621,17
23621,6
23622,3
23623,2
23623,9
23624,3
23624,1
23624,5
23625,2
23625,1
23626,2
23626,9
23626,1
23626,5
23627,9
23628,4
23628,1
23628,6
23629,3
23629,5
23630,5
23630,9
23630,1
23631,9
23631,5
23632,9
23632,5
23632,13
23633,5
23633,1
23633,17
23633,13
23634,9
23634,83
23634,3
23634,111
23634,13
23634,6
23635,1
23635,5
23636,4
23636,1
23636,6
23637,1
23637,5
23638,3
23638,5
23639,40
23639,9
23639,29
23639,1
23639,17
23639,6
23640,9
23641,3
23642,2
23642,3
23643,9
23644,4
23644,40
23644,1
23644,75
23645,47
23645,1
23645,3
23645,56
23645,5
23646,12
23646,3
23646,56
23646,5
23646,74
23646,17
23647,12
23647,3
23647,56
23647,5
23647,74
23647,17
23648,12
23648,3
23648,56
23648,5
23648,74
23648,17
23649,12
23649,3
23649,56
23649,5
23649,74
23649,17
23650,12
23650,3
23650,56
23650,5
23650,74
23650,17
23651,11
23651,3
23651,5
23652,11
23652,3
23652,5
23653,11
23653,3
23653,5
23654,1
23654,17
23655,9
23655,83
23655,3
23655,111
23655,13
23655,6
23656,9
23656,83
23656,3
23656,111
23656,13
23656,6
23657,5
23657,17
23657,13
23658,2
23658,3
23659,47
23659,1
23659,3
23659,56
23659,5
23660,11
23660,3
23660,5
23661,9
23662,3
23663,3
23663,5
23664,9
23665,1
23665,5
23666,9
23666,83
23666,2
23666,3
23666,17
23667,3
23668,3
23668,5
23669,3
23669,1
23669,5
23670,4
23670,9
23670,1
23670,5
23671,1
23671,5
23672,29
23672,9
23673,4
23673,11
23673,1
23674,29
23674,1
23675,29
23675,9
23676,9
23676,5
23677,11
23677,3
23677,5
23678,1
23679,3
23680,9
23680,1
23681,3
23681,161
23682,3
23682,5
23683,40
23683,5
23684,3
23684,5
23685,1
23685,5
23686,2
23686,3
23686,9
23686,5
23687,29
23687,5
23688,3
23689,2
23689,1
23690,9
23691,40
23691,9
23691,29
23691,1
23691,2
23691,4
23691,56
23691,13
23691,6
23692,9
23693,9
23694,9
23695,2
23695,1
23696,1
23696,5
23697,1
23697,4
23697,74
23697,75
23697,17
23698,3
23698,1
23698,5
23699,3
23700,2
23700,3
23700,5
23701,2
23701,29
23702,1
23702,5
23703,1
23703,5
23704,1
23704,2
23704,3
23704,4
23704,5
23704,6
23705,3
23706,9
23707,3
23707,1
23707,5
23708,40
23708,9
23708,29
23708,1
23708,5
23708,13
23709,2
23709,3
23709,9
23709,5
23710,29
23710,9
23710,1
23711,4
23711,1
23711,6
23712,29
23712,1
23712,5
23713,3
23714,47
23714,29
23714,4
23714,3
23714,6
23715,9
23715,1
23716,29
23716,1
23716,5
23717,3
23717,5
23718,3
23718,13
23719,3
23719,5
23720,3
23720,5
23721,3
23721,9
23721,5
23722,2
23722,3
23722,1
23722,5
23723,3
23723,13
23724,3
23725,3
23726,1
23726,5
23727,3
23728,3
23729,3
23730,9
23730,1
23730,5
23731,2
23731,1
23732,1
23732,5
23733,9
23733,1
23733,5
23734,9
23734,1
23734,5
23735,29
23735,1
23735,5
23736,3
23736,1
23736,5
23737,3
23738,3
23739,3
23739,9
23739,5
23739,13
23740,3
23740,9
23740,5
23740,13
23741,3
23741,1
23741,5
23742,2
23742,1
23743,4
23743,11
23743,1
23744,1
23744,5
23745,9
23745,12
23745,1
23745,5
23745,13
23746,4
23746,9
23746,1
23746,5
23747,3
23748,9
23749,29
23749,9
23749,1
23750,17
23750,12
23750,9
23750,5
23751,3
23751,5
23751,13
23752,2
23752,3
23752,1
23752,5
23753,9
23753,1
23753,83
23753,5
23753,6
23754,3
23754,5
23755,9
23755,1
23755,83
23755,5
23755,6
23756,29
23756,9
23756,1
23757,9
23757,5
23758,9
23758,5
23759,9
23759,5
23760,40
23760,9
23760,29
23760,1
23760,17
23760,6
23761,9
23761,12
23761,1
23761,5
23761,13
23762,9
23762,1
23762,4
23762,56
23762,6
23763,9
23763,5
23764,47
23764,29
23764,4
23764,3
23764,6
23765,29
23765,9
23765,1
23766,3
23766,5
23767,3
23767,5
23768,4
23768,9
23768,1
23768,5
23769,3
23769,5
23769,13
23769,6
23770,9
23770,5
23771,29
23771,6
23771,17
23771,83
23772,3
23772,5
23773,3
23773,5
23774,3
23774,1
23774,5
23775,1
23775,5
23776,3
23776,1
23776,5
23777,3
23778,3
23778,1
23778,5
23779,3
23780,3
23781,3
23781,5
23782,3
23782,5
23783,3
23784,3
23784,5
23785,3
23785,5
23786,3
23786,1
23786,5
23787,3
23787,1
23787,5
23788,3
23789,3
23789,1
23789,5
23790,3
23791,1
23791,5
23792,3
23792,161
23793,166
23793,19
23794,9
23794,83
23794,3
23794,111
23794,13
23794,6
23795,3
23795,5
23796,3
23797,3
23798,3
23798,161
23799,1
23799,5
23800,29
23800,1
23800,5
23801,1
23801,5
23802,3
23802,1
23802,5
23803,3
23803,5
23804,9
23804,1
23804,5
23805,2
23805,1
23806,1
23806,5
23807,29
23807,5
23808,4
23808,11
23808,1
23809,3
23809,5
23810,3
23810,161
23811,9
23811,5
23812,29
23812,1
23812,5
23813,9
23813,1
23813,5
23814,9
23814,1
23814,5
23815,1
23815,17
23816,9
23816,1
23817,5
23817,9
23817,1
23818,5
23818,9
23818,1
23819,4
23819,9
23819,1
23819,5
23820,4
23820,1
23820,6
23821,29
23821,9
23822,9
23822,83
23822,3
23822,111
23822,13
23822,6
23823,9
23823,83
23823,3
23823,111
23823,13
23823,6
23824,9
23824,83
23824,3
23824,111
23824,13
23824,6
23825,3
23825,9
23825,5
23826,9
23826,83
23826,3
23826,111
23826,13
23826,6
23827,9
23827,1
23828,9
23828,83
23828,3
23828,111
23828,13
23828,6
23829,9
23829,83
23829,3
23829,111
23829,13
23829,6
23830,29
23830,1
23830,5
23831,29
23831,1
23831,5
23832,9
23832,5
23832,13
23833,9
23834,9
23835,9
23835,5
23835,13
23836,3
23837,3
23837,5
23838,3
23839,9
23839,5
23840,1
23840,5
23841,29
23841,1
23842,4
23842,9
23842,1
23842,5
23843,11
23843,9
23843,1
23843,3
23843,5
23843,17
23843,6
23844,11
23844,5
23845,2
23845,1
23846,1
23846,5
23847,9
23848,40
23848,9
23848,29
23848,1
23848,17
23848,6
23849,3
23850,3
23851,9
23851,1
23851,5
23852,12
23852,2
23852,3
23852,5
23852,17
23853,2
23853,29
23854,40
23854,9
23854,29
23854,1
23854,2
23854,4
23854,56
23854,13
23854,6
23855,29
23855,1
23855,5
23856,2
23856,1
23857,3
23857,5
23858,29
23858,5
23859,29
23859,5
23860,3
23861,3
23862,3
23863,11
23863,3
23863,5
23864,11
23864,3
23864,5
23865,11
23865,3
23865,5
23866,11
23866,3
23866,5
23867,11
23867,3
23867,5
23868,29
23868,9
23868,1
23869,9
23869,1
23870,3
23870,5
23871,3
23871,11
23872,3
23872,11
23873,166
23873,19
23874,1
23874,5
23875,3
23875,5
23876,3
23877,3
23878,3
23878,19
23879,29
23879,9
23879,1
23879,111
23880,3
23881,9
23881,1
23881,5
23882,9
23883,29
23883,1
23884,3
23884,9
23884,1
23885,40
23885,9
23885,29
23885,1
23885,2
23885,4
23885,56
23885,13
23885,6
23886,2
23886,1
23887,3
23887,5
23888,9
23888,5
23889,9
23890,9
23890,1
23891,3
23892,2
23892,1
23893,3
23893,5
23894,3
23895,9
23896,2
23896,29
23897,40
23897,1
23897,5
23898,3
23898,5
23899,5
23900,3
23900,9
23900,1
23901,9
23901,5
23902,29
23902,9
23902,1
23903,9
23903,1
23904,3
23904,9
23904,5
23905,9
23905,1
23906,3
23906,5
23907,3
23907,5
23908,9
23908,5
23908,13
23909,3
23909,5
23910,3
23910,5
23911,3
23911,5
23912,29
23912,9
23912,1
23913,2
23913,3
23913,9
23913,5
23914,3
23915,9
23915,5
23916,11
23916,3
23916,5
23917,3
23917,5
23918,11
23918,3
23918,5
23919,11
23919,3
23919,5
23920,3
23920,9
23920,5
23921,9
23921,5
23922,47
23922,29
23922,4
23922,3
23922,6
23923,9
23923,1
23923,13
23923,83
23924,3
23925,3
23926,4
23926,9
23926,1
23926,5
23927,9
23927,5
23928,40
23928,5
23929,2
23929,29
23930,40
23930,9
23930,29
23930,1
23930,17
23930,6
23931,3
23931,5
23932,9
23932,83
23932,2
23932,3
23932,17
23933,9
23933,316
23933,1
23933,4
23933,3
23933,5
23933,17
23933,6
23934,3
23935,4
23935,3
23935,1
23935,5
23936,3
23936,161
23937,29
23937,1
23938,9
23938,83
23938,2
23938,3
23938,17
23939,166
23939,19
23940,9
23940,1
23940,5
23941,166
23941,19
23942,56
23942,5
23942,13
23943,56
23943,5
23943,13
23944,1
23944,5
23945,3
23946,166
23946,19
23947,3
23948,166
23948,19
23949,29
23949,9
23949,1
23949,5
23950,3
23950,11
23951,3
23951,11
23952,5
23952,1
23952,17
23952,13
23953,3
23953,11
23954,166
23954,19
23955,9
23955,1
23955,5
23956,166
23956,19
23957,166
23957,19
23958,166
23958,19
23959,166
23959,19
23960,3
23960,11
23961,166
23961,19
23962,3
23963,3
23964,166
23964,19
23965,9
23965,5
23966,3
23966,9
23966,1
23967,3
23968,4
23968,9
23968,1
23968,5
23969,3
23969,9
23969,1
23970,166
23970,19
23971,3
23972,166
23972,19
23973,166
23973,19
23974,166
23974,19
23975,3
23976,3
23977,4
23977,40
23977,1
23977,75
23978,11
23978,3
23978,5
23979,11
23979,3
23979,5
23980,9
23980,5
23981,3
23981,161
23982,11
23982,3
23982,5
23983,11
23983,3
23983,5
23984,11
23984,3
23984,5
23985,3
23985,5
23986,11
23986,3
23986,5
23987,11
23987,3
23987,5
23988,3
23988,5
23989,3
23989,161
23990,11
23990,3
23990,5
23991,3
23991,5
23992,9
23992,316
23992,1
23992,4
23992,3
23992,5
23992,17
23992,6
23993,11
23993,3
23993,5
23994,3
23994,5
23995,11
23995,3
23995,5
23996,11
23996,3
23996,5
23997,3
23997,5
23998,11
23998,3
23998,5
23999,3
23999,5
24000,9
24000,316
24000,1
24000,4
24000,3
24000,5
24000,17
24000,6
24001,11
24001,3
24001,5
24002,3
24003,3
24004,9
24004,5
24005,29
24005,9
24005,1
24005,111
24006,2
24006,9
24006,1
24006,5
24007,2
24007,1
24008,40
24008,9
24008,29
24008,1
24008,2
24008,4
24008,56
24008,13
24008,6
24009,2
24009,3
24010,3
24010,5
24011,40
24011,9
24011,29
24011,1
24011,17
24011,6
24012,3
24012,5
24013,2
24013,1
24014,3
24015,3
24015,5
24016,2
24016,1
24017,2
24017,3
24018,11
24018,3
24018,5
24019,3
24020,2
24020,1
24021,3
24021,5
24022,9
24022,1
24023,29
24023,1
24024,29
24024,9
24024,1
24025,9
24025,1
24025,5
24026,3
24026,5
24027,11
24027,3
24027,5
24028,11
24028,3
24028,5
24029,9
24029,5
24030,2
24030,29
24031,4
24031,9
24031,1
24031,5
24032,5
24032,9
24032,1
24033,9
24033,5
24034,5
24034,9
24034,1
24035,3
24035,161
24036,3
24036,9
24036,5
24037,3
24037,5
24038,3
24039,2
24039,1
24040,3
24040,5
24041,9
24042,9
24043,9
24044,3
24044,5
24045,1
24045,5
24046,29
24046,1
24046,5
24046,13
24046,17
24047,40
24047,9
24047,29
24047,1
24047,2
24047,4
24047,56
24047,13
24047,6
24048,3
24049,2
24049,1
24050,3
24050,5
24051,4
24051,11
24051,1
24052,3
24052,5
24052,6
24053,5
24054,9
24054,1
24055,9
24055,5
24056,9
24056,1
24057,9
24057,1
24057,5
24057,13
24058,166
24058,19
24059,5
24060,9
24060,5
24061,3
24061,5
24062,9
24062,5
24063,9
24063,1
24064,9
24064,1
24064,5
24064,13
24065,166
24065,19
24066,4
24066,1
24066,6
24067,9
24067,5
24068,9
24068,83
24068,2
24068,3
24068,17
24069,3
24069,5
24070,3
24070,5
24071,3
24071,5
24072,3
24072,5
24073,1
24073,5
24074,3
24074,5
24075,29
24075,1
24076,3
24077,3
24078,1
24078,5
24079,9
24079,5
24080,3
24081,3
24081,5
24082,3
24082,9
24082,5
24083,166
24083,19
24084,3
24084,1
24085,3
24085,1
24086,3
24087,3
24087,1
24088,3
24088,1
24089,3
24089,5
24090,3
24090,5
24091,3
24091,5
24092,3
24092,5
24093,29
24093,9
24093,1
24094,29
24094,1
24094,5
24095,3
24095,161
24096,3
24096,13
24097,3
24097,161
24098,3
24098,161
24099,2
24099,3
24100,9
24100,5
24101,3
24101,5
24102,29
24102,1
24103,9
24103,5
24104,2
24104,3
24105,2
24105,3
24106,2
24106,3
24107,9
24107,5
24108,3
24108,13
24109,29
24109,1
24109,5
24110,3
24110,5
24111,9
24111,5
24112,9
24112,5
24113,9
24113,5
24114,40
24114,1
24114,3
24114,5
24114,6
24115,3
24115,5
24116,9
24116,1
24117,9
24117,5
24118,3
24118,5
24119,3
24119,13
24120,3
24120,5
24121,3
24121,1
24122,3
24122,5
24123,3
24123,13
24124,3
24124,5
24125,29
24125,1
24126,40
24126,1
24126,5
24127,3
24128,3
24129,4
24129,1
24129,6
24130,9
24130,1
24131,3
24131,5
24132,3
24133,1
24133,5
24134,9
24134,5
24135,29
24135,1
24135,5
24136,3
24136,5
24137,29
24137,9
24138,9
24138,5
24139,47
24139,1
24139,3
24139,56
24139,5
24140,9
24140,83
24140,3
24140,111
24140,13
24140,6
24141,9
24142,9
24142,83
24142,3
24142,111
24142,13
24142,6
24143,11
24143,3
24143,5
24144,9
24144,5
24145,47
24145,1
24145,3
24145,56
24145,5
24146,9
24146,83
24146,3
24146,111
24146,13
24146,6
24147,3
24147,9
24147,5
24148,4
24148,1
24148,6
24149,47
24149,1
24149,3
24149,56
24149,5
24150,47
24150,1
24150,3
24150,56
24150,5
24151,9
24151,83
24151,3
24151,111
24151,13
24151,6
24152,9
24152,1
24152,5
24153,3
24154,3
24154,5
24155,11
24155,3
24156,11
24156,3
24157,1
24157,5
24158,1
24158,5
24159,3
24159,5
24160,1
24160,2
24160,3
24160,4
24160,5
24160,6
24161,3
24161,161
24162,29
24162,9
24162,1
24163,29
24163,9
24164,2
24164,3
24164,5
24165,1
24165,5
24166,4
24166,1
24166,6
24167,3
24168,4
24168,9
24168,1
24168,5
24169,9
24170,4
24170,11
24170,1
24171,3
24171,161
24172,2
24172,3
24172,9
24172,5
24173,1
24173,5
24174,29
24174,13
24174,6
24175,29
24175,13
24175,6
24176,4
24176,9
24176,1
24176,5
24177,3
24177,1
24177,5
24178,3
24179,2
24179,1
24180,3
24180,5
24180,13
24181,3
24182,2
24182,1
24183,3
24183,5
24184,3
24185,3
24185,1
24185,5
24186,3
24186,9
24186,5
24186,13
24187,11
24187,9
24187,1
24187,3
24187,5
24187,17
24187,6
24188,9
24188,1
24188,83
24188,5
24188,6
24189,3
24189,9
24189,5
24190,2
24190,1
24191,3
24191,5
24192,3
24192,5
24193,3
24194,2
24194,1
24195,2
24195,29
24196,4
24196,1
24196,6
24197,29
24197,9
24197,1
24198,9
24198,5
24198,13
24199,3
24199,5
24200,3
24201,2
24201,1
24202,13
24202,6
24203,3
24203,9
24203,5
24204,3
24204,5
24205,9
24206,9
24207,3
24208,2
24208,1
24209,1
24209,5
24210,9
24211,3
24211,1
24211,5
24212,29
24212,1
24212,5
24213,9
24213,5
24214,3
24214,1
24215,4
24215,11
24215,1
24216,9
24216,5
24217,4
24217,11
24217,1
24218,3
24218,161
24219,9
24219,5
24220,29
24220,1
24221,29
24221,9
24221,1
24221,111
24222,29
24222,9
24222,1
24222,111
24223,9
24223,5
24224,3
24224,13
24225,9
24225,5
24226,4
24226,11
24226,1
24227,9
24227,1
24227,4
24227,56
24227,6
24228,3
24229,9
24229,1
24229,4
24229,56
24229,6
24230,3
24231,3
24232,3
24233,3
24233,5
24234,5
24234,17
24234,13
24235,5
24235,17
24235,13
24236,5
24236,17
24236,13
24237,5
24237,17
24237,13
24238,4
24238,11
24238,1
24239,3
24239,5
24240,3
24240,9
24240,5
24240,13
24241,3
24241,13
24242,3
24242,161
24243,3
24244,3
24244,13
24245,9
24245,5
24246,3
24246,13
24247,9
24247,5
24248,3
24249,29
24249,5
24250,3
24251,3
24251,5
24252,9
24252,1
24252,4
24252,56
24252,6
24253,9
24253,5
24254,3
24255,29
24255,5
24256,3
24256,5
24257,3
24258,9
24258,5
24259,9
24259,5
24260,29
24260,5
24261,3
24261,5
24262,9
24262,1
24262,4
24262,56
24262,6
24263,40
24263,1
24263,5
24264,9
24264,5
24265,9
24265,5
24266,3
24267,3
24268,29
24268,5
24269,3
24269,5
24270,3
24271,3
24272,29
24272,5
24273,3
24273,5
24274,29
24274,5
24275,3
24275,5
24276,3
24277,3
24277,5
24278,3
24279,29
24279,9
24279,1
24280,9
24280,5
24281,2
24281,9
24281,1
24281,5
24282,3
24282,9
24282,5
24283,9
24283,5
24284,29
24284,1
24285,29
24285,1
24286,4
24286,11
24286,1
24287,9
24287,1
24288,9
24288,1
24289,5
24289,13
24290,166
24290,19
24291,3
24291,11
24292,9
24292,5
24293,9
24293,1
24294,9
24294,5
24295,9
24295,5
24296,2
24296,3
24297,11
24297,3
24297,5
24298,29
24298,9
24298,1
24299,3
24299,5
24300,9
24300,5
24301,29
24301,1
24301,5
24302,9
24302,5
24303,29
24303,1
24303,5
24304,3
24304,5
24305,40
24305,1
24305,5
24306,40
24306,1
24306,5
24307,9
24307,5
24308,9
24308,5
24309,29
24309,1
24309,5
24310,29
24310,1
24310,5
24311,40
24311,1
24311,5
24312,29
24312,1
24312,5
24313,9
24313,5
24314,3
24314,5
24315,29
24315,1
24316,29
24316,1
24317,29
24317,1
24318,9
24318,5
24319,9
24319,5
24320,29
24320,1
24321,166
24321,19
24322,1
24322,5
24323,1
24323,4
24323,74
24323,75
24323,17
24324,19
24325,19
24326,29
24326,13
24326,6
24327,3
24327,5
24328,3
24328,5
24329,9
24329,1
24329,5
24330,9
24330,1
24330,5
24331,2
24331,1
24332,3
24333,3
24333,5
24334,47
24334,1
24334,3
24334,56
24334,5
24335,4
24335,1
24335,6
24336,9
24336,1
24337,3
24337,5
24338,9
24338,83
24338,3
24338,111
24338,13
24338,6
24339,29
24339,5
24340,9
24340,83
24340,3
24340,111
24340,13
24340,6
24341,3
24342,3
24343,9
24343,1
24343,5
24344,1
24344,5
24345,9
24345,1
24345,5
24346,9
24347,2
24347,29
24348,29
24348,6
24348,17
24348,83
24349,9
24349,1
24349,5
24350,3
24350,5
24351,29
24351,5
24352,29
24352,1
24352,5
24353,9
24353,83
24353,2
24353,3
24353,17
24354,3
24355,3
24355,5
24356,47
24356,29
24356,4
24356,3
24356,6
24357,9
24357,5
24358,29
24358,1
24359,9
24359,5
24360,1
24360,5
24360,13
24361,9
24361,5
24362,1
24362,5
24363,3
24363,5
24364,2
24364,1
24365,4
24365,11
24365,1
24366,9
24367,9
24367,1
24367,5
24368,2
24368,29
24369,29
24369,1
24370,29
24370,9
24370,1
24371,4
24371,1
24371,6
24372,9
24373,5
24373,17
24373,13
24374,3
24375,3
24375,9
24375,5
24375,13
24376,9
24376,29
24376,1
24376,56
24376,111
24376,17
24377,9
24377,5
24378,9
24378,1
24378,5
24378,13
24379,9
24379,1
24379,5
24379,13
24380,2
24380,1
24381,4
24381,40
24381,1
24381,75
24382,1
24382,5
24383,3
24383,5
24384,9
24384,83
24384,3
24384,111
24384,13
24384,6
24385,4
24385,9
24385,1
24385,5
24386,47
24386,1
24386,3
24386,56
24386,5
24387,29
24387,5
24388,9
24388,83
24388,3
24388,111
24388,13
24388,6
24389,4
24389,9
24389,1
24389,5
24390,9
24390,1
24390,83
24390,5
24390,13
24390,17
24391,9
24391,5
24392,9
24392,5
24393,4
24393,1
24393,6
24394,9
24395,9
24395,5
24396,3
24397,2
24397,3
24397,1
24397,5
24398,5
24398,9
24398,1
24399,5
24399,9
24399,1
24400,5
24400,9
24400,1
24401,9
24401,1
24402,3
24403,3
24404,3
24405,4
24405,9
24405,1
24405,5
24406,4
24406,9
24406,1
24406,5
24407,4
24407,1
24407,6
24408,29
24408,9
24409,29
24409,9
24410,29
24410,9
24410,1
24410,111
24411,1
24411,2
24411,3
24411,4
24411,5
24411,6
24412,29
24412,9
24413,9
24413,1
24414,4
24414,9
24414,1
24414,5
24415,3
24416,4
24416,9
24416,1
24416,5
24417,3
24418,9
24418,5
24419,3
24420,29
24420,9
24421,4
24421,1
24421,6
24422,4
24422,1
24422,6
24423,3
24424,3
24425,3
24425,5
24426,9
24426,5
24426,13
24427,2
24427,29
24428,29
24428,1
24428,5
24429,4
24429,3
24429,1
24429,5
24430,3
24431,11
24431,3
24431,5
24432,3
24432,5
24433,2
24433,1
24434,3
24435,3
24435,1
24435,5
24436,3
24437,9
24438,2
24438,1
24439,3
24440,1
24440,5
24441,29
24441,9
24442,2
24442,3
24442,9
24442,5
24443,3
24443,161
24444,5
24444,17
24444,13
24445,29
24445,1
24446,9
24446,1
24447,3
24448,4
24448,1
24448,6
24449,3
24449,5
24450,9
24450,1
24450,5
24450,13
24451,9
24451,5
24452,3
24452,9
24452,5
24452,13
24453,5
24453,17
24453,13
24454,3
24455,3
24455,5
24456,2
24456,3
24457,3
24457,1
24457,5
24458,1
24458,5
24459,3
24460,9
24461,9
24462,2
24462,29
24463,29
24463,9
24463,1
24464,3
24464,161
24465,3
24465,161
24466,29
24466,6
24466,17
24466,83
24467,9
24467,12
24467,1
24467,5
24467,13
24468,3
24468,5
24469,11
24469,5
24470,3
24470,161
24471,2
24471,1
24472,3
24472,5
24473,2
24473,1
24474,29
24474,9
24474,1
24475,3
24475,161
24475,17
24476,4
24476,9
24476,1
24476,5
24477,3
24477,5
24478,40
24478,5
24479,9
24479,5
24480,3
24480,5
24481,3
24481,5
24482,2
24482,1
24483,1
24483,5
24484,3
24485,3
24485,1
24485,5
24486,9
24486,1
24487,1
24487,5
24488,2
24488,3
24488,5
24489,3
24489,5
24490,3
24490,5
24491,3
24492,3
24492,5
24493,9
24493,1
24494,3
24494,5
24495,3
24495,5
24496,3
24497,1
24497,5
24498,9
24498,1
24499,3
24499,5
24500,3
24500,5
24501,1
24501,5
24502,2
24502,3
24502,5
24503,3
24504,9
24504,1
24505,1
24505,5
24506,3
24506,5
24507,3
24507,5
24508,3
24509,2
24509,3
24509,5
24510,9
24510,1
24511,9
24511,1
24511,4
24511,56
24511,6
24512,3
24512,5
24513,3
24513,5
24514,1
24514,5
24515,3
24516,2
24516,3
24516,5
24517,9
24517,1
24518,3
24518,5
24519,3
24519,5
24520,3
24521,3
24522,1
24522,5
24523,47
24523,29
24523,4
24523,3
24523,6
24524,1
24524,5
24525,4
24525,1
24525,6
24526,4
24526,1
24526,6
24527,5
24527,17
24527,13
24528,4
24528,1
24528,6
24529,2
24529,3
24529,1
24529,5
24530,5
24530,17
24530,13
24531,4
24531,1
24531,6
24532,4
24532,1
24532,6
24533,2
24533,3
24533,1
24533,5
24534,2
24534,3
24534,1
24534,5
24535,3
24535,1
24535,5
24536,3
24536,5
24537,3
24537,1
24537,5
24538,3
24538,5
24539,40
24539,1
24539,3
24539,5
24539,6
24540,3
24540,9
24540,1
24540,5
24541,3
24541,161
24542,9
24542,5
24543,3
24543,5
24544,2
24544,1
24545,3
24545,5
24546,1
24546,5
24547,3
24547,9
24547,5
24548,3
24548,5
24549,3
24549,5
24550,3
24550,1
24550,5
24551,9
24551,83
24551,2
24551,3
24551,17
24552,29
24552,1
24553,9
24553,83
24553,3
24553,111
24553,13
24553,6
24554,29
24554,1
24555,29
24555,1
24555,5
24556,11
24556,3
24556,5
24557,11
24557,3
24557,5
24558,3
24558,5
24559,3
24559,1
24559,5
24560,2
24560,11
24560,5
24560,13
24561,2
24561,11
24561,5
24561,13
24562,9
24562,83
24562,2
24562,3
24562,17
24563,3
24563,1
24563,5
24564,3
24564,5
24565,2
24565,11
24565,5
24565,13
24566,3
24566,5
24567,3
24567,1
24567,5
24568,47
24568,29
24568,4
24568,3
24568,6
24569,3
24569,13
24570,47
24570,29
24570,4
24570,3
24570,6
24571,3
24571,1
24571,5
24572,2
24572,11
24572,5
24572,13
24573,2
24573,29
24574,3
24574,5
24575,3
24575,1
24575,5
24576,5
24576,17
24576,13
24577,9
24577,316
24577,1
24577,4
24577,3
24577,5
24577,17
24577,6
24578,11
24578,3
24578,5
24579,9
24579,5
24580,1
24580,5
24581,29
24581,5
24582,2
24583,1
24583,17
24584,4
24584,1
24584,6
24585,166
24585,19
24586,3
24587,3
24587,9
24587,1
24588,3
24588,9
24588,1
24589,1
24589,5
24590,1
24590,5
24591,1
24591,5
24592,9
24592,5
24593,9
24593,5
24593,13
24594,2
24594,1
24595,3
24596,2
24596,1
24597,2
24597,3
24597,1
24597,5
24598,3
24598,5
24599,2
24599,1
24600,1
24600,5
24601,2
24601,3
24602,2
24602,3
24603,29
24603,9
24603,1
24603,111
24604,3
24604,5
24605,3
24605,5
24606,9
24606,1
24606,4
24606,56
24606,6
24607,3
24607,5
24608,9
24608,29
24608,1
24608,56
24608,111
24608,17
24609,3
24609,1
24609,5
24610,3
24611,2
24611,1
24612,3
24612,1
24612,5
24613,1
24613,5
24614,3
24614,5
24615,3
24616,2
24616,1
24617,1
24617,5
24618,3
24618,1
24618,5
24619,3
24619,1
24619,5
24620,3
24621,40
24621,9
24621,29
24621,1
24621,2
24621,4
24621,56
24621,13
24621,6
24622,3
24622,5
24623,3
24623,13
24624,2
24624,1
24625,3
24626,4
24626,1
24626,6
24627,3
24627,5
24628,40
24628,9
24628,29
24628,1
24628,2
24628,4
24628,56
24628,13
24628,6
24629,2
24629,3
24629,1
24629,5
24630,9
24630,1
24631,3
24632,2
24632,1
24633,3
24633,5
24634,3
24635,3
24636,9
24636,83
24636,3
24636,111
24636,13
24636,6
24637,9
24637,1
24638,3
24639,3
24640,40
24640,5
24641,9
24641,5
24642,3
24643,3
24644,2
24644,3
24644,1
24644,5
24645,2
24645,1
24646,19
24647,9
24647,83
24647,2
24647,3
24647,17
24648,9
24648,1
24649,9
24650,3
24650,5
24651,3
24651,5
24652,9
24653,5
24653,9
24653,1
24654,3
24654,9
24654,5
24655,2
24655,1
24656,1
24656,5
24657,29
24657,1
24658,317
24658,2
24658,5
24658,4
24659,40
24659,9
24659,29
24659,1
24659,2
24659,4
24659,56
24659,13
24659,6
24660,9
24660,1
24661,3
24661,5
24662,3
24663,2
24663,3
24663,9
24663,5
24664,3
24664,11
24664,1
24664,5
24665,9
24665,1
24666,3
24667,1
24667,5
24668,4
24668,40
24668,1
24668,75
24669,40
24669,5
24670,3
24670,9
24670,5
24670,13
24671,3
24671,5
24672,1
24672,4
24672,74
24672,75
24672,17
24673,1
24673,5
24674,9
24675,9
24676,3
24677,2
24677,1
24678,40
24678,5
24679,9
24680,4
24680,9
24680,1
24680,5
24681,1
24681,4
24681,74
24681,75
24681,17
24682,1
24682,5
24683,2
24683,1
24684,3
24685,3
24685,5
24686,9
24687,3
24687,5
24688,3
24689,1
24689,5
24690,9
24691,3
24691,9
24691,5
24691,13
24692,40
24692,5
24693,3
24694,2
24694,3
24694,9
24694,5
24695,4
24695,9
24695,1
24695,5
24696,1
24696,4
24696,74
24696,75
24696,17
24697,1
24697,5
24698,3
24699,2
24699,1
24700,2
24700,1
24701,2
24701,1
24702,9
24703,2
24703,29
24704,9
24705,4
24705,9
24705,1
24705,5
24706,3
24707,3
24708,4
24708,9
24708,1
24708,5
24709,9
24710,3
24710,1
24710,5
24711,29
24711,1
24711,5
24712,3
24713,3
24714,3
24715,9
24715,1
24716,3
24716,5
24717,4
24717,1
24717,6
24718,9
24719,3
24719,1
24720,29
24720,9
24720,1
24720,5
24721,9
24721,5
24722,9
24722,1
24722,5
24723,2
24723,1
24724,1
24724,5
24725,29
24725,9
24725,1
24726,29
24726,9
24726,1
24726,5
24727,3
24727,5
24728,3
24728,5
24729,1
24729,5
24730,3
24730,9
24730,1
24731,9
24731,5
24732,4
24732,3
24732,1
24732,5
24733,83
24733,3
24733,5
24733,74
24733,13
24734,3
24734,5
24735,9
24735,1
24736,3
24736,5
24737,4
24737,1
24737,6
24738,9
24738,5
24739,3
24739,5
24740,3
24740,5
24741,12
24741,3
24741,56
24741,5
24741,74
24741,17
24742,3
24742,5
24743,3
24743,5
24744,3
24744,5
24745,3
24745,5
24746,3
24746,5
24747,4
24747,1
24747,6
24748,2
24748,3
24749,3
24749,161
24750,11
24750,3
24750,5
24751,3
24752,2
24752,1
24753,29
24753,9
24753,1
24754,3
24754,5
24755,1
24755,5
24756,9
24757,5
24757,17
24757,13
24758,3
24759,2
24759,1
24760,9
24761,4
24761,9
24761,1
24761,5
24762,4
24762,9
24762,1
24762,5
24763,3
24764,9
24764,1
24764,5
24765,9
24765,316
24765,1
24765,4
24765,3
24765,5
24765,17
24765,6
24766,4
24766,11
24766,1
24767,2
24768,3
24769,2
24769,1
24770,317
24770,2
24770,5
24770,4
24771,9
24771,5
24772,3
24772,5
24773,9
24774,9
24774,5
24775,4
24775,3
24775,1
24775,5
24776,9
24776,316
24776,1
24776,4
24776,3
24776,5
24776,17
24776,6
24777,2
24777,1
24778,3
24778,5
24779,2
24779,1
24780,2
24780,29
24781,3
24781,9
24781,1
24781,5
24782,3
24783,2
24783,1
24784,40
24784,9
24784,29
24784,1
24784,2
24784,4
24784,56
24784,13
24784,6
24785,9
24785,83
24785,2
24785,3
24785,17
24786,3
24786,5
24787,11
24787,3
24788,2
24788,29
24789,4
24789,9
24789,1
24789,5
24790,3
24791,4
24791,1
24791,6
24792,13
24792,6
24793,3
24794,11
24794,9
24794,1
24794,3
24794,5
24794,17
24794,6
24795,2
24795,1
24796,4
24796,40
24796,1
24796,75
24797,9
24797,1
24797,5
24798,4
24798,9
24798,1
24798,5
24799,2
24799,29
24800,4
24800,1
24800,6
24801,3
24801,13
24802,3
24803,166
24803,19
24804,9
24804,1
24804,13
24804,83
24805,1
24805,5
24806,3
24806,5
24807,3
24808,2
24808,29
24809,2
24809,1
24810,9
24810,1
24811,3
24811,1
24811,5
24812,9
24812,1
24813,3
24813,1
24813,5
24814,9
24814,5
24815,3
24815,13
24816,3
24816,5
24817,2
24817,1
24818,2
24818,29
24819,3
24820,3
24821,4
24821,9
24821,1
24821,5
24822,9
24822,5
24823,2
24823,1
24824,3
24824,9
24824,5
24825,9
24826,3
24826,5
24827,9
24827,5
24828,4
24828,9
24828,1
24828,5
24829,4
24829,9
24829,1
24829,5
24830,3
24830,5
24831,9
24831,5
24832,1
24832,5
24833,4
24833,1
24833,6
24834,3
24835,2
24835,1
24836,4
24836,9
24836,1
24836,5
24837,9
24838,9
24839,3
24839,5
24840,4
24840,11
24840,1
24841,9
24842,1
24842,5
24843,4
24843,1
24843,6
24844,3
24845,4
24845,9
24845,1
24845,5
24846,4
24846,11
24846,1
24847,2
24847,1
24848,3
24848,5
24849,29
24849,9
24849,1
24850,9
24850,1
24850,5
24851,9
24851,1
24851,5
24852,1
24852,5
24853,5
24853,17
24853,13
24854,3
24855,4
24855,11
24855,1
24856,2
24856,1
24857,9
24858,3
24858,5
24859,1
24859,5
24860,9
24861,4
24861,9
24861,1
24861,5
24862,3
24862,5
24863,4
24863,11
24863,1
24864,4
24864,9
24864,1
24864,5
24865,9
24865,1
24866,3
24866,161
24867,11
24867,3
24868,3
24869,2
24869,1
24870,9
24871,9
24872,3
24872,5
24873,9
24874,1
24874,5
24875,4
24875,1
24875,6
24876,4
24876,9
24876,1
24876,5
24877,4
24877,11
24877,1
24878,3
24879,2
24879,1
24880,9
24880,1
24881,9
24881,1
24881,5
24882,2
24882,3
24882,9
24882,5
24883,2
24883,3
24883,9
24883,5
24884,1
24884,5
24885,3
24886,4
24886,9
24886,1
24886,5
24887,4
24887,11
24887,1
24888,9
24888,1
24888,5
24889,2
24889,1
24890,3
24890,5
24891,4
24891,9
24891,1
24891,5
24892,4
24892,9
24892,1
24892,5
24893,3
24893,5
24894,1
24894,5
24895,9
24895,83
24895,3
24895,111
24895,13
24895,6
24896,4
24896,9
24896,1
24896,5
24897,3
24898,2
24898,1
24899,9
24899,1
24900,3
24900,5
24901,4
24901,9
24901,1
24901,5
24902,3
24902,5
24903,1
24903,5
24904,4
24904,9
24904,1
24904,5
24905,9
24905,83
24905,3
24905,111
24905,13
24905,6
24906,4
24906,9
24906,1
24906,5
24907,9
24907,1
24908,3
24909,2
24909,1
24910,9
24910,5
24911,3
24911,5
24912,9
24912,1
24912,5
24913,3
24913,1
24913,5
24914,3
24915,3
24916,166
24916,19
24917,166
24917,19
24918,3
24918,5
24919,2
24919,3
24920,17
24920,12
24920,9
24920,5
24921,3
24921,5
24922,11
24922,3
24922,5
24923,2
24923,1
24924,1
24924,5
24925,1
24925,5
24926,17
24926,12
24926,9
24926,5
24927,3
24928,3
24929,3
24930,9
24930,1
24930,5
24931,3
24932,166
24932,19
24933,3
24934,47
24934,1
24934,3
24934,56
24934,5
24935,9
24935,1
24935,4
24935,56
24935,6
24936,1
24936,5
24937,3
24937,161
24937,17
24938,3
24939,3
24939,5
24940,3
24941,3
24941,5
24942,29
24942,6
24942,17
24942,83
24943,2
24943,1
24944,3
24945,3
24946,3
24946,9
24946,1
24946,5
24947,3
24948,3
24948,19
24949,3
24949,5
24950,3
24951,3
24951,5
24952,3
24953,3
24953,5
24954,3
24954,5
24955,3
24955,5
24956,3
24956,161
24957,3
24957,5
24958,29
24958,9
24958,1
24959,3
24959,5
24960,2
24960,3
24960,1
24960,5
24961,3
24962,9
24963,9
24963,5
24964,3
24964,1
24964,5
24965,3
24966,1
24966,4
24966,2
24966,56
24966,5
24966,17
24966,6
24967,2
24967,1
24968,1
24968,5
24969,3
24969,1
24969,5
24970,29
24970,1
24971,9
24972,4
24972,9
24972,1
24972,5
24973,3
24973,5
24974,29
24974,9
24975,29
24975,9
24976,3
24976,5
24977,47
24977,29
24977,4
24977,3
24977,6
24978,1
24978,5
24979,1
24979,5
24980,5
24980,3
24980,9
24980,1
24981,5
24981,3
24981,9
24981,1
24982,5
24982,3
24982,9
24982,1
24983,5
24983,3
24983,9
24983,1
24984,3
24984,9
24984,5
24985,4
24985,9
24985,1
24985,5
24986,5
24986,3
24986,9
24986,1
24987,3
24988,3
24989,4
24989,9
24989,1
24989,5
24990,2
24990,1
24991,3
24992,3
24993,2
24993,1
24994,3
24994,9
24994,5
24995,3
24996,3
24996,161
24997,3
24997,1
24997,5
24998,3
24998,5
24999,9
24999,1
24999,13
25000,2
25000,1
25001,2
25001,1
25002,5
25002,9
25002,1
25003,3
25004,29
25004,9
25004,1
25004,111
25005,29
25005,9
25005,1
25005,111
25006,3
25006,5
25007,9
25007,12
25007,1
25007,5
25007,13
25008,29
25008,5
25009,29
25009,5
25010,2
25010,3
25010,1
25010,5
25011,1
25011,5
25012,2
25012,3
25012,5
25013,2
25013,3
25013,5
25014,9
25014,83
25014,2
25014,3
25014,17
25015,9
25016,29
25016,1
25017,9
25017,1
25018,47
25018,1
25018,3
25018,56
25018,5
25019,9
25019,1
25020,29
25020,5
25021,47
25021,1
25021,3
25021,56
25021,5
25022,3
25022,5
25023,9
25023,83
25023,3
25023,111
25023,13
25023,6
25024,9
25024,1
25024,83
25024,5
25024,13
25024,17
25025,9
25025,1
25025,83
25025,5
25025,13
25025,17
25026,9
25027,9
25028,3
25028,5
25029,9
25029,1
25030,1
25030,5
25031,4
25031,9
25031,1
25031,5
25032,1
25032,5
25033,9
25033,29
25033,1
25033,317
25033,5
25034,5
25034,1
25034,17
25034,13
25035,3
25035,5
25036,1
25036,5
25037,9
25037,1
25037,5
25038,4
25038,11
25038,1
25039,29
25039,9
25039,1
25040,2
25040,1
25041,3
25041,161
25042,3
25043,2
25043,1
25044,3
25044,5
25045,1
25045,5
25046,1
25046,5
25047,29
25047,6
25047,17
25047,83
25048,47
25048,1
25048,3
25048,56
25048,5
25049,40
25049,9
25049,29
25049,1
25049,17
25049,6
25050,47
25050,1
25050,3
25050,56
25050,5
25051,40
25051,9
25051,29
25051,1
25051,17
25051,6
25052,47
25052,1
25052,3
25052,56
25052,5
25053,40
25053,9
25053,29
25053,1
25053,5
25053,13
25054,47
25054,83
25054,2
25054,13
25054,17
25054,6
25055,9
25055,1
25055,5
25056,3
25056,5
25057,3
25058,166
25058,19
25059,3
25060,3
25060,161
25060,5
25060,83
25061,1
25061,5
25062,2
25062,1
25063,3
25063,1
25063,5
25064,1
25064,5
25065,9
25065,5
25066,4
25066,1
25066,6
25067,3
25068,2
25068,1
25069,3
25069,1
25069,5
25070,3
25071,29
25071,1
25071,5
25072,1
25072,5
25073,2
25073,1
25074,1
25074,5
25075,3
25075,1
25075,5
25076,1
25076,5
25077,29
25077,1
25078,1
25078,5
25079,3
25080,2
25080,11
25080,5
25080,13
25081,2
25081,3
25081,9
25081,5
25082,9
25083,3
25083,9
25083,5
25084,9
25084,5
25085,1
25085,5
25086,9
25087,9
25087,1
25087,3
25087,5
25087,13
25087,17
25088,2
25088,1
25089,9
25090,2
25090,3
25091,3
25091,161
25092,3
25092,9
25092,1
25093,3
25093,1
25093,5
25094,3
25094,161
25095,11
25095,3
25095,5
25096,3
25097,3
25098,3
25098,5
25099,3
25099,5
25100,2
25100,9
25100,1
25100,5
25101,2
25101,3
25101,9
25101,5
25102,2
25102,29
25103,11
25103,3
25103,5
25104,3
25104,5
25104,13
25105,9
25105,1
25105,5
25105,13
25106,4
25106,40
25106,1
25106,75
25107,40
25107,9
25107,316
25107,47
25107,29
25107,1
25107,83
25107,317
25107,56
25107,5
25107,74
25107,13
25107,17
25107,318
25107,6
25108,9
25109,3
25110,9
25110,12
25110,1
25110,5
25110,13
25111,9
25111,83
25111,2
25111,3
25111,17
25112,2
25112,1
25113,4
25113,40
25113,1
25113,75
25114,3
25114,5
25114,13
25115,2
25115,3
25115,5
25116,1
25116,17
25117,4
25117,40
25117,1
25117,75
25118,11
25118,3
25119,11
25119,3
25120,11
25120,3
25121,5
25121,9
25121,1
25122,4
25122,9
25122,1
25122,5
25123,3
25123,5
25124,2
25124,1
25125,2
25125,29
25126,166
25126,19
25127,166
25127,19
25128,40
25128,9
25128,29
25128,1
25128,2
25128,4
25128,56
25128,13
25128,6
25129,3
25130,3
25131,9
25131,1
25131,5
25132,2
25132,1
25133,3
25134,4
25134,9
25134,1
25134,5
25135,166
25135,19
25136,5
25136,1
25136,17
25136,13
25137,166
25137,19
25138,3
25139,29
25139,9
25139,1
25139,5
25140,3
25140,1
25141,3
25142,9
25143,3
25143,5
25144,1
25144,5
25145,29
25145,9
25145,1
25145,111
25146,3
25146,5
25147,3
25148,2
25148,11
25148,5
25148,13
25149,3
25149,5
25150,29
25150,1
25150,5
25151,3
25152,9
25152,5
25153,3
25153,5
25154,3
25155,9
25155,5
25156,9
25156,83
25156,2
25156,3
25156,17
25157,3
25157,1
25157,5
25158,83
25158,3
25158,5
25158,74
25158,13
25159,83
25159,3
25159,5
25159,74
25159,13
25160,3
25160,5
25161,3
25161,9
25161,5
25162,29
25162,9
25162,1
25163,3
25163,1
25163,5
25164,3
25164,9
25164,5
25165,29
25165,1
25166,11
25166,3
25166,5
25167,3
25167,5
25168,3
25168,5
25169,40
25169,9
25169,29
25169,1
25169,17
25169,6
25170,9
25170,1
25171,9
25172,3
25172,5
25173,9
25173,1
25174,2
25174,3
25174,9
25174,5
25175,2
25175,1
25176,3
25176,13
25177,1
25177,5
25178,9
25178,5
25179,3
25180,9
25180,1
25180,5
25181,3
25181,1
25181,5
25182,9
25182,1
25183,4
25183,1
25183,6
25184,29
25184,1
25185,29
25185,1
25186,9
25186,1
25187,2
25187,1
25188,1
25188,5
25189,3
25189,5
25190,3
25190,161
25191,9
25192,1
25192,5
25193,2
25193,1
25194,3
25194,5
25195,3
25195,161
25196,3
25196,161
25197,9
25198,3
25199,56
25199,5
25199,13
25200,3
25200,161
25201,2
25201,3
25201,9
25201,5
25202,3
25203,1
25203,5
25204,29
25204,9
25204,1
25205,9
25206,3
25206,5
25207,1
25207,5
25208,29
25208,9
25208,1
25209,9
25209,1
25209,5
25210,4
25210,9
25210,1
25210,5
25211,4
25211,11
25211,1
25212,3
25213,3
25213,5
25214,29
25214,9
25214,1
25214,111
25215,3
25215,5
25216,3
25216,5
25217,9
25217,1
25217,5
25218,1
25218,5
25219,29
25219,1
25219,5
25220,4
25220,9
25220,1
25220,5
25221,5
25221,17
25221,13
25222,3
25223,4
25223,11
25223,1
25224,2
25224,1
25225,3
25225,5
25226,3
25226,5
25227,3
25227,5
25228,9
25228,1
25228,5
25229,1
25229,5
25230,9
25230,1
25230,3
25230,5
25230,13
25230,17
25231,3
25232,9
25232,1
25233,4
25233,9
25233,1
25233,5
25234,29
25234,9
25234,1
25235,9
25235,1
25235,5
25236,9
25236,1
25236,5
25237,3
25237,5
25238,1
25238,5
25239,9
25239,83
25239,3
25239,111
25239,13
25239,6
25240,3
25241,9
25241,1
25242,2
25242,1
25243,3
25243,5
25244,4
25244,40
25244,1
25244,75
25245,4
25245,40
25245,1
25245,75
25246,2
25246,1
25247,40
25247,9
25247,29
25247,1
25247,2
25247,4
25247,56
25247,13
25247,6
25248,3
25248,9
25248,1
25248,5
25249,3
25250,2
25250,1
25251,3
25251,9
25251,1
25251,5
25252,4
25252,1
25252,6
25253,3
25253,161
25254,3
25254,161
25255,9
25256,3
25256,5
25257,9
25258,40
25258,5
25259,2
25259,1
25260,9
25261,3
25261,5
25262,1
25262,5
25263,3
25263,5
25264,3
25265,1
25265,5
25266,3
25266,1
25266,5
25267,3
25268,3
25268,9
25268,5
25269,3
25269,5
25270,9
25270,5
25271,9
25271,5
25271,13
25272,2
25272,1
25273,3
25273,5
25274,3
25275,2
25275,29
25276,4
25276,3
25276,1
25276,5
25277,29
25277,1
25278,3
25278,1
25278,5
25279,3
25279,5
25280,1
25280,17
25281,3
25281,9
25281,5
25282,3
25282,5
25283,3
25283,9
25283,5
25284,9
25284,5
25284,13
25285,2
25285,1
25286,9
25286,1
25286,83
25286,5
25286,6
25287,9
25287,1
25287,83
25287,5
25287,6
25288,9
25288,1
25289,9
25289,1
25290,4
25290,9
25290,1
25290,5
25291,3
25291,5
25292,4
25292,9
25292,1
25292,5
25293,2
25293,29
25294,12
25294,3
25294,56
25294,5
25294,74
25294,17
25295,3
25296,29
25296,13
25296,6
25297,2
25297,1
25298,3
25299,2
25299,29
25300,9
25301,3
25301,5
25302,3
25302,5
25303,9
25303,1
25304,9
25304,5
25305,29
25305,13
25305,6
25306,29
25306,13
25306,6
25307,4
25307,1
25307,6
25308,4
25308,1
25308,6
25309,29
25309,1
25310,5
25310,17
25310,13
25311,9
25311,316
25311,1
25311,4
25311,3
25311,5
25311,17
25311,6
25312,3
25313,3
25313,1
25314,47
25314,29
25314,4
25314,3
25314,6
25315,47
25315,316
25315,1
25315,83
25315,6
25316,9
25316,83
25316,2
25316,3
25316,17
25317,29
25317,1
25317,5
25318,2
25318,3
25318,5
25319,29
25319,1
25320,4
25320,1
25320,6
25321,166
25321,19
25322,4
25322,1
25322,6
25323,3
25323,5
25324,2
25324,1
25325,9
25325,1
25325,5
25326,4
25326,9
25326,1
25326,5
25327,3
25328,29
25328,9
25328,1
25329,2
25329,29
25330,29
25330,13
25330,6
25331,29
25331,13
25331,6
25332,3
25332,5
25333,3
25334,3
25334,1
25335,3
25335,5
25336,3
25337,29
25337,5
25338,1
25338,13
25339,2
25339,1
25340,3
25340,5
25341,9
25342,2
25342,29
25343,9
25343,1
25344,3
25344,5
25345,3
25345,5
25346,3
25346,5
25347,9
25347,1
25348,29
25348,13
25348,6
25349,29
25349,13
25349,6
25350,9
25350,1
25351,29
25351,1
25352,4
25352,1
25352,6
25353,9
25353,316
25353,1
25353,4
25353,3
25353,5
25353,17
25353,6
25354,5
25354,17
25354,13
25355,3
25356,3
25357,3
25357,1
25358,11
25358,3
25358,5
25359,4
25359,1
25359,6
25360,9
25360,1
25361,9
25361,12
25361,1
25361,5
25361,13
25362,9
25362,5
25363,1
25363,5
25364,9
25364,1
25364,5
25364,13
25365,9
25365,5
25366,9
25366,5
25367,2
25367,1
25368,3
25368,9
25368,5
25369,3
25369,5
25370,3
25370,5
25371,3
25371,9
25371,5
25372,3
25372,9
25372,5
25373,9
25373,5
25374,3
25374,9
25374,5
25375,3
25376,3
25377,9
25377,5
25378,40
25378,9
25378,29
25378,1
25378,2
25378,4
25378,56
25378,13
25378,6
25379,3
25379,5
25380,9
25380,5
25381,3
25382,29
25382,9
25382,1
25383,3
25384,29
25384,1
25385,29
25385,1
25385,5
25386,3
25386,5
25387,9
25388,1
25388,5
25389,29
25389,1
25390,40
25390,9
25390,29
25390,1
25390,2
25390,4
25390,56
25390,13
25390,6
25391,4
25391,11
25391,1
25392,40
25392,9
25392,29
25392,1
25392,2
25392,4
25392,56
25392,13
25392,6
25393,3
25394,3
25395,5
25395,9
25395,1
25396,3
25397,3
25398,40
25398,9
25398,29
25398,1
25398,2
25398,4
25398,56
25398,13
25398,6
25399,3
25399,5
25400,29
25400,1
25401,3
25401,1
25402,3
25402,5
25403,4
25403,1
25403,6
25404,3
25404,5
25405,3
25406,11
25406,3
25407,11
25407,3
25408,9
25408,1
25408,4
25408,56
25408,6
25409,9
25410,3
25410,5
25411,9
25411,5
25412,9
25412,5
25413,3
25413,5
25414,3
25414,9
25414,5
25415,3
25415,5
25415,6
25416,3
25417,3
25417,9
25417,5
25418,3
25419,3
25419,13
25420,3
25421,3
25422,3
25423,3
25424,3
25425,3
25426,29
25426,9
25427,2
25427,3
25428,4
25428,1
25428,6
25429,3
25429,5
25430,29
25430,9
25431,9
25431,5
25432,2
25432,3
25433,2
25433,3
25434,2
25434,3
25435,9
25435,1
25435,5
25436,9
25437,1
25437,5
25438,2
25438,1
25439,29
25439,1
25439,5
25440,3
25441,1
25441,5
25442,3
25442,1
25442,5
25443,9
25444,2
25444,1
25445,9
25445,1
25445,83
25445,5
25445,6
25446,9
25447,3
25447,5
25448,9
25448,1
25449,1
25449,5
25450,3
25451,4
25451,1
25451,6
25452,9
25452,1
25453,3
25453,5
25454,9
25454,1
25455,3
25455,1
25455,5
25456,5
25456,17
25456,13
25457,29
25457,1
25458,9
25458,1
25459,3
25459,1
25459,5
25460,29
25460,1
25460,5
25461,3
25462,47
25462,29
25462,4
25462,3
25462,6
25463,3
25464,9
25465,9
25465,5
25466,11
25466,9
25466,1
25466,3
25466,5
25466,17
25466,6
25467,3
25467,9
25467,5
25468,29
25468,1
25468,5
25469,3
25470,4
25470,1
25470,6
25471,2
25471,1
25472,1
25472,5
25473,3
25473,5
25474,2
25474,29
25475,9
25475,5
25476,3
25477,2
25477,1
25478,29
25478,9
25478,1
25479,3
25479,5
25480,29
25480,9
25480,1
25481,2
25481,3
25481,9
25481,5
25482,3
25482,5
25483,1
25483,5
25484,3
25485,5
25485,17
25485,13
25486,2
25486,1
25487,4
25487,9
25487,1
25487,5
25488,3
25488,5
25489,4
25489,11
25489,1
25490,29
25490,9
25490,1
25491,4
25491,9
25491,1
25491,5
25492,4
25492,9
25492,1
25492,5
25493,3
25493,5
25494,1
25494,5
25495,9
25495,1
25495,3
25495,5
25495,13
25495,17
25496,3
25497,2
25497,1
25498,9
25498,1
25499,1
25499,5
25500,4
25500,9
25500,1
25500,5
25501,3
25501,5
25502,1
25502,5
25503,29
25503,9
25503,1
25503,111
25504,3
25504,5
25505,1
25505,5
25506,3
25507,3
25507,1
25507,5
25508,2
25508,1
25509,4
25509,9
25509,1
25509,5
25510,3
25511,29
25511,5
25512,3
25513,3
25514,29
25514,5
25515,3
25516,3
25516,5
25517,3
25517,9
25517,5
25517,13
25518,3
25519,29
25519,5
25520,3
25520,5
25521,3
25522,3
25523,3
25524,29
25524,5
25525,3
25526,3
25527,29
25527,5
25528,3
25528,5
25529,9
25529,5
25530,9
25530,5
25531,29
25531,5
25532,3
25532,5
25533,9
25534,9
25534,5
25535,9
25535,5
25536,29
25536,5
25537,9
25537,5
25538,9
25538,5
25539,3
25539,5
25540,9
25540,5
25541,9
25541,5
25542,11
25542,3
25542,5
25543,11
25543,3
25543,5
25544,9
25544,1
25544,5
25545,9
25545,1
25545,5
25546,9
25546,1
25546,5
25547,3
25547,5
25548,40
25548,9
25548,29
25548,1
25548,2
25548,4
25548,56
25548,13
25548,6
25549,3
25549,5
25550,40
25550,9
25550,29
25550,1
25550,5
25550,13
25551,4
25551,1
25551,6
25552,3
25552,1
25552,5
25553,3
25553,161
25554,3
25554,5
25555,9
25556,3
25557,9
25557,1
25557,5
25558,1
25558,5
25559,9
25559,1
25559,5
25560,1
25560,5
25561,9
25561,1
25561,5
25562,1
25562,5
25563,1
25563,5
25564,29
25564,5
25565,4
25565,40
25565,1
25565,75
25566,3
25567,166
25567,19
25568,166
25568,19
25569,3
25569,5
25570,3
25571,3
25571,9
25571,5
25571,13
25572,9
25572,5
25573,2
25573,1
25574,3
25574,5
25575,9
25575,83
25575,2
25575,3
25575,17
25576,3
25576,5
25577,9
25577,1
25577,5
25578,3
25578,5
25579,2
25579,1
25580,2
25580,1
25581,9
25581,1
25581,5
25582,3
25582,5
25583,2
25583,29
25584,29
25584,1
25584,5
25585,9
25585,1
25585,5
25586,3
25587,3
25587,5
25588,29
25588,5
25589,29
25589,9
25589,1
25590,3
25590,5
25591,3
25592,29
25592,1
25592,5
25593,166
25593,19
25594,166
25594,19
25595,3
25595,5
25596,166
25596,19
25597,29
25597,1
25597,5
25598,9
25598,5
25599,3
25600,3
25600,5
25601,3
25601,5
25602,9
25602,5
25603,3
25603,5
25604,1
25604,5
25605,2
25605,1
25606,1
25606,17
25607,29
25607,1
25608,3
25609,40
25609,9
25609,29
25609,1
25609,2
25609,4
25609,56
25609,13
25609,6
25610,3
25610,161
25611,3
25611,5
25612,3
25612,161
25613,9
25613,1
25614,5
25614,9
25614,1
25615,5
25615,9
25615,1
25616,166
25616,19
25617,29
25617,9
25618,9
25618,1
25619,9
25620,9
25621,2
25621,29
25622,5
25622,17
25622,13
25623,3
25624,40
25624,5
25625,4
25625,1
25625,6
25626,4
25626,1
25626,6
25627,3
25627,1
25628,4
25628,1
25628,6
25629,3
25629,13
25630,3
25630,1
25630,5
25631,40
25631,1
25631,5
25632,9
25632,5
25633,40
25633,1
25633,5
25634,3
25634,1
25634,5
25635,9
25635,5
25636,3
25636,5
25637,40
25637,1
25637,5
25638,29
25638,1
25638,5
25639,9
25639,5
25640,9
25640,5
25641,9
25641,5
25642,9
25642,5
25643,4
25643,1
25643,6
25644,9
25644,5
25645,11
25645,3
25646,2
25646,3
25646,1
25646,5
25647,4
25647,1
25647,6
25648,9
25648,5
25649,9
25649,5
25650,3
25650,5
25651,9
25651,5
25652,1
25652,4
25652,74
25652,75
25652,17
25653,9
25654,3
25654,5
25655,2
25655,1
25656,1
25656,5
25657,9
25657,5
25657,13
25658,9
25658,5
25658,13
25659,3
25660,3
25661,29
25661,9
25662,3
25662,1
25662,5
25663,9
25663,1
25664,1
25664,5
25665,1
25665,5
25666,3
25666,5
25667,3
25667,5
25668,3
25669,9
25669,5
25670,9
25670,1
25671,1
25671,5
25672,3
25672,5
25673,3
25673,5
25674,3
25674,5
25675,3
25676,2
25676,3
25676,1
25676,5
25677,4
25677,1
25677,6
25678,9
25678,83
25678,2
25678,3
25678,17
25679,11
25679,5
25680,40
25680,5
25681,3
25681,5
25682,4
25682,9
25682,1
25682,5
25683,2
25683,29
25684,3
25684,9
25684,5
25685,3
25685,5
25686,3
25687,11
25687,3
25687,5
25688,2
25688,11
25688,5
25688,13
25689,9
25689,5
25690,9
25690,5
25691,9
25691,316
25691,1
25691,4
25691,3
25691,5
25691,17
25691,6
25692,2
25692,1
25693,3
25693,5
25693,13
25694,3
25694,1
25694,5
25695,5
25695,17
25695,13
25696,166
25696,19
25697,9
25697,5
25698,9
25698,83
25698,2
25698,3
25698,17
25699,4
25699,1
25699,6
25700,166
25700,19
25701,4
25701,11
25701,1
25702,3
25702,5
25703,29
25703,9
25703,1
25703,13
25704,2
25704,3
25705,2
25705,3
25706,29
25706,9
25706,1
25707,40
25707,1
25707,3
25707,5
25707,6
25708,29
25708,5
25709,3
25709,5
25710,9
25710,5
25711,3
25712,9
25712,5
25713,2
25713,1
25714,317
25714,2
25714,5
25714,4
25715,3
25715,5
25716,3
25716,5
25717,3
25717,13
25718,3
25718,5
25719,3
25719,13
25720,29
25720,6
25720,17
25720,83
25721,3
25721,13
25722,3
25722,13
25723,4
25723,11
25723,1
25724,3
25724,13
25725,3
25725,13
25726,3
25727,2
25727,1
25728,40
25728,5
25729,3
25730,9
25730,1
25731,29
25731,1
25731,5
25732,3
25733,3
25734,3
25734,5
25735,3
25736,3
25736,5
25737,2
25737,1
25738,47
25738,1
25738,3
25738,56
25738,5
25739,3
25739,5
25740,3
25740,5
25741,3
25742,11
25742,9
25742,1
25742,3
25742,5
25742,17
25742,6
25743,3
25743,1
25743,5
25744,166
25744,19
25745,11
25745,3
25745,5
25746,3
25747,3
25747,5
25748,29
25748,9
25748,1
25749,9
25749,1
25749,5
25749,13
25750,3
25751,3
25752,4
25752,1
25752,6
25753,40
25753,9
25753,29
25753,1
25753,17
25753,6
25754,3
25755,9
25755,1
25756,29
25756,9
25757,3
25757,5
25757,13
25758,9
25758,5
25759,3
25760,29
25760,9
25761,1
25761,5
25762,29
25762,9
25763,9
25763,316
25763,1
25763,4
25763,3
25763,5
25763,17
25763,6
25764,9
25764,1
25764,5
25764,13
25765,4
25765,1
25765,6
25766,4
25766,1
25766,6
25767,166
25767,19
25768,3
25768,5
25769,3
25769,5
25770,4
25770,1
25770,6
25771,3
25772,3
25773,2
25773,1
25774,2
25774,1
25775,166
25775,19
25776,3
25776,5
25777,3
25777,5
25778,2
25778,3
25779,1
25779,5
25780,2
25780,1
25781,3
25781,5
25782,3
25783,2
25783,1
25784,4
25784,9
25784,1
25784,5
25785,3
25786,9
25786,1
25786,5
25787,29
25787,13
25787,6
25788,29
25788,13
25788,6
25789,3
25790,2
25790,29
25791,3
25791,1
25792,29
25792,5
25793,3
25794,2
25794,1
25795,29
25795,1
25795,5
25796,9
25797,9
25797,5
25798,2
25798,29
25799,40
25799,5
25800,3
25800,9
25800,5
25801,4
25801,1
25801,6
25802,3
25803,2
25803,1
25804,3
25804,9
25804,1
25805,9
25806,9
25806,1
25807,29
25807,13
25807,6
25808,2
25808,29
25809,29
25809,13
25809,6
25810,29
25810,13
25810,6
25811,29
25811,13
25811,6
25812,29
25812,13
25812,6
25813,3
25813,1
25814,9
25814,1
25815,3
25816,3
25817,11
25817,9
25817,12
25817,1
25817,2
25817,5
25817,13
25818,4
25818,1
25818,6
25819,3
25819,161
25820,3
25821,3
25822,2
25822,1
25823,9
25823,1
25824,9
25824,1
25825,9
25825,1
25826,9
25826,5
25827,3
25827,1
25827,5
25828,9
25828,5
25829,9
25829,12
25829,1
25829,5
25829,13
25830,3
25831,13
25831,6
25832,9
25832,12
25832,1
25832,5
25832,13
25833,47
25833,29
25833,4
25833,3
25833,6
25834,3
25834,5
25835,2
25835,29
25836,29
25836,1
25836,5
25837,3
25837,9
25837,5
25838,9
25838,1
25839,9
25840,3
25840,5
25841,40
25841,9
25841,316
25841,47
25841,29
25841,1
25841,83
25841,317
25841,56
25841,5
25841,74
25841,13
25841,17
25841,318
25841,6
25842,29
25842,17
25843,2
25843,1
25844,29
25844,17
25845,9
25845,5
25846,1
25846,4
25846,74
25846,75
25846,17
25847,166
25847,19
25848,40
25848,5
25849,2
25849,29
25850,9
25850,5
25851,3
25851,13
25852,9
25852,83
25852,2
25852,3
25852,17
25853,3
25854,2
25854,1
25855,47
25855,29
25855,4
25855,3
25855,6
25856,3
25856,5
25857,9
25857,1
25858,9
25858,1
25858,5
25859,9
25859,1
25860,9
25861,3
25862,2
25862,29
25863,3
25863,1
25863,5
25864,4
25864,1
25864,6
25865,4
25865,1
25865,6
25866,3
25867,9
25867,1
25867,5
25868,3
25868,1
25868,5
25869,3
25869,5
25870,29
25870,13
25870,6
25871,3
25872,3
25872,1
25873,3
25874,9
25874,1
25875,166
25875,19
25876,29
25876,13
25876,6
25877,9
25877,1
25878,3
25879,9
25879,1
25880,9
25880,1
25881,3
25881,5
25882,4
25882,1
25882,6
25883,3
25883,5
25884,2
25884,1
25885,2
25885,1
25886,5
25886,1
25886,17
25886,13
25887,4
25887,1
25887,6
25888,2
25888,9
25888,1
25888,5
25889,2
25889,9
25889,1
25889,5
25890,1
25890,4
25890,74
25890,75
25890,17
25891,9
25891,1
25892,2
25892,9
25892,1
25892,5
25893,2
25893,9
25893,1
25893,5
25894,2
25894,9
25894,1
25894,5
25895,2
25895,9
25895,1
25895,5
25896,2
25896,9
25896,1
25896,5
25897,2
25897,9
25897,1
25897,5
25898,2
25898,9
25898,1
25898,5
25899,2
25899,9
25899,1
25899,5
25900,2
25900,9
25900,1
25900,5
25901,3
25902,3
25902,5
25903,3
25903,5
25904,2
25904,3
25904,1
25904,5
25905,9
25905,5
25906,3
25906,13
25907,2
25907,9
25907,1
25907,5
25908,2
25908,9
25908,1
25908,5
25909,1
25909,5
25910,9
25911,3
25911,5
25912,1
25912,5
25913,2
25913,3
25913,9
25913,5
25914,29
25914,5
25915,3
25916,2
25916,1
25917,3
25917,5
25918,2
25918,29
25919,40
25919,9
25919,29
25919,1
25919,2
25919,4
25919,56
25919,13
25919,6
25920,3
25921,3
25921,13
25922,9
25922,1
25922,5
25923,1
25923,2
25923,3
25923,4
25923,5
25923,6
25924,1
25924,5
25925,3
25925,161
25926,9
25926,5
25927,3
25927,161
25928,2
25928,3
25928,9
25928,5
25929,29
25929,1
25930,1
25930,5
25931,2
25931,1
25932,4
25932,1
25932,6
25933,9
25933,1
25934,9
25934,1
25935,29
25935,9
25935,1
25935,13
25936,3
25937,29
25937,9
25937,1
25937,13
25938,9
25938,12
25938,1
25938,5
25938,13
25939,3
25939,1
25939,5
25940,9
25940,83
25940,2
25940,3
25940,17
25941,29
25941,1
25941,5
25942,3
25943,3
25944,3
25944,19
25945,4
25945,11
25945,1
25946,4
25946,3
25946,1
25946,5
25947,3
25947,9
25947,1
25948,4
25948,9
25948,1
25948,5
25949,9
25949,1
25949,4
25949,56
25949,6
25950,9
25950,83
25950,2
25950,3
25950,17
25951,11
25951,9
25951,1
25951,3
25951,5
25951,17
25951,6
25952,3
25952,5
25953,2
25953,1
25954,1
25954,5
25955,3
25955,1
25955,5
25956,2
25956,1
25957,3
25957,5
25958,2
25958,1
25959,9
25959,1
25959,4
25959,56
25959,6
25960,1
25960,5
25961,40
25961,9
25961,29
25961,1
25961,17
25961,6
25962,2
25962,11
25962,5
25962,13
25963,4
25963,1
25963,6
25964,3
25964,5
25965,2
25965,29
25966,3
25966,5
25967,3
25967,1
25967,5
25968,3
25969,2
25969,1
25970,3
25971,9
25971,1
25971,5
25972,9
25972,1
25972,5
25973,3
25974,2
25974,1
25975,3
25975,5
25976,3
25977,3
25977,5
25978,2
25978,29
25979,3
25979,1
25979,5
25980,3
25981,9
25981,1
25981,5
25982,1
25982,5
25983,3
25983,1
25983,5
25984,2
25984,1
25985,9
25986,3
25986,1
25986,5
25987,9
25988,9
25989,9
25989,1
25989,5
25990,1
25990,5
25991,2
25991,1
25992,3
25993,1
25993,5
25994,3
25994,1
25994,5
25995,9
25996,9
25997,9
25998,3
25998,5
25999,5
25999,17
25999,13
26000,4
26000,9
26000,1
26000,5
26001,3
26002,2
26002,1
26003,4
26003,11
26003,1
26004,4
26004,9
26004,1
26004,5
26005,4
26005,9
26005,1
26005,5
26006,2
26006,3
26006,9
26006,5
26007,1
26007,5
26008,4
26008,9
26008,1
26008,5
26009,4
26009,9
26009,1
26009,5
26010,5
26010,9
26010,1
26011,3
26012,2
26012,1
26013,3
26013,5
26014,9
26014,1
26015,40
26015,9
26015,316
26015,47
26015,29
26015,1
26015,83
26015,317
26015,56
26015,5
26015,74
26015,13
26015,17
26015,318
26015,6
26016,3
26016,11
26017,3
26018,3
26019,2
26019,1
26020,3
26021,29
26021,5
26022,3
26022,5
26023,4
26023,9
26023,1
26023,5
26024,9
26024,1
26025,5
26025,13
26026,5
26026,13
26027,3
26027,161
26028,2
26028,1
26029,9
26029,1
26029,83
26029,5
26029,13
26029,17
26030,47
26030,1
26030,3
26030,56
26030,5
26031,29
26031,9
26031,1
26032,1
26032,5
26033,9
26033,1
26033,5
26034,9
26034,1
26034,5
26035,40
26035,1
26035,5
26036,9
26036,1
26036,5
26037,9
26037,1
26037,5
26038,9
26038,1
26038,5
26039,9
26039,1
26039,5
26040,29
26040,9
26040,1
26041,2
26041,11
26041,5
26042,9
26042,29
26042,1
26042,56
26042,111
26042,17
26043,29
26043,6
26043,17
26043,83
26044,3
26045,1
26045,5
26046,2
26046,3
26047,3
26047,1
26047,5
26048,3
26049,40
26049,5
26050,2
26050,3
26050,9
26050,5
26051,2
26051,29
26052,29
26052,1
26052,5
26053,9
26053,83
26053,3
26053,111
26053,13
26053,6
26054,9
26054,5
26055,9
26055,5
26056,3
26057,9
26057,83
26057,3
26057,111
26057,13
26057,6
26058,9
26058,1
26058,5
26059,4
26059,9
26059,1
26059,5
26060,2
26060,29
26061,3
26061,5
26062,3
26062,5
26063,3
26063,5
26064,9
26064,1
26064,5
26065,29
26065,1
26065,5
26066,9
26066,5
26067,5
26067,17
26067,13
26068,1
26068,5
26069,29
26069,5
26070,3
26071,40
26071,9
26071,29
26071,1
26071,2
26071,4
26071,56
26071,13
26071,6
26072,3
26072,5
26073,9
26073,5
26074,3
26075,12
26075,2
26075,3
26075,5
26075,17
26076,3
26076,5
26077,3
26078,3
26079,29
26079,1
26079,5
26080,3
26080,9
26080,5
26081,5
26081,13
26082,3
26082,5
26083,47
26083,29
26083,4
26083,3
26083,6
26084,3
26084,5
26085,3
26085,5
26086,1
26086,5
26087,2
26087,1
26088,3
26088,161
26089,3
26090,29
26090,9
26090,1
26090,111
26091,3
26091,1
26091,5
26092,3
26093,5
26093,9
26093,1
26094,47
26094,1
26094,3
26094,56
26094,5
26095,1
26095,5
26096,9
26096,1
26096,5
26097,11
26097,3
26097,5
26098,2
26098,3
26098,9
26098,5
26099,3
26100,3
26100,5
26101,9
26101,12
26101,1
26101,5
26101,13
26102,3
26103,9
26103,1
26104,29
26104,9
26104,1
26105,2
26105,1
26106,9
26106,1
26106,5
26107,9
26108,3
26109,2
26109,1
26110,1
26110,5
26111,3
26111,1
26111,5
26112,3
26112,1
26112,5
26113,3
26113,1
26113,5
26114,3
26114,5
26115,4
26115,1
26115,6
26116,29
26116,1
26116,5
26117,2
26117,3
26117,9
26117,5
26118,3
26118,161
26118,5
26118,83
26119,9
26119,5
26120,3
26121,166
26121,19
26122,11
26122,5
26123,3
26123,1
26123,5
26124,166
26124,19
26125,3
26125,13
26126,4
26126,1
26126,6
26127,3
26127,13
26128,166
26128,19
26129,166
26129,19
26130,166
26130,19
26131,3
26131,9
26131,5
26132,3
26132,161
26133,3
26134,3
26134,5
26135,1
26135,5
26135,13
26136,3
26136,161
26136,5
26136,83
26137,3
26137,161
26137,5
26137,83
26138,9
26139,4
26139,9
26139,1
26139,5
26140,9
26140,1
26141,9
26141,83
26141,2
26141,3
26141,17
26142,29
26142,1
26143,29
26143,9
26143,1
26144,29
26144,9
26144,1
26144,5
26145,5
26145,9
26145,1
26146,5
26146,9
26146,1
26147,5
26147,9
26147,1
26148,29
26148,9
26148,1
26148,5
26149,3
26149,5
26150,3
26150,5
26151,40
26151,9
26151,29
26151,1
26151,2
26151,4
26151,56
26151,13
26151,6
26152,5
26152,9
26152,1
26153,5
26153,9
26153,1
26154,9
26154,5
26155,5
26155,9
26155,1
26156,40
26156,9
26156,29
26156,1
26156,17
26156,6
26157,3
26157,5
26158,40
26158,9
26158,29
26158,1
26158,2
26158,4
26158,56
26158,13
26158,6
26159,9
26159,5
26160,3
26160,5
26161,3
26161,5
26162,3
26162,5
26163,3
26163,5
26164,3
26164,5
26165,3
26165,5
26166,3
26166,5
26167,3
26167,5
26168,3
26168,5
26169,3
26169,13
26170,3
26170,5
26171,3
26171,5
26172,3
26172,5
26173,3
26173,5
26174,3
26174,5
26175,3
26175,13
26176,3
26176,5
26177,3
26177,5
26178,3
26179,3
26179,9
26179,1
26179,5
26180,3
26181,3
26181,5
26182,3
26183,3
26183,1
26183,5
26184,3
26184,5
26185,2
26185,1
26186,1
26186,2
26186,3
26186,4
26186,5
26186,6
26187,3
26187,5
26188,9
26188,5
26189,1
26189,2
26189,3
26189,4
26189,5
26189,6
26190,9
26190,5
26190,13
26191,2
26191,1
26192,1
26192,5
26193,4
26193,1
26193,6
26194,3
26194,5
26195,3
26196,9
26196,1
26196,5
26197,3
26197,1
26197,5
26198,1
26198,5
26199,5
26199,1
26199,17
26199,13
26200,3
26201,1
26201,5
26202,2
26202,1
26203,1
26203,5
26204,9
26204,1
26205,3
26205,5
26206,3
26207,9
26208,2
26208,29
26209,9
26209,1
26209,5
26210,4
26210,1
26210,6
26211,29
26211,1
26211,5
26212,9
26212,5
26213,3
26213,161
26213,17
26214,3
26215,3
26215,1
26216,3
26216,9
26216,5
26216,13
26217,3
26218,3
26219,3
26219,9
26219,1
26220,3
26221,9
26221,5
26222,3
26222,5
26223,9
26223,5
26224,3
26224,5
26225,29
26225,9
26225,1
26226,9
26226,5
26227,3
26228,9
26228,1
26228,5
26229,9
26229,5
26230,29
26230,1
26230,5
26231,3
26232,3
26233,3
26233,5
26234,29
26234,1
26235,9
26235,1
26235,83
26235,5
26235,13
26235,17
26236,9
26236,5
26237,3
26237,5
26238,2
26238,1
26239,9
26239,1
26239,5
26240,9
26241,2
26241,29
26242,12
26242,3
26242,56
26242,5
26242,74
26242,17
26243,29
26243,1
26243,5
26244,3
26245,29
26245,9
26246,9
26246,5
26247,3
26247,161
26247,17
26248,3
26248,1
26249,9
26249,5
26250,3
26250,5
26251,9
26251,5
26252,3
26253,29
26253,9
26254,9
26254,5
26255,11
26255,5
26256,9
26256,1
26257,9
26257,5
26258,9
26258,5
26259,9
26259,5
26260,9
26260,5
26261,9
26261,5
26262,9
26262,5
26263,9
26263,5
26264,3
26265,9
26265,5
26266,9
26266,5
26267,9
26268,29
26268,1
26268,5
26269,3
26269,5
26270,2
26270,29
26271,40
26271,9
26271,29
26271,1
26271,2
26271,4
26271,56
26271,13
26271,6
26272,3
26272,5
26273,3
26273,5
26274,3
26274,5
26275,3
26276,3
26276,5
26277,11
26277,5
26278,3
26278,5
26279,3
26279,9
26279,5
26280,3
26280,1
26280,5
26281,3
26281,5
26282,3
26283,3
26284,3
26284,1
26285,3
26285,5
26286,29
26286,1
26286,5
26287,3
26287,5
26288,3
26288,5
26289,9
26290,2
26290,1
26291,9
26291,1
26291,4
26291,56
26291,6
26292,3
26293,166
26293,19
26294,3
26295,9
26295,5
26296,3
26296,13
26297,3
26298,3
26299,3
26299,5
26300,29
26300,1
26301,40
26301,9
26301,29
26301,1
26301,2
26301,4
26301,56
26301,13
26301,6
26302,3
26302,13
26303,9
26303,5
26304,3
26304,5
26305,40
26305,9
26305,29
26305,1
26305,2
26305,4
26305,56
26305,13
26305,6
26306,9
26306,5
26307,3
26308,29
26308,9
26308,1
26309,3
26309,13
26310,29
26310,9
26310,1
26311,3
26311,161
26312,3
26312,11
26312,1
26312,5
26313,40
26313,1
26313,3
26313,5
26313,6
26314,3
26314,11
26314,1
26314,5
26315,40
26315,9
26315,316
26315,47
26315,29
26315,1
26315,83
26315,317
26315,56
26315,5
26315,74
26315,13
26315,17
26315,318
26315,6
26316,40
26316,9
26316,316
26316,47
26316,29
26316,1
26316,83
26316,317
26316,56
26316,5
26316,74
26316,13
26316,17
26316,318
26316,6
26317,9
26318,3
26318,5
26319,29
26319,9
26319,1
26320,29
26320,1
26320,5
26321,9
26321,5
26322,4
26322,1
26322,6
26323,29
26323,9
26323,1
26323,5
26324,2
26324,3
26325,3
26325,5
26326,5
26326,13
26327,9
26327,1
26327,4
26327,56
26327,6
26328,40
26328,9
26328,29
26328,1
26328,17
26328,6
26329,40
26329,9
26329,29
26329,1
26329,17
26329,6
26330,40
26330,9
26330,29
26330,1
26330,17
26330,6
26331,3
26331,5
26332,40
26332,9
26332,29
26332,1
26332,17
26332,6
26333,9
26333,1
26333,4
26333,56
26333,6
26334,3
26334,13
26335,3
26335,5
26336,40
26336,1
26336,5
26337,9
26337,1
26337,5
26338,3
26338,5
26339,3
26339,5
26340,9
26340,1
26340,5
26341,3
26341,5
26342,29
26342,1
26343,9
26343,1
26343,4
26343,56
26343,6
26344,9
26344,5
26345,29
26345,9
26345,1
26346,9
26346,1
26347,4
26347,1
26347,6
26348,9
26348,5
26349,29
26349,1
26350,29
26350,1
26351,3
26351,5
26352,9
26352,1
26352,83
26352,5
26352,6
26353,9
26353,1
26353,83
26353,5
26353,6
26354,3
26354,5
26355,9
26356,9
26356,5
26357,40
26357,9
26357,29
26357,1
26357,2
26357,4
26357,56
26357,13
26357,6
26358,3
26358,161
26359,9
26359,5
26360,9
26360,1
26361,9
26361,1
26362,9
26362,1
26363,9
26363,5
26364,9
26364,5
26365,9
26365,5
26366,9
26366,5
26367,9
26367,5
26368,9
26368,5
26369,9
26369,5
26370,29
26370,9
26370,1
26370,111
26371,3
26371,13
26372,9
26372,5
26373,9
26373,5
26374,9
26374,5
26375,3
26375,13
26376,4
26376,3
26376,1
26376,5
26377,9
26377,5
26378,9
26378,5
26379,9
26379,5
26380,4
26380,1
26380,6
26381,29
26381,9
26381,1
26382,3
26383,3
26383,5
26384,3
26384,161
26385,9
26385,83
26385,3
26385,111
26385,13
26385,6
26386,4
26386,1
26387,4
26387,1
26388,3
26388,5
26389,4
26389,1
26390,3
26390,5
26391,40
26391,9
26391,29
26391,1
26391,5
26391,13
26392,9
26392,83
26392,3
26392,111
26392,13
26392,6
26393,9
26393,83
26393,3
26393,111
26393,13
26393,6
26394,9
26394,1
26394,5
26395,4
26395,1
26395,6
26396,3
26396,9
26396,5
26397,40
26397,9
26397,29
26397,1
26397,2
26397,4
26397,56
26397,13
26397,6
26398,9
26398,5
26399,2
26399,1
26400,9
26401,2
26401,1
26402,3
26402,161
26403,9
26403,1
26403,5
26404,1
26404,5
26405,2
26405,1
26406,3
26407,4
26407,11
26407,1
26408,3
26408,1
26408,5
26409,9
26410,11
26410,5
26411,9
26411,1
26411,5
26411,13
26412,13
26412,6
26413,9
26413,5
26414,3
26414,5
26415,3
26415,9
26415,1
26415,5
26416,1
26416,5
26417,9
26418,3
26419,3
26419,161
26420,9
26420,1
26420,5
26421,1
26421,5
26422,2
26422,1
26423,4
26423,11
26423,1
26424,3
26425,9
26426,3
26426,1
26426,5
26427,9
26427,5
26428,11
26428,5
26429,13
26429,6
26430,3
26430,5
26431,9
26431,1
26431,5
26431,13
26432,3
26433,3
26433,9
26433,1
26433,5
26434,1
26434,5
26435,11
26435,3
26435,5
26436,3
26437,5
26437,3
26437,9
26437,1
26438,3
26438,1
26438,5
26439,2
26439,1
26440,1
26440,4
26440,74
26440,75
26440,17
26441,9
26442,3
26442,5
26443,2
26443,1
26444,1
26444,5
26445,3
26445,5
26446,3
26447,3
26447,1
26447,5
26448,2
26448,3
26448,9
26448,5
26449,9
26449,1
26449,5
26450,3
26451,1
26451,5
26452,2
26452,1
26453,3
26453,1
26453,5
26454,9
26454,5
26455,2
26455,3
26455,1
26455,5
26456,2
26456,3
26456,1
26456,5
26457,3
26458,1
26458,5
26459,2
26459,1
26460,4
26460,1
26460,6
26461,3
26461,13
26462,9
26462,1
26463,9
26463,1
26464,3
26465,3
26465,1
26465,5
26466,29
26466,13
26466,6
26467,9
26467,5
26468,3
26468,9
26468,5
26469,1
26470,3
26470,13
26471,3
26471,1
26471,5
26472,9
26472,5
26473,4
26473,1
26473,6
26474,3
26474,9
26474,1
26474,5
26475,2
26475,1
26476,1
26476,5
26477,3
26478,4
26478,9
26478,1
26478,5
26479,3
26479,1
26479,5
26480,2
26480,3
26480,5
26481,9
26481,5
26482,3
26482,1
26482,5
26483,3
26484,9
26484,5
26485,29
26485,9
26486,9
26486,5
26487,1
26487,5
26488,2
26488,1
26489,29
26489,1
26490,9
26490,1
26491,4
26491,3
26491,1
26491,5
26492,29
26492,1
26492,5
26493,3
26494,9
26494,5
26495,3
26495,9
26495,5
26496,11
26496,9
26496,2
26496,4
26496,5
26497,9
26497,5
26498,29
26498,1
26498,5
26499,40
26499,9
26499,29
26499,1
26499,2
26499,4
26499,56
26499,13
26499,6
26500,9
26500,5
26501,9
26501,5
26502,9
26502,5
26503,3
26504,3
26504,1
26504,5
26505,29
26505,1
26505,5
26506,11
26506,9
26506,2
26506,4
26506,5
26507,3
26507,13
26508,9
26508,5
26509,2
26509,3
26509,9
26509,5
26510,2
26510,1
26511,1
26511,5
26512,3
26512,9
26512,5
26513,4
26513,1
26513,6
26514,9
26514,13
26515,9
26515,1
26516,3
26517,3
26517,5
26518,9
26518,5
26519,3
26519,5
26520,47
26520,29
26520,4
26520,3
26520,6
26521,3
26521,13
26522,4
26522,9
26522,1
26522,5
26523,4
26523,1
26523,6
26524,3
26524,13
26525,1
26525,4
26525,74
26525,75
26525,17
26526,3
26526,13
26527,3
26527,1
26527,5
26528,1
26528,4
26528,74
26528,75
26528,17
26529,2
26529,1
26530,1
26530,5
26531,1
26531,2
26531,3
26531,4
26531,5
26531,6
26532,2
26532,3
26532,5
26533,9
26533,5
26534,3
26535,3
26535,9
26535,1
26536,3
26536,13
26537,3
26537,13
26538,3
26538,13
26539,2
26539,3
26539,5
26540,29
26540,5
26541,3
26541,5
26542,3
26542,161
26543,9
26543,1
26544,9
26544,1
26545,9
26545,1
26546,1
26546,5
26547,9
26547,1
26548,3
26548,1
26549,9
26549,1
26550,4
26550,9
26550,1
26550,5
26551,29
26551,5
26552,3
26552,9
26552,5
26553,3
26554,3
26554,161
26555,29
26555,9
26555,1
26556,9
26556,1
26556,5
26557,3
26557,5
26558,1
26558,5
26559,2
26559,3
26559,9
26559,5
26560,3
26561,29
26561,5
26562,2
26562,1
26563,40
26563,9
26563,29
26563,1
26563,2
26563,4
26563,56
26563,13
26563,6
26564,1
26564,5
26565,3
26565,161
26565,5
26565,83
26566,19
26567,9
26568,4
26568,9
26568,1
26568,5
26569,9
26569,1
26569,5
26570,9
26571,9
26571,1
26572,9
26572,1
26573,166
26573,19
26574,166
26574,19
26575,4
26575,9
26575,1
26575,5
26576,4
26576,9
26576,1
26576,5
26577,4
26577,9
26577,1
26577,5
26578,166
26578,19
26579,166
26579,19
26580,166
26580,19
26581,4
26581,9
26581,1
26581,5
26582,4
26582,9
26582,1
26582,5
26583,166
26583,19
26584,166
26584,19
26585,4
26585,9
26585,1
26585,5
26586,3
26586,5
26587,3
26587,5
26588,3
26588,5
26589,2
26589,1
26590,9
26590,1
26591,3
26591,13
26591,6
26592,11
26592,3
26592,5
26593,3
26594,9
26594,83
26594,3
26594,111
26594,13
26594,6
26595,9
26595,1
26596,1
26596,5
26597,9
26597,1
26598,4
26598,9
26598,1
26598,5
26599,29
26599,1
26599,5
26600,40
26600,9
26600,29
26600,1
26600,2
26600,4
26600,56
26600,13
26600,6
26601,29
26601,5
26602,29
26602,5
26603,4
26603,9
26603,1
26603,5
26604,2
26604,1
26605,5
26605,17
26605,13
26606,3
26607,11
26607,3
26607,5
26608,1
26608,4
26608,74
26608,75
26608,17
26609,1
26609,5
26610,3
26610,1
26610,5
26611,3
26611,1
26611,5
26612,9
26612,1
26613,11
26613,3
26613,5
26614,29
26614,1
26615,317
26615,2
26615,5
26615,4
26616,317
26616,2
26616,5
26616,4
26617,3
26618,29
26618,5
26619,29
26619,5
26620,317
26620,2
26620,5
26620,4
26621,317
26621,2
26621,5
26621,4
26622,3
26622,1
26623,29
26623,9
26623,1
26624,4
26624,5
26625,3
26626,3
26626,5
26626,13
26627,1
26627,5
26628,1
26628,5
26629,3
26629,1
26629,5
26630,3
26630,5
26631,3
26631,5
26632,3
26632,1
26632,5
26633,3
26633,5
26634,9
26634,1
26635,9
26635,5
26636,317
26636,2
26636,5
26636,4
26637,3
26637,5
26638,3
26638,1
26638,5
26639,3
26639,5
26640,3
26640,5
26640,6
26641,3
26641,13
26641,6
26642,9
26643,3
26643,1
26643,5
26644,3
26644,5
26645,2
26645,29
26646,4
26646,9
26646,1
26646,5
26647,3
26647,5
26648,9
26648,1
26649,47
26649,29
26649,4
26649,3
26649,6
26650,4
26650,1
26650,6
26651,3
26651,1
26652,4
26652,1
26652,6
26653,1
26653,4
26653,74
26653,75
26653,17
26654,9
26654,5
26655,9
26655,5
26656,3
26657,4
26657,1
26657,6
26658,4
26658,1
26658,6
26659,9
26659,5
26660,9
26660,1
26661,3
26661,13
26662,9
26662,1
26663,3
26663,5
26664,2
26664,29
26665,9
26665,5
26666,3
26666,1
26666,5
26667,3
26668,3
26669,9
26669,5
26670,3
26671,3
26671,5
26672,3
26672,5
26673,29
26673,1
26674,4
26674,11
26674,1
26675,3
26676,3
26676,1
26677,3
26677,5
26678,3
26678,5
26679,3
26679,9
26679,5
26680,9
26680,5
26681,3
26681,5
26682,2
26682,3
26682,5
26683,29
26683,1
26683,5
26684,29
26684,1
26684,5
26685,3
26685,9
26685,5
26686,4
26686,1
26686,6
26687,9
26687,5
26688,9
26689,3
26689,161
26690,5
26691,2
26691,29
26692,9
26692,1
26692,83
26692,5
26692,13
26692,17
26693,9
26693,5
26694,3
26694,5
26695,3
26695,161
26696,9
26697,40
26697,9
26697,29
26697,1
26697,2
26697,4
26697,56
26697,13
26697,6
26698,3
26699,2
26699,1
26700,9
26700,1
26700,5
26701,9
26702,2
26702,29
26703,3
26703,5
26703,13
26704,9
26704,1
26705,5
26705,9
26705,1
26706,3
26706,9
26706,5
26707,29
26707,9
26707,1
26708,9
26708,1
26708,83
26708,5
26708,6
26709,3
26709,5
26710,29
26710,6
26710,17
26710,83
26711,29
26711,6
26711,17
26711,83
26712,29
26712,1
26713,9
26714,9
26714,1
26714,83
26714,4
26714,2
26714,5
26714,17
26715,4
26715,11
26715,1
26716,4
26716,3
26716,1
26716,5
26717,5
26717,9
26717,1
26718,3
26718,5
26719,3
26720,2
26720,11
26720,5
26720,13
26721,47
26721,1
26721,3
26721,56
26721,5
26722,9
26722,5
26723,47
26723,1
26723,3
26723,56
26723,5
26724,2
26724,3
26725,47
26725,1
26725,3
26725,56
26725,5
26726,47
26726,1
26726,3
26726,56
26726,5
26727,47
26727,1
26727,3
26727,56
26727,5
26728,47
26728,1
26728,3
26728,56
26728,5
26729,9
26729,316
26729,1
26729,4
26729,3
26729,5
26729,17
26729,6
26730,3
26730,11
26730,1
26730,5
26731,3
26731,9
26731,5
26732,3
26732,5
26733,2
26733,1
26734,3
26735,1
26735,5
26736,40
26736,5
26737,3
26737,1
26737,5
26738,2
26738,3
26739,3
26739,11
26739,1
26739,5
26740,2
26740,1
26741,11
26741,3
26741,5
26742,3
26742,161
26742,17
26743,2
26743,3
26744,11
26744,3
26744,5
26745,3
26745,11
26745,1
26745,5
26746,4
26746,9
26746,1
26746,5
26747,2
26747,3
26748,2
26748,3
26748,9
26749,11
26749,3
26749,5
26750,3
26750,11
26750,1
26750,5
26751,2
26751,1
26752,1
26752,5
26753,3
26753,5
26754,3
26754,9
26754,5
26755,3
26755,5
26756,40
26756,9
26756,29
26756,1
26756,2
26756,4
26756,56
26756,13
26756,6
26757,9
26758,3
26758,5
26759,2
26759,9
26759,5
26760,3
26760,9
26760,5
26761,3
26761,5
26762,9
26762,1
26763,1
26763,5
26764,4
26764,11
26764,1
26765,40
26765,9
26765,29
26765,1
26765,5
26765,13
26766,3
26766,5
26767,9
26767,1
26767,5
26768,3
26768,5
26768,13
26768,6
26769,317
26769,2
26769,5
26769,4
26770,9
26771,3
26772,9
26772,1
26772,83
26772,5
26772,13
26772,17
26773,3
26773,161
26774,3
26774,5
26775,1
26775,17
26776,4
26776,40
26776,1
26776,75
26777,29
26777,9
26777,1
26778,3
26778,161
26779,3
26779,9
26779,1
26779,5
26780,2
26780,1
26781,29
26781,9
26781,1
26782,29
26782,9
26782,1
26782,5
26783,2
26783,9
26783,1
26783,5
26784,4
26784,40
26784,1
26784,75
26785,3
26785,161
26786,3
26786,5
26787,3
26787,5
26787,13
26788,3
26788,5
26788,13
26789,9
26790,3
26790,5
26791,9
26791,1
26791,5
26792,9
26792,1
26792,5
26793,2
26793,29
26794,3
26795,3
26795,1
26795,5
26796,9
26796,83
26796,2
26796,3
26796,17
26797,3
26798,47
26798,29
26798,4
26798,3
26798,6
26799,29
26799,9
26800,29
26800,9
26800,1
26800,111
26801,3
26801,1
26802,9
26802,83
26802,2
26802,3
26802,17
26803,3
26804,3
26804,9
26804,1
26804,5
26805,1
26805,5
26806,2
26806,1
26807,3
26807,5
26808,40
26808,5
26809,3
26809,5
26810,2
26810,3
26810,9
26810,5
26811,1
26811,5
26812,29
26812,5
26813,3
26814,9
26814,5
26815,40
26815,9
26815,29
26815,1
26815,2
26815,4
26815,56
26815,13
26815,6
26816,9
26816,5
26817,2
26817,1
26818,29
26818,9
26818,1
26819,3
26819,5
26820,9
26821,1
26821,5
26822,1
26822,4
26822,74
26822,75
26822,17
26823,29
26823,5
26824,3
26825,2
26825,1
26826,9
26826,83
26826,3
26826,111
26826,13
26826,6
26827,40
26827,9
26827,29
26827,1
26827,2
26827,4
26827,56
26827,13
26827,6
26828,4
26828,1
26829,4
26829,1
26830,47
26830,1
26830,3
26830,56
26830,5
26831,11
26831,3
26832,9
26832,83
26832,2
26832,3
26832,17
26833,3
26833,5
26834,9
26834,1
26834,5
26835,3
26836,2
26836,29
26837,2
26837,1
26838,3
26839,9
26839,5
26839,13
26840,3
26841,4
26841,40
26841,1
26841,75
26842,3
26842,9
26842,5
26843,3
26843,5
26844,3
26844,9
26844,5
26845,9
26845,5
26845,13
26846,3
26847,11
26847,3
26847,5
26848,2
26848,3
26848,9
26848,5
26849,9
26850,2
26850,3
26850,9
26850,5
26851,9
26852,2
26852,29
26853,4
26853,1
26853,6
26854,4
26854,1
26854,6
26855,40
26855,9
26855,29
26855,1
26855,17
26855,6
26856,3
26856,1
26856,5
26857,9
26858,3
26858,5
26859,4
26859,1
26859,6
26860,1
26860,5
26861,3
26861,1
26861,5
26862,1
26862,2
26862,3
26862,4
26862,5
26862,6
26863,9
26863,1
26864,4
26864,1
26864,6
26865,3
26865,1
26865,5
26866,3
26866,5
26867,3
26867,1
26867,5
26868,3
26868,9
26868,5
26869,4
26869,1
26869,6
26870,5
26871,3
26871,9
26871,5
26872,166
26872,19
26873,3
26874,3
26874,161
26875,3
26875,5
26876,2
26876,3
26876,1
26876,5
26877,1
26877,5
26878,2
26878,1
26879,9
26880,3
26881,3
26881,1
26881,5
26882,40
26882,9
26882,29
26882,1
26882,2
26882,4
26882,56
26882,13
26882,6
26883,3
26884,4
26884,11
26884,1
26885,4
26885,11
26885,1
26886,17
26886,5
26886,83
26887,17
26887,5
26887,83
26888,9
26888,5
26889,2
26889,1
26890,3
26891,29
26891,9
26891,1
26892,9
26892,5
26893,1
26893,5
26893,13
26894,2
26894,3
26894,5
26895,9
26895,83
26895,3
26895,111
26895,13
26895,6
26896,9
26896,5
26897,9
26897,1
26897,5
26898,3
26898,9
26898,5
26899,3
26900,9
26901,2
26901,29
26902,29
26902,9
26902,1
26902,5
26903,3
26903,9
26903,5
26904,166
26904,19
26905,3
26905,1
26906,4
26906,1
26906,6
26907,29
26907,1
26908,3
26908,9
26908,1
26909,1
26909,5
26909,13
26910,3
26910,1
26910,5
26911,4
26911,1
26911,6
26912,3
26913,9
26913,1
26913,5
26914,3
26914,5
26915,29
26915,9
26915,1
26916,9
26916,1
26916,5
26917,3
26917,161
26918,3
26918,5
26919,9
26919,1
26919,83
26919,5
26919,13
26919,17
26920,13
26921,40
26921,1
26921,5
26922,9
26923,3
26924,9
26924,5
26924,13
26925,47
26925,29
26925,4
26925,3
26925,6
26926,3
26927,3
26928,3
26928,1
26928,5
26929,3
26929,5
26930,3
26931,3
26931,5
26932,3
26932,5
26933,3
26934,3
26934,1
26934,5
26935,29
26935,1
26936,2
26936,1
26937,9
26937,1
26938,2
26938,3
26938,5
26939,9
26939,5
26940,1
26940,5
26941,3
26941,5
26942,3
26942,5
26943,3
26944,2
26944,3
26944,5
26945,9
26945,1
26946,3
26946,5
26947,3
26947,5
26948,1
26948,5
26949,3
26950,2
26950,3
26950,5
26951,9
26951,1
26952,1
26952,5
26953,3
26953,5
26954,3
26954,5
26955,3
26956,1
26956,5
26957,3
26957,5
26958,3
26958,5
26959,9
26959,1
26960,1
26960,5
26961,3
26962,1
26962,17
26963,5
26963,17
26963,13
26964,3
26964,5
26965,3
26966,4
26966,1
26966,6
26967,4
26967,1
26967,6
26968,4
26968,1
26968,6
26969,4
26969,1
26969,6
26970,2
26970,3
26970,1
26970,5
26971,3
26971,9
26971,5
26972,2
26972,3
26972,1
26972,5
26973,3
26974,3
26974,1
26974,5
26975,3
26975,1
26975,5
26976,40
26976,9
26976,29
26976,1
26976,2
26976,4
26976,56
26976,13
26976,6
26977,3
26977,5
26978,9
26978,5
26979,9
26980,3
26980,9
26980,5
26981,3
26981,5
26982,3
26982,5
26983,1
26983,5
26984,2
26984,1
26985,3
26985,1
26985,5
26986,3
26986,1
26986,5
26987,3
26987,9
26987,5
26988,11
26988,3
26988,5
26989,2
26989,11
26989,5
26989,13
26990,2
26990,11
26990,5
26990,13
26991,9
26991,5
26992,2
26992,11
26992,5
26992,13
26993,9
26993,1
26993,5
26993,13
26994,3
26994,5
26995,3
26995,1
26995,5
26996,47
26996,29
26996,4
26996,3
26996,6
26997,3
26997,1
26997,5
26998,3
26998,1
26998,5
26999,2
26999,11
26999,5
26999,13
27000,3
27000,1
27000,5
27001,11
27001,3
27001,5
27002,5
27002,17
27002,13
27003,3
27004,9
27004,5
27005,9
27005,316
27005,1
27005,4
27005,3
27005,5
27005,17
27005,6
27006,9
27007,40
27007,9
27007,29
27007,1
27007,2
27007,4
27007,56
27007,13
27007,6
27008,3
27008,161
27009,9
27009,1
27009,4
27009,56
27009,6
27010,9
27010,1
27010,5
27011,1
27011,5
27012,2
27012,1
27013,1
27013,5
27014,4
27014,11
27014,1
27015,3
27016,3
27016,1
27016,5
27017,9
27017,5
27018,9
27018,5
27019,13
27019,6
27020,11
27020,5
27021,9
27022,9
27022,1
27022,5
27022,13
27023,3
27023,9
27023,1
27023,5
27024,3
27025,1
27025,5
27026,9
27026,83
27026,3
27026,111
27026,13
27026,6
27027,9
27027,1
27027,5
27028,9
27029,9
27029,5
27030,9
27030,1
27030,83
27030,5
27030,13
27030,17
27031,29
27031,1
27032,3
27032,5
27033,2
27033,29
27034,9
27034,1
27034,83
27034,5
27034,6
27035,3
27036,2
27036,1
27037,40
27037,9
27037,29
27037,1
27037,2
27037,4
27037,56
27037,13
27037,6
27038,3
27039,3
27039,1
27039,5
27040,1
27040,5
27041,2
27041,29
27042,29
27042,1
27043,2
27043,1
27044,1
27044,5
27045,3
27045,5
27046,1
27046,5
27047,3
27047,9
27047,5
27047,13
27048,3
27048,9
27048,5
27049,5
27049,17
27049,13
27050,3
27051,3
27052,1
27052,5
27053,5
27053,17
27053,13
27054,2
27054,1
27055,3
27055,5
27056,3
27056,9
27056,5
27056,13
27057,1
27057,5
27058,1
27058,5
27059,5
27059,17
27059,13
27060,3
27060,9
27060,5
27060,13
27061,1
27061,5
27062,3
27062,9
27062,5
27062,13
27063,3
27064,2
27064,1
27065,1
27065,5
27066,1
27066,5
27067,3
27067,5
27068,5
27068,17
27068,13
27069,3
27070,3
27070,9
27070,5
27070,13
27071,1
27071,5
27072,3
27073,3
27073,9
27073,5
27073,13
27074,5
27074,17
27074,13
27075,3
27075,9
27075,5
27075,13
27076,3
27077,3
27078,3
27078,9
27078,5
27078,13
27079,3
27079,9
27079,5
27079,13
27080,5
27080,17
27080,13
27081,2
27081,1
27082,1
27082,5
27083,1
27083,5
27084,2
27084,1
27085,3
27085,5
27086,1
27086,5
27087,1
27087,5
27088,1
27088,5
27089,3
27089,5
27090,5
27090,17
27090,13
27091,3
27091,9
27091,5
27091,13
27092,1
27092,5
27093,3
27093,9
27093,5
27093,13
27094,3
27095,3
27095,9
27095,5
27095,13
27096,3
27097,3
27097,9
27097,5
27097,13
27098,2
27098,1
27099,5
27099,17
27099,13
27100,9
27100,1
27100,5
27101,9
27101,1
27101,5
27102,9
27102,1
27102,5
27103,1
27103,5
27104,1
27104,5
27105,5
27105,1
27105,17
27105,13
27106,1
27106,5
27107,3
27107,5
27108,3
27108,161
27109,3
27109,9
27109,5
27109,13
27110,1
27110,5
27111,3
27111,9
27111,5
27111,13
27112,5
27112,17
27112,13
27113,3
27113,9
27113,5
27113,13
27114,3
27114,161
27115,2
27115,1
27116,1
27116,5
27117,1
27117,5
27118,3
27118,5
27119,3
27119,9
27119,5
27119,13
27120,1
27120,5
27121,3
27121,9
27121,5
27121,13
27122,3
27122,161
27123,2
27123,1
27124,1
27124,5
27125,1
27125,5
27126,5
27126,17
27126,13
27127,3
27127,5
27128,1
27128,5
27129,3
27129,9
27129,5
27129,13
27130,5
27130,17
27130,13
27131,3
27131,9
27131,5
27131,13
27132,3
27132,161
27133,3
27133,9
27133,5
27133,13
27134,5
27134,17
27134,13
27135,3
27135,9
27135,5
27135,13
27136,5
27136,17
27136,13
27137,2
27137,1
27138,1
27138,5
27139,1
27139,5
27140,3
27140,5
27141,1
27141,5
27142,3
27142,9
27142,5
27142,13
27143,5
27143,17
27143,13
27144,2
27144,1
27145,1
27145,5
27146,1
27146,5
27147,3
27147,5
27148,3
27149,1
27149,5
27150,3
27151,2
27151,1
27152,9
27152,1
27152,83
27152,5
27152,13
27152,17
27153,1
27153,5
27154,3
27154,5
27155,3
27155,9
27155,5
27155,13
27156,1
27156,5
27157,5
27157,17
27157,13
27158,2
27158,1
27159,1
27159,5
27160,1
27160,5
27161,3
27161,5
27162,3
27163,1
27163,5
27164,3
27165,2
27165,1
27166,1
27166,5
27167,1
27167,5
27168,3
27168,5
27169,3
27170,1
27170,5
27171,3
27172,2
27172,1
27173,1
27173,5
27174,1
27174,5
27175,3
27175,5
27176,2
27176,1
27177,1
27177,5
27178,2
27178,3
27178,9
27178,5
27179,2
27179,3
27179,9
27179,5
27180,2
27180,3
27180,9
27180,5
27181,1
27181,5
27182,5
27182,1
27182,17
27182,13
27183,5
27183,1
27183,17
27183,13
27184,5
27184,1
27184,17
27184,13
27185,2
27185,3
27185,9
27185,5
27186,2
27186,3
27186,9
27186,5
27187,9
27187,1
27187,5
27188,3
27188,161
27189,1
27189,5
27190,5
27190,1
27190,17
27190,13
27191,9
27191,1
27191,5
27192,5
27192,1
27192,17
27192,13
27193,9
27193,1
27193,5
27194,1
27194,5
27195,5
27195,1
27195,17
27195,13
27196,9
27196,1
27196,5
27197,9
27197,1
27197,5
27198,1
27198,5
27199,5
27199,1
27199,17
27199,13
27200,3
27201,3
27201,9
27201,5
27201,13
27202,2
27202,1
27203,9
27203,1
27203,5
27204,9
27204,1
27204,5
27205,9
27205,1
27205,5
27206,1
27206,5
27207,5
27207,1
27207,17
27207,13
27208,3
27208,161
27209,3
27209,161
27210,3
27210,161
27211,2
27211,1
27212,9
27212,1
27212,5
27213,9
27213,1
27213,5
27214,9
27214,1
27214,5
27215,1
27215,5
27216,3
27216,9
27216,5
27216,13
27217,5
27217,1
27217,17
27217,13
27218,5
27218,17
27218,13
27219,2
27219,1
27220,9
27220,1
27220,5
27221,9
27221,1
27221,5
27222,9
27222,1
27222,5
27223,3
27224,1
27224,5
27225,3
27226,5
27226,1
27226,17
27226,13
27227,3
27227,9
27227,5
27227,13
27228,3
27228,161
27229,2
27229,1
27230,2
27230,3
27230,9
27230,5
27231,2
27231,3
27231,9
27231,5
27232,9
27232,1
27232,5
27233,3
27233,161
27234,1
27234,5
27235,5
27235,1
27235,17
27235,13
27236,2
27236,1
27237,9
27237,1
27237,5
27238,9
27238,1
27238,5
27239,9
27239,1
27239,5
27240,9
27240,1
27240,5
27241,3
27241,161
27242,3
27242,161
27243,5
27243,17
27243,13
27244,3
27245,3
27246,3
27246,161
27247,2
27247,1
27248,9
27248,1
27248,5
27249,9
27249,1
27249,5
27250,9
27250,1
27250,5
27251,1
27251,5
27252,5
27252,1
27252,17
27252,13
27253,5
27253,17
27253,13
27254,2
27254,1
27255,9
27255,1
27255,5
27256,9
27256,1
27256,5
27257,9
27257,1
27257,5
27258,5
27258,1
27258,17
27258,13
27259,3
27259,161
27260,2
27260,1
27261,1
27261,5
27262,5
27262,1
27262,17
27262,13
27263,9
27263,1
27263,5
27264,9
27264,1
27264,5
27265,9
27265,1
27265,5
27266,1
27266,5
27267,9
27267,1
27267,5
27268,9
27268,1
27268,5
27269,5
27269,1
27269,17
27269,13
27270,9
27270,1
27270,5
27271,1
27271,5
27272,5
27272,1
27272,17
27272,13
27273,3
27273,161
27274,2
27274,1
27275,9
27275,1
27275,5
27276,9
27276,1
27276,5
27277,9
27277,1
27277,5
27278,1
27278,5
27279,2
27279,1
27280,5
27280,1
27280,17
27280,13
27281,9
27281,1
27281,5
27282,9
27282,1
27282,5
27283,9
27283,1
27283,5
27284,1
27284,5
27285,5
27285,1
27285,17
27285,13
27286,3
27286,161
27287,3
27288,3
27288,9
27288,5
27288,13
27289,2
27289,1
27290,9
27290,1
27290,5
27291,9
27291,1
27291,5
27292,9
27292,1
27292,5
27293,1
27293,5
27294,5
27294,1
27294,17
27294,13
27295,3
27295,9
27295,5
27295,13
27296,2
27296,1
27297,9
27297,1
27297,5
27298,9
27298,1
27298,5
27299,9
27299,1
27299,5
27300,9
27300,1
27300,5
27301,1
27301,5
27302,5
27302,1
27302,17
27302,13
27303,9
27303,1
27303,5
27304,1
27304,5
27305,9
27305,1
27306,5
27306,1
27306,17
27306,13
27307,2
27307,3
27307,9
27307,5
27308,2
27308,1
27309,1
27309,5
27310,3
27310,1
27310,5
27311,3
27311,1
27311,5
27312,3
27313,3
27313,1
27313,5
27314,29
27314,9
27315,9
27315,13
27316,3
27317,4
27317,1
27317,6
27318,1
27318,5
27319,29
27319,1
27319,5
27320,2
27320,3
27320,9
27320,5
27321,47
27321,29
27321,4
27321,3
27321,6
27322,2
27322,3
27322,9
27322,5
27323,3
27323,1
27323,5
27324,2
27324,3
27324,9
27324,5
27325,2
27325,3
27325,9
27325,5
27326,9
27326,5
27327,2
27327,1
27328,4
27328,1
27328,6
27329,1
27329,5
27330,9
27330,1
27331,4
27331,1
27331,6
27332,3
27333,1
27333,4
27333,74
27333,75
27333,17
27334,47
27334,29
27334,4
27334,3
27334,6
27335,3
27335,5
27336,3
27336,1
27336,5
27337,4
27337,1
27337,6
27338,9
27338,5
27339,4
27339,9
27339,1
27339,5
27340,9
27340,1
27341,1
27341,5
27342,2
27342,1
27343,4
27343,1
27343,6
27344,4
27344,1
27344,6
27345,3
27345,9
27345,5
27346,4
27346,9
27346,1
27346,5
27347,3
27347,5
27348,4
27348,1
27348,6
27349,1
27349,4
27349,74
27349,75
27349,17
27350,3
27351,1
27351,4
27351,74
27351,75
27351,17
27352,3
27352,5
27353,3
27353,1
27353,5
27354,2
27354,3
27354,9
27354,5
27355,2
27355,1
27356,9
27356,5
27357,1
27357,5
27358,4
27358,9
27358,1
27358,5
27359,3
27359,5
27360,3
27361,4
27361,9
27361,1
27361,5
27362,4
27362,9
27362,1
27362,5
27363,3
27364,3
27365,3
27365,1
27365,5
27366,9
27366,5
27367,9
27367,5
27368,3
27368,1
27368,5
27369,3
27369,13
27370,1
27370,5
27371,29
27371,9
27372,29
27372,9
27372,1
27372,5
27373,9
27373,1
27374,29
27374,9
27374,1
27374,5
27375,1
27375,5
27376,1
27376,5
27377,1
27377,2
27377,3
27377,4
27377,5
27377,6
27378,9
27378,1
27378,13
27378,83
27379,9
27379,5
27380,9
27380,5
27381,40
27381,9
27381,316
27381,47
27381,29
27381,1
27381,83
27381,317
27381,56
27381,5
27381,74
27381,13
27381,17
27381,318
27381,6
27382,2
27382,3
27382,5
27383,40
27383,9
27383,29
27383,1
27383,2
27383,4
27383,56
27383,13
27383,6
27384,40
27384,9
27384,29
27384,1
27384,2
27384,4
27384,56
27384,13
27384,6
27385,3
27385,5
27385,13
27385,6
27386,3
27386,5
27387,3
27387,5
27387,13
27387,6
27388,3
27388,5
27388,13
27388,6
27389,11
27389,3
27389,5
27390,166
27390,19
27391,3
27391,5
27391,13
27391,6
27392,9
27392,13
27393,9
27393,5
27394,3
27394,5
27394,13
27394,6
27395,4
27395,1
27395,6
27396,9
27396,5
27397,1
27397,5
27398,1
27398,5
27399,9
27400,29
27400,6
27400,17
27400,83
27401,29
27401,9
27401,1
27402,3
27402,13
27402,6
27403,3
27403,9
27403,5
27404,3
27405,3
27406,9
27406,1
27407,9
27407,5
27408,3
27408,161
27409,11
27409,3
27409,5
27410,1
27410,5
27410,13
27411,19
27412,3
27413,2
27413,1
27414,3
27414,1
27414,5
27415,9
27415,83
27415,2
27415,3
27415,17
27416,1
27416,5
27417,4
27417,40
27417,1
27417,75
27418,3
27418,5
27419,9
27419,13
27420,3
27421,2
27421,29
27422,3
27422,5
27423,3
27423,5
27423,13
27424,3
27424,1
27424,5
27425,3
27425,1
27425,5
27426,3
27426,5
27427,3
27427,5
27428,3
27429,2
27429,1
27430,4
27430,11
27430,1
27431,3
27431,5
27432,3
27433,3
27434,2
27434,29
27435,3
27435,1
27435,5
27436,3
27437,3
27437,5
27438,3
27438,5
27439,9
27439,1
27440,4
27440,11
27440,1
27441,3
27441,5
27442,9
27442,5
27443,3
27443,1
27444,3
27444,5
27445,3
27445,9
27445,5
27446,9
27446,5
27447,40
27447,1
27447,5
27448,9
27448,5
27449,3
27449,5
27450,29
27450,9
27451,40
27451,1
27451,5
27452,3
27452,161
27453,9
27453,1
27453,5
27454,9
27454,1
27454,5
27455,3
27455,5
27456,3
27456,5
27457,9
27457,5
27458,3
27459,1
27459,5
27460,3
27460,1
27460,5
27461,2
27461,1
27462,5
27462,9
27462,1
27463,29
27463,9
27463,1
27464,2
27464,11
27464,5
27465,317
27465,2
27465,5
27465,4
27466,29
27466,9
27466,1
27467,47
27467,1
27467,3
27467,56
27467,5
27468,47
27468,1
27468,3
27468,56
27468,5
27469,29
27469,9
27469,1
27469,5
27470,4
27470,1
27470,6
27471,9
27471,5
27472,47
27472,1
27472,3
27472,56
27472,5
27473,4
27473,1
27474,3
27474,161
27475,3
27475,161
27476,9
27476,1
27476,5
27477,9
27477,1
27477,5
27478,9
27478,1
27478,5
27479,1
27479,5
27480,3
27480,5
27481,11
27481,3
27482,3
27482,5
27483,3
27484,4
27484,11
27484,1
27485,9
27485,5
27486,9
27486,5
27487,3
27488,9
27488,5
27489,3
27490,9
27490,5
27491,3
27491,161
27492,29
27492,5
27493,11
27493,3
27493,5
27494,3
27494,5
27495,2
27495,1
27496,3
27496,5
27497,29
27497,9
27497,1
27498,9
27498,1
27498,5
27499,9
27499,1
27499,83
27499,4
27499,2
27499,5
27499,17
27500,3
27500,9
27500,1
27500,5
27501,13
27502,9
27502,1
27502,83
27502,5
27502,13
27502,17
27503,40
27503,1
27503,5
27504,3
27505,9
27506,3
27506,5
27507,3
27507,5
27507,13
27508,5
27509,9
27509,1
27510,4
27510,40
27510,1
27510,75
27511,4
27511,1
27511,5
27512,40
27512,9
27512,29
27512,1
27512,2
27512,4
27512,56
27512,13
27512,6
27513,9
27513,1
27514,11
27514,9
27514,2
27514,4
27514,5
27515,3
27515,9
27515,5
27516,3
27516,5
27517,3
27517,5
27518,3
27519,3
27519,5
27520,3
27520,5
27521,3
27521,5
27522,1
27523,3
27523,5
27524,3
27524,1
27524,5
27525,9
27526,9
27526,1
27526,5
27527,3
27528,2
27528,29
27529,9
27529,5
27530,3
27531,2
27531,3
27531,5
27532,3
27533,1
27533,17
27534,4
27534,1
27534,6
27535,3
27535,1
27536,9
27536,5
27537,3
27538,3
27539,3
27539,1
27539,5
27540,4
27540,1
27540,6
27541,3
27541,9
27541,5
27542,2
27542,1
27543,9
27543,1
27543,5
27544,9
27545,3
27546,2
27546,29
27547,2
27547,3
27547,5
27548,3
27549,3
27550,9
27550,5
27551,1
27551,17
27552,4
27552,1
27552,6
27553,29
27553,1
27553,5
27554,3
27555,29
27555,1
27555,5
27556,9
27556,1
27556,4
27556,56
27556,6
27557,3
27558,9
27558,5
27559,3
27560,9
27560,5
27561,9
27561,5
27562,9
27562,5
27563,3
27563,13
27564,9
27564,5
27565,9
27565,1
27565,4
27565,56
27565,6
27566,9
27566,1
27566,4
27566,56
27566,6
27567,3
27567,5
27568,3
27568,5
27569,3
27569,5
27570,3
27570,5
27571,9
27571,5
27572,3
27572,5
27573,9
27573,5
27574,3
27574,13
27575,3
27575,13
27576,9
27576,5
27577,9
27577,5
27578,3
27578,1
27579,9
27579,5
27579,13
27580,9
27580,5
27581,9
27581,5
27582,9
27582,5
27583,9
27583,5
27584,9
27584,5
27585,9
27585,5
27586,9
27586,5
27587,3
27588,3
27588,13
27589,3
27589,1
27589,5
27590,3
27590,1
27590,5
27591,4
27591,1
27591,6
27592,3
27592,161
27593,9
27593,5
27594,9
27594,5
27595,9
27596,3
27596,5
27597,2
27597,29
27598,2
27598,3
27598,5
27599,29
27599,9
27599,1
27600,1
27600,2
27600,3
27600,4
27600,5
27600,6
27601,9
27601,1
27601,13
27601,83
27602,9
27602,1
27602,13
27602,83
27603,4
27603,9
27603,1
27603,5
27604,4
27604,1
27604,6
27605,9
27605,5
27606,3
27606,1
27607,47
27607,29
27607,4
27607,3
27607,6
27608,166
27608,19
27609,83
27609,4
27609,56
27609,13
27609,17
27610,83
27610,4
27610,56
27610,13
27610,17
27611,11
27611,3
27611,5
27612,3
27612,1
27612,5
27613,9
27613,5
27614,9
27614,5
27615,9
27615,5
27616,3
27617,3
27617,9
27617,5
27618,9
27618,5
27619,4
27619,11
27619,1
27620,9
27620,1
27620,3
27620,5
27620,13
27620,17
27621,1
27621,2
27621,3
27621,4
27621,5
27621,6
27622,3
27622,161
27623,47
27623,29
27623,4
27623,3
27623,6
27624,3
27625,9
27625,5
27626,9
27626,5
27627,3
27627,161
27628,9
27629,9
27629,5
27630,3
27630,5
27631,4
27631,1
27631,6
27632,2
27632,29
27633,3
27634,3
27635,2
27635,3
27635,5
27636,1
27636,17
27637,9
27637,316
27637,1
27637,4
27637,3
27637,5
27637,17
27637,6
27638,9
27638,1
27639,3
27639,13
27640,83
27640,3
27640,5
27640,74
27640,13
27641,47
27641,29
27641,4
27641,3
27641,6
27642,3
27642,1
27643,3
27643,9
27643,5
27644,3
27644,5
27645,29
27645,1
27645,5
27646,9
27646,5
27647,3
27647,5
27648,3
27648,5
27649,9
27649,5
27650,9
27650,5
27651,3
27651,5
27652,3
27652,5
27653,3
27653,5
27654,9
27654,5
27655,9
27655,5
27656,3
27656,5
27657,29
27657,9
27657,1
27658,3
27659,3
27660,3
27660,9
27660,5
27661,29
27661,1
27661,5
27662,9
27662,5
27663,2
27663,1
27664,29
27664,9
27664,1
27665,9
27666,29
27666,9
27666,1
27667,3
27667,5
27668,1
27668,5
27669,3
27670,29
27670,5
27671,29
27671,9
27672,3
27672,5
27673,2
27673,1
27674,9
27674,5
27675,9
27675,1
27676,1
27676,2
27676,3
27676,4
27676,5
27676,6
27677,1
27677,2
27677,3
27677,4
27677,5
27677,6
27678,1
27678,5
27679,2
27679,3
27679,5
27680,9
27680,1
27681,9
27681,1
27682,3
27683,9
27683,1
27684,9
27684,1
27685,3
27685,13
27686,3
27686,13
27687,2
27687,3
27687,5
27688,9
27688,1
27689,29
27689,5
27690,3
27690,9
27690,5
27691,3
27691,161
27692,3
27693,1
27693,4
27693,74
27693,75
27693,17
27694,4
27694,9
27694,1
27694,5
27695,2
27695,29
27696,3
27697,9
27697,5
27698,9
27698,5
27699,9
27699,5
27700,9
27700,5
27701,29
27701,1
27702,3
27703,4
27703,1
27703,6
27704,9
27704,1
27704,83
27704,5
27704,6
27705,29
27705,9
27706,9
27706,5
27707,9
27707,29
27707,1
27707,56
27707,111
27707,17
27708,3
27708,9
27708,5
27709,3
27710,3
27710,1
27711,9
27711,5
27712,3
27712,5
27713,29
27713,1
27713,5
27714,1
27714,5
27715,9
27715,5
27716,9
27716,5
27717,29
27717,1
27717,5
27718,4
27718,40
27718,1
27718,75
27719,29
27719,9
27719,1
27720,3
27720,13
27721,9
27721,1
27722,3
27722,5
27723,3
27723,13
27724,3
27724,5
27725,4
27725,11
27725,1
27726,9
27726,5
27727,9
27727,1
27728,4
27728,1
27728,6
27729,3
27729,5
27730,3
27730,13
27731,4
27731,1
27731,6
27732,4
27732,1
27732,6
27733,9
27733,83
27733,3
27733,111
27733,13
27733,6
27734,4
27734,1
27735,47
27735,1
27735,3
27735,56
27735,5
27736,9
27737,3
27737,9
27737,1
27737,5
27738,9
27738,5
27739,2
27739,29
27740,4
27740,1
27740,6
27741,166
27741,19
27742,4
27742,1
27742,6
27743,4
27743,1
27743,6
27744,3
27744,5
27745,4
27745,1
27745,6
27746,9
27746,5
27747,3
27747,5
27748,3
27748,1
27749,4
27749,1
27749,6
27750,3
27751,9
27751,5
27752,3
27752,161
27753,9
27753,5
27754,9
27754,1
27754,5
27755,3
27755,1
27755,5
27756,4
27756,40
27756,1
27756,75
27757,4
27757,40
27757,1
27757,75
27758,3
27759,4
27759,40
27759,1
27759,75
27760,2
27760,1
27761,9
27762,9
27762,1
27762,5
27763,1
27763,5
27764,2
27764,1
27765,3
27765,161
27766,4
27766,11
27766,1
27767,3
27768,3
27768,5
27769,3
27769,1
27769,5
27770,9
27770,5
27771,9
27772,11
27772,5
27773,13
27773,6
27774,9
27774,1
27774,5
27774,13
27775,1
27775,5
27776,3
27776,9
27776,1
27776,5
27777,9
27778,3
27779,9
27779,1
27779,5
27780,3
27780,161
27781,2
27781,1
27782,1
27782,5
27783,4
27783,11
27783,1
27784,3
27785,3
27785,5
27786,3
27786,1
27786,5
27787,9
27788,9
27788,1
27788,5
27788,13
27789,13
27789,6
27790,9
27790,5
27791,11
27791,5
27792,3
27793,1
27793,5
27794,9
27795,3
27795,9
27795,1
27795,5
27796,9
27796,1
27796,5
27797,2
27797,1
27798,1
27798,5
27799,4
27799,11
27799,1
27800,3
27801,3
27801,1
27801,5
27802,3
27802,5
27803,9
27804,11
27804,5
27805,13
27805,6
27806,9
27806,5
27807,9
27807,1
27807,5
27807,13
27808,3
27808,9
27808,1
27808,5
27809,3
27810,1
27810,5
27811,9
27812,9
27812,1
27812,5
27813,3
27813,161
27814,1
27814,5
27815,2
27815,1
27816,4
27816,11
27816,1
27817,3
27818,3
27818,5
27819,3
27819,1
27819,5
27820,9
27820,5
27821,9
27822,11
27822,5
27823,13
27823,6
27824,9
27824,1
27824,5
27824,13
27825,1
27825,5
27826,3
27826,9
27826,1
27826,5
27827,3
27828,2
27828,3
27828,9
27828,5
27829,2
27829,3
27829,9
27829,5
27830,3
27831,2
27831,3
27831,9
27831,5
27832,3
27833,3
27834,166
27834,19
27835,166
27835,19
27836,166
27836,19
27837,166
27837,19
27838,3
27839,2
27839,3
27840,166
27840,19
27841,3
27842,3
27842,11
27843,3
27844,3
27845,3
27846,4
27846,11
27846,1
27847,3
27848,166
27848,19
27849,3
27849,11
27850,166
27850,19
27851,3
27852,166
27852,19
27853,3
27854,3
27855,3
27855,11
27856,3
27857,9
27857,5
27858,9
27858,5
27859,9
27859,1
27859,5
27860,9
27860,1
27860,83
27860,5
27860,13
27860,17
27861,9
27861,1
27861,83
27861,5
27861,13
27861,17
27862,9
27862,1
27862,5
27863,9
27863,1
27863,5
27864,9
27865,9
27865,1
27865,5
27866,2
27866,1
27867,9
27867,5
27868,9
27868,5
27869,9
27869,1
27869,13
27869,83
27870,9
27870,5
27871,1
27871,5
27872,2
27872,29
27873,3
27873,9
27873,5
27873,13
27874,3
27875,3
27876,3
27876,9
27876,5
27876,13
27877,3
27877,9
27877,5
27877,13
27878,3
27878,161
27879,2
27879,1
27880,1
27880,5
27881,9
27881,1
27881,13
27881,83
27882,3
27882,9
27882,5
27882,13
27883,2
27883,29
27884,5
27884,17
27884,13
27885,3
27885,9
27885,5
27885,13
27886,5
27886,17
27886,13
27887,2
27887,1
27888,9
27889,3
27889,9
27889,5
27889,13
27890,9
27891,5
27891,17
27891,13
27892,2
27892,29
27893,3
27893,9
27893,5
27893,13
27894,9
27895,5
27895,17
27895,13
27896,3
27897,3
27898,3
27899,3
27900,5
27900,17
27900,13
27901,3
27901,9
27901,5
27901,13
27902,3
27902,9
27902,5
27902,13
27903,5
27903,17
27903,13
27904,9
27905,3
27905,9
27905,5
27905,13
27906,5
27906,17
27906,13
27907,5
27907,1
27907,17
27907,13
27908,5
27908,1
27908,17
27908,13
27909,5
27909,1
27909,17
27909,13
27910,5
27910,1
27910,17
27910,13
27911,1
27911,5
27912,9
27912,1
27912,13
27912,83
27913,5
27913,1
27913,17
27913,13
27914,3
27914,9
27914,5
27914,13
27915,2
27915,29
27916,5
27916,17
27916,13
27917,3
27917,161
27918,3
27918,9
27918,5
27918,13
27919,1
27919,5
27920,9
27920,1
27920,13
27920,83
27921,2
27921,1
27922,3
27923,2
27923,29
27924,3
27925,3
27925,161
27926,3
27926,9
27926,5
27926,13
27927,3
27927,9
27927,5
27927,13
27928,5
27928,17
27928,13
27929,2
27929,1
27930,9
27930,1
27930,13
27930,83
27931,1
27931,5
27932,2
27932,29
27933,3
27933,161
27934,3
27934,9
27934,5
27934,13
27935,5
27935,17
27935,13
27936,3
27936,9
27936,5
27936,13
27937,3
27937,9
27937,5
27937,13
27938,3
27938,161
27939,3
27939,9
27939,5
27939,13
27940,3
27940,161
27941,5
27941,17
27941,13
27942,3
27942,9
27942,5
27942,13
27943,3
27943,161
27944,3
27944,9
27944,5
27944,13
27945,5
27945,17
27945,13
27946,2
27946,1
27947,1
27947,5
27948,9
27948,1
27948,13
27948,83
27949,2
27949,29
27950,3
27951,3
27951,9
27951,5
27951,13
27952,2
27952,1
27953,9
27953,1
27953,13
27953,83
27954,1
27954,5
27955,2
27955,29
27956,3
27957,3
27958,3
27959,3
27960,2
27960,1
27961,9
27961,1
27961,13
27961,83
27962,1
27962,5
27963,3
27964,2
27964,29
27965,3
27966,3
27966,9
27966,5
27966,13
27967,5
27967,17
27967,13
27968,2
27968,1
27969,9
27969,1
27969,5
27970,9
27970,1
27970,5
27971,9
27971,1
27971,5
27972,1
27972,5
27973,3
27973,161
27974,3
27974,9
27974,5
27974,13
27975,9
27975,1
27975,5
27976,3
27976,161
27977,4
27977,11
27977,1
27978,3
27978,5
27979,1
27979,5
27980,29
27980,1
27981,3
27981,161
27982,3
27982,9
27982,5
27982,13
27983,1
27983,5
27984,3
27984,9
27984,5
27984,13
27985,3
27985,161
27986,2
27986,1
27987,9
27987,1
27987,13
27987,83
27988,1
27988,5
27989,2
27989,29
27990,3
27990,161
27991,5
27991,17
27991,13
27992,3
27992,161
27993,3
27993,161
27994,2
27994,1
27995,1
27995,5
27996,9
27996,1
27996,13
27996,83
27997,2
27997,29
27998,3
27998,9
27998,5
27998,13
27999,3
27999,9
27999,5
27999,13
28000,2
28000,1
28001,3
28001,9
28001,5
28001,13
28002,9
28002,83
28002,3
28002,111
28002,13
28002,6
28003,9
28003,83
28003,3
28003,111
28003,13
28003,6
28004,9
28004,83
28004,3
28004,111
28004,13
28004,6
28005,4
28005,9
28005,1
28005,5
28006,2
28006,29
28007,1
28007,4
28007,74
28007,75
28007,17
28008,3
28008,9
28008,5
28008,13
28009,9
28010,3
28011,29
28011,1
28011,5
28012,3
28012,161
28013,3
28013,11
28014,29
28014,1
28014,5
28015,29
28015,1
28015,5
28016,2
28016,3
28017,9
28017,5
28018,29
28018,6
28018,17
28018,83
28019,1
28019,5
28020,1
28020,5
28021,3
28021,5
28022,2
28022,3
28022,1
28022,5
28023,11
28023,3
28023,5
28024,40
28024,9
28024,29
28024,1
28024,2
28024,4
28024,56
28024,13
28024,6
28025,3
28025,161
28026,3
28026,5
28027,4
28027,9
28027,1
28027,5
28028,12
28028,3
28028,56
28028,5
28028,74
28028,17
28029,9
28029,1
28029,83
28029,5
28029,13
28029,17
28030,9
28030,1
28030,5
28031,2
28031,29
28032,5
28032,3
28032,9
28032,1
28033,3
28033,1
28033,5
28034,2
28034,29
28035,3
28035,1
28035,5
28036,5
28036,9
28036,1
28037,9
28037,83
28037,3
28037,111
28037,13
28037,6
28038,47
28038,29
28038,4
28038,3
28038,6
28039,47
28039,29
28039,4
28039,3
28039,6
28040,47
28040,29
28040,4
28040,3
28040,6
28041,3
28041,161
28042,5
28042,9
28042,1
28043,1
28043,5
28044,1
28044,5
28045,1
28045,5
28046,9
28046,5
28047,3
28047,9
28047,5
28048,5
28048,17
28048,13
28049,29
28049,9
28049,1
28049,111
28050,29
28050,1
28050,5
28051,2
28051,3
28051,5
28052,1
28052,2
28052,3
28052,4
28052,5
28052,6
28053,2
28054,9
28054,5
28055,40
28055,9
28055,316
28055,47
28055,29
28055,1
28055,83
28055,317
28055,56
28055,5
28055,74
28055,13
28055,17
28055,318
28055,6
28056,9
28056,1
28056,5
28057,166
28057,19
28058,1
28058,5
28058,13
28059,166
28059,19
28060,29
28060,9
28060,1
28061,3
28061,5
28062,3
28062,161
28063,3
28063,5
28064,9
28064,1
28064,5
28065,9
28065,1
28065,5
28066,2
28066,1
28067,3
28067,1
28067,5
28068,9
28068,5
28069,11
28069,5
28070,9
28070,1
28070,5
28071,47
28071,1
28071,3
28071,56
28071,5
28072,9
28072,1
28072,5
28072,13
28073,47
28073,1
28073,3
28073,56
28073,5
28074,47
28074,1
28074,3
28074,56
28074,5
28075,9
28075,83
28075,3
28075,111
28075,13
28075,6
28076,47
28076,1
28076,3
28076,56
28076,5
28077,9
28077,83
28077,3
28077,111
28077,13
28077,6
28078,47
28078,1
28078,3
28078,56
28078,5
28079,47
28079,1
28079,3
28079,56
28079,5
28080,47
28080,1
28080,3
28080,56
28080,5
28081,9
28081,83
28081,3
28081,111
28081,13
28081,6
28082,9
28082,83
28082,3
28082,111
28082,13
28082,6
28083,47
28083,1
28083,3
28083,56
28083,5
28084,9
28084,83
28084,3
28084,111
28084,13
28084,6
28085,4
28085,1
28086,4
28086,1
28087,9
28087,1
28087,5
28088,3
28088,161
28089,9
28089,1
28089,5
28090,3
28090,5
28091,3
28092,9
28092,1
28092,5
28093,3
28094,40
28094,9
28094,29
28094,1
28094,5
28094,13
28095,3
28095,1
28095,5
28096,2
28096,1
28097,1
28097,17
28098,3
28098,5
28099,3
28099,1
28099,5
28100,1
28100,5
28101,3
28101,5
28101,13
28101,6
28102,3
28102,5
28103,9
28104,29
28104,1
28105,2
28105,29
28106,3
28107,3
28108,2
28108,3
28108,5
28109,4
28109,1
28109,6
28110,3
28110,5
28111,9
28111,1
28112,4
28112,1
28112,6
28113,3
28113,5
28114,4
28114,1
28114,6
28115,9
28115,1
28116,3
28116,1
28117,12
28117,3
28117,56
28117,5
28117,74
28117,17
28118,9
28118,1
28119,3
28119,161
28120,3
28120,5
28121,9
28121,5
28122,3
28123,29
28123,9
28123,1
28124,9
28124,1
28125,3
28126,9
28126,5
28127,4
28127,1
28127,6
28128,4
28128,1
28128,6
28129,9
28129,5
28130,3
28130,1
28131,9
28131,5
28132,9
28132,5
28133,4
28133,1
28133,6
28134,9
28134,5
28135,4
28135,1
28135,6
28136,4
28136,1
28136,6
28137,3
28137,5
28138,4
28138,1
28138,6
28139,3
28140,9
28140,5
28141,9
28141,5
28142,9
28142,5
28143,3
28143,5
28144,9
28144,1
28144,5
28145,9
28145,5
28146,9
28146,5
28147,2
28147,29
28148,3
28149,3
28149,5
28150,3
28150,5
28151,3
28151,161
28151,17
28152,9
28152,1
28153,2
28153,3
28153,5
28154,1
28155,9
28155,5
28156,3
28156,1
28157,3
28157,5
28158,9
28158,5
28159,9
28159,5
28160,3
28160,9
28160,5
28161,3
28161,5
28162,29
28162,1
28163,9
28163,5
28164,9
28164,5
28165,3
28165,5
28166,9
28166,5
28167,9
28167,5
28168,9
28168,5
28169,9
28169,5
28170,9
28170,5
28171,9
28171,5
28172,9
28172,5
28173,9
28173,5
28174,9
28174,5
28175,9
28175,5
28176,9
28176,5
28177,9
28177,5
28178,9
28178,5
28179,9
28179,5
28180,9
28180,5
28181,9
28181,5
28182,3
28182,161
28183,9
28183,1
28184,29
28184,9
28185,9
28185,5
28186,29
28186,1
28186,5
28187,9
28187,1
28188,1
28188,5
28189,9
28189,1
28189,5
28190,9
28190,5
28190,13
28191,2
28191,3
28191,9
28191,5
28192,1
28192,4
28192,74
28192,75
28192,17
28193,2
28193,3
28193,9
28193,5
28194,1
28194,5
28195,5
28195,17
28195,13
28196,9
28196,5
28197,2
28197,3
28197,9
28197,5
28198,3
28199,3
28200,1
28200,5
28201,2
28201,1
28202,3
28202,5
28203,3
28204,9
28204,1
28204,5
28205,4
28205,9
28205,1
28205,5
28206,1
28206,5
28207,29
28207,5
28208,11
28208,9
28208,1
28208,3
28208,5
28208,17
28208,6
28209,3
28209,5
28210,40
28210,9
28210,29
28210,1
28210,2
28210,4
28210,56
28210,13
28210,6
28211,2
28211,1
28212,2
28212,3
28212,9
28212,5
28213,1
28213,4
28213,74
28213,75
28213,17
28214,47
28214,29
28214,4
28214,3
28214,6
28215,2
28215,3
28215,9
28215,5
28216,9
28216,1
28217,5
28217,17
28217,13
28218,1
28218,5
28219,4
28219,9
28219,1
28219,5
28220,9
28221,29
28221,5
28222,3
28223,2
28223,1
28224,3
28224,5
28225,9
28225,1
28225,5
28226,9
28226,1
28226,5
28227,3
28227,5
28228,2
28228,1
28229,1
28229,5
28230,4
28230,9
28230,1
28230,5
28231,3
28232,29
28232,5
28233,3
28233,1
28233,5
28234,1
28234,5
28235,9
28236,40
28236,9
28236,29
28236,1
28236,2
28236,4
28236,56
28236,13
28236,6
28237,3
28237,5
28238,9
28239,1
28239,5
28240,2
28240,3
28240,9
28240,5
28241,29
28241,5
28242,3
28243,2
28243,1
28244,40
28244,9
28244,29
28244,1
28244,2
28244,4
28244,56
28244,13
28244,6
28245,3
28245,5
28246,29
28246,9
28246,1
28247,9
28248,1
28248,5
28249,1
28249,4
28249,74
28249,75
28249,17
28250,29
28250,5
28251,40
28251,9
28251,29
28251,1
28251,2
28251,4
28251,56
28251,13
28251,6
28252,3
28253,2
28253,1
28254,1
28254,5
28255,1
28255,2
28255,3
28255,4
28255,5
28255,6
28256,29
28256,9
28257,1
28257,5
28258,2
28258,3
28258,5
28259,9
28259,1
28260,4
28260,9
28260,1
28260,5
28261,2
28261,1
28262,40
28262,9
28262,29
28262,1
28262,2
28262,4
28262,56
28262,13
28262,6
28263,3
28264,3
28264,161
28265,9
28265,1
28266,9
28266,1
28267,1
28267,5
28268,3
28268,1
28269,9
28269,1
28270,9
28270,1
28271,9
28271,1
28272,4
28272,9
28272,1
28272,5
28273,29
28273,5
28274,3
28275,9
28276,3
28276,161
28277,9
28278,9
28279,3
28279,5
28280,1
28280,5
28281,1
28281,4
28281,74
28281,75
28281,17
28282,29
28282,5
28283,3
28283,9
28283,5
28284,3
28285,2
28285,1
28286,3
28286,5
28287,3
28287,5
28288,9
28288,1
28288,5
28289,1
28289,5
28290,2
28290,3
28290,9
28290,5
28291,29
28291,5
28292,3
28293,2
28293,1
28294,40
28294,9
28294,29
28294,1
28294,2
28294,4
28294,56
28294,13
28294,6
28295,2
28295,3
28295,9
28295,5
28296,4
28296,9
28296,1
28296,5
28297,1
28297,4
28297,74
28297,75
28297,17
28298,1
28298,5
28299,29
28299,5
28300,3
28301,2
28301,1
28302,3
28302,5
28303,3
28303,5
28304,9
28304,1
28304,5
28305,1
28305,5
28306,2
28306,3
28306,9
28306,5
28307,3
28307,5
28308,29
28308,5
28309,1
28309,4
28309,74
28309,75
28309,17
28310,3
28311,2
28311,1
28312,40
28312,9
28312,29
28312,1
28312,2
28312,4
28312,56
28312,13
28312,6
28313,3
28313,5
28314,3
28314,5
28315,9
28315,1
28315,5
28316,1
28316,5
28317,3
28317,9
28317,5
28318,2
28318,3
28318,9
28318,5
28319,40
28319,9
28319,29
28319,1
28319,2
28319,4
28319,56
28319,13
28319,6
28320,29
28320,5
28321,3
28322,2
28322,1
28323,3
28323,5
28324,9
28324,1
28324,5
28325,3
28325,5
28326,2
28326,3
28326,9
28326,5
28327,1
28327,5
28328,3
28329,29
28329,5
28330,2
28330,1
28331,40
28331,9
28331,29
28331,1
28331,2
28331,4
28331,56
28331,13
28331,6
28332,9
28332,1
28332,5
28333,3
28333,5
28334,2
28334,3
28334,9
28334,5
28335,29
28335,5
28336,3
28337,3
28337,5
28338,1
28338,5
28339,40
28339,9
28339,29
28339,1
28339,2
28339,4
28339,56
28339,13
28339,6
28340,2
28340,1
28341,3
28341,5
28342,3
28342,5
28343,9
28343,1
28343,5
28344,2
28344,3
28344,9
28344,5
28345,1
28345,5
28346,29
28346,5
28347,3
28348,40
28348,9
28348,29
28348,1
28348,2
28348,4
28348,56
28348,13
28348,6
28349,2
28349,1
28350,9
28351,3
28351,5
28352,1
28352,5
28353,2
28353,3
28353,9
28353,5
28354,29
28354,1
28354,5
28355,29
28355,5
28356,3
28357,40
28357,9
28357,29
28357,1
28357,2
28357,4
28357,56
28357,13
28357,6
28358,2
28358,1
28359,29
28359,9
28359,1
28360,3
28360,5
28361,1
28361,5
28362,9
28363,1
28363,4
28363,74
28363,75
28363,17
28364,29
28364,1
28364,5
28365,3
28365,5
28366,3
28367,2
28367,1
28368,9
28369,9
28370,3
28370,5
28371,1
28371,5
28372,1
28372,4
28372,74
28372,75
28372,17
28373,29
28373,5
28374,3
28374,9
28374,5
28375,3
28376,2
28376,1
28377,3
28377,5
28378,9
28378,1
28378,5
28379,3
28379,5
28380,1
28380,5
28381,2
28381,3
28381,9
28381,5
28382,29
28382,5
28383,40
28383,9
28383,29
28383,1
28383,2
28383,4
28383,56
28383,13
28383,6
28384,3
28385,2
28385,1
28386,9
28387,9
28388,3
28388,5
28389,1
28389,5
28390,3
28391,29
28391,1
28391,5
28392,2
28392,1
28393,1
28393,4
28393,74
28393,75
28393,17
28394,3
28394,5
28395,3
28395,5
28396,9
28396,1
28396,5
28397,2
28397,3
28397,9
28397,5
28398,29
28398,5
28399,40
28399,9
28399,29
28399,1
28399,2
28399,4
28399,56
28399,13
28399,6
28400,1
28400,5
28401,3
28402,2
28402,1
28403,9
28403,13
28404,29
28404,9
28404,1
28405,9
28406,9
28407,3
28407,5
28408,1
28408,5
28409,4
28409,1
28409,6
28410,3
28410,5
28411,3
28412,2
28412,1
28413,3
28413,5
28414,3
28414,5
28415,29
28415,5
28416,1
28416,5
28417,9
28418,4
28418,9
28418,1
28418,5
28419,1
28419,4
28419,74
28419,75
28419,17
28420,29
28420,5
28421,3
28422,2
28422,1
28423,40
28423,9
28423,29
28423,1
28423,2
28423,4
28423,56
28423,13
28423,6
28424,29
28424,9
28424,1
28425,2
28425,3
28425,9
28425,5
28426,3
28426,5
28427,1
28427,5
28428,3
28429,29
28429,5
28430,2
28430,3
28430,9
28430,5
28431,2
28431,1
28432,40
28432,9
28432,29
28432,1
28432,2
28432,4
28432,56
28432,13
28432,6
28433,29
28433,9
28433,1
28434,2
28434,3
28434,9
28434,5
28435,3
28435,5
28436,1
28436,5
28437,2
28437,3
28437,9
28437,5
28438,40
28438,9
28438,29
28438,1
28438,2
28438,4
28438,56
28438,13
28438,6
28439,29
28439,5
28440,3
28441,2
28441,1
28442,47
28442,83
28442,2
28442,13
28442,17
28442,6
28443,3
28443,5
28444,9
28445,1
28445,5
28446,3
28446,161
28447,4
28447,9
28447,1
28447,5
28448,3
28449,29
28449,5
28450,2
28450,1
28451,3
28451,5
28452,3
28452,9
28452,5
28453,3
28453,5
28454,9
28454,1
28454,5
28455,2
28455,3
28455,9
28455,5
28456,1
28456,5
28457,29
28457,5
28458,3
28459,40
28459,9
28459,29
28459,1
28459,2
28459,4
28459,56
28459,13
28459,6
28460,2
28460,1
28461,3
28461,5
28462,3
28462,5
28463,3
28463,5
28464,9
28464,1
28464,5
28465,2
28465,3
28465,9
28465,5
28466,1
28466,5
28467,40
28467,9
28467,29
28467,1
28467,2
28467,4
28467,56
28467,13
28467,6
28468,3
28469,29
28469,5
28470,2
28470,1
28471,3
28471,5
28472,3
28472,5
28473,40
28473,5
28474,9
28474,1
28474,5
28475,2
28475,3
28475,9
28475,5
28476,1
28476,5
28477,40
28477,9
28477,29
28477,1
28477,2
28477,4
28477,56
28477,13
28477,6
28478,3
28479,29
28479,5
28480,2
28480,1
28481,3
28481,5
28482,9
28482,1
28482,5
28483,3
28483,5
28484,2
28484,3
28484,9
28484,5
28485,1
28485,5
28486,40
28486,9
28486,29
28486,1
28486,2
28486,4
28486,56
28486,13
28486,6
28487,29
28487,5
28488,3
28489,2
28489,1
28490,29
28490,9
28490,1
28491,29
28491,9
28491,1
28492,9
28493,1
28493,5
28494,4
28494,1
28494,6
28495,29
28495,5
28496,3
28496,5
28497,3
28497,5
28498,3
28499,2
28499,1
28500,3
28500,5
28501,4
28501,9
28501,1
28501,5
28502,3
28502,5
28503,2
28503,3
28503,9
28503,5
28504,1
28504,5
28505,29
28505,5
28506,3
28507,2
28507,1
28508,3
28508,5
28509,3
28509,5
28510,3
28510,5
28511,1
28511,5
28512,9
28513,29
28513,5
28514,3
28515,2
28515,1
28516,4
28516,9
28516,1
28516,5
28517,3
28517,5
28518,9
28519,2
28519,3
28519,9
28519,5
28520,9
28521,29
28521,5
28522,3
28523,2
28523,1
28524,40
28524,9
28524,29
28524,1
28524,2
28524,4
28524,56
28524,13
28524,6
28525,3
28525,5
28526,3
28526,5
28527,9
28527,1
28527,5
28528,1
28528,5
28529,9
28530,3
28530,5
28531,1
28531,5
28532,29
28532,5
28533,29
28533,9
28534,3
28535,2
28535,1
28536,40
28536,9
28536,29
28536,1
28536,2
28536,4
28536,56
28536,13
28536,6
28537,9
28537,5
28538,40
28538,5
28539,9
28540,9
28541,3
28541,5
28542,1
28542,5
28543,4
28543,1
28543,6
28544,29
28544,5
28545,3
28546,3
28546,5
28547,2
28547,1
28548,1
28548,4
28548,74
28548,75
28548,17
28549,9
28549,1
28549,5
28550,2
28550,3
28550,9
28550,5
28551,2
28551,3
28551,9
28551,5
28552,1
28552,5
28553,29
28553,5
28554,3
28554,5
28555,3
28556,2
28556,1
28557,40
28557,9
28557,29
28557,1
28557,2
28557,4
28557,56
28557,13
28557,6
28558,3
28558,5
28559,2
28559,1
28560,2
28560,3
28560,9
28560,5
28561,29
28561,5
28562,1
28562,5
28563,4
28563,9
28563,1
28563,5
28564,2
28564,3
28564,9
28564,5
28565,3
28566,2
28566,1
28567,2
28567,1
28568,3
28568,5
28569,1
28569,5
28570,2
28570,3
28570,9
28570,5
28571,3
28572,29
28572,5
28573,2
28573,1
28574,40
28574,9
28574,29
28574,1
28574,2
28574,4
28574,56
28574,13
28574,6
28575,40
28575,9
28575,29
28575,1
28575,2
28575,4
28575,56
28575,13
28575,6
28576,29
28576,9
28577,9
28578,4
28578,9
28578,1
28578,5
28579,3
28579,5
28580,4
28580,9
28580,1
28580,5
28581,1
28581,5
28582,29
28582,5
28583,3
28584,40
28584,9
28584,29
28584,1
28584,2
28584,4
28584,56
28584,13
28584,6
28585,2
28585,1
28586,29
28586,9
28587,9
28587,83
28587,3
28587,111
28587,13
28587,6
28588,29
28588,6
28588,17
28588,83
28589,47
28589,1
28589,3
28589,56
28589,5
28590,47
28590,1
28590,3
28590,56
28590,5
28591,3
28592,3
28593,29
28593,9
28593,1
28594,29
28594,9
28594,1
28595,29
28595,9
28595,1
28596,9
28596,1
28596,5
28597,9
28597,1
28597,5
28598,9
28598,1
28598,5
28599,3
28599,5
28600,29
28600,6
28600,17
28600,83
28601,9
28601,1
28601,83
28601,5
28601,13
28601,17
28602,3
28602,5
28603,3
28603,5
28604,9
28604,1
28604,83
28604,5
28604,13
28604,17
28605,9
28605,1
28605,83
28605,5
28605,13
28605,17
28606,13
28607,29
28607,6
28607,17
28607,83
28608,29
28608,6
28608,17
28608,83
28609,13
28610,40
28610,1
28610,5
28611,13
28612,3
28612,19
28613,40
28613,1
28613,5
28614,40
28614,1
28614,5
28615,1
28615,17
28616,3
28617,3
28617,5
28618,4
28618,1
28618,6
28619,9
28619,5
28620,3
28620,5
28621,9
28622,2
28622,29
28623,3
28623,1
28624,3
28624,5
28625,9
28625,1
28626,4
28626,9
28626,1
28626,5
28627,9
28627,1
28628,9
28628,316
28628,1
28628,4
28628,3
28628,5
28628,17
28628,6
28629,3
28629,5
28630,3
28630,5
28631,9
28631,5
28632,3
28632,5
28632,6
28633,3
28633,5
28634,3
28634,161
28635,3
28635,5
28636,4
28636,9
28636,1
28636,5
28637,3
28637,161
28638,3
28638,5
28639,9
28640,3
28640,5
28641,2
28641,1
28642,3
28642,5
28643,3
28644,1
28644,5
28645,9
28645,83
28645,2
28645,3
28645,17
28646,5
28646,9
28646,1
28647,3
28647,1
28647,5
28648,9
28648,5
28649,9
28650,3
28650,5
28651,3
28651,5
28652,9
28652,5
28653,29
28653,1
28653,5
28654,1
28654,5
28655,9
28655,1
28656,5
28656,9
28656,1
28657,3
28658,29
28658,1
28659,5
28659,9
28659,1
28660,3
28660,5
28661,2
28661,1
28662,47
28662,1
28662,3
28662,56
28662,5
28663,9
28663,83
28663,3
28663,111
28663,13
28663,6
28664,9
28664,83
28664,3
28664,111
28664,13
28664,6
28665,3
28666,29
28666,1
28666,5
28667,29
28667,1
28667,5
28668,3
28668,161
28669,29
28669,9
28669,1
28670,11
28670,5
28671,9
28671,5
28672,9
28672,5
28673,9
28673,5
28674,29
28674,9
28674,1
28675,3
28675,13
28676,9
28676,5
28677,9
28677,5
28678,11
28678,5
28679,9
28679,5
28680,29
28680,9
28680,1
28681,9
28681,5
28682,11
28682,5
28683,9
28683,5
28684,3
28684,13
28685,9
28685,83
28685,2
28685,3
28685,17
28686,9
28686,83
28686,2
28686,3
28686,17
28687,3
28687,5
28688,3
28688,5
28689,1
28690,40
28690,9
28690,29
28690,1
28690,17
28690,6
28691,1
28691,5
28692,1
28692,5
28693,9
28693,1
28694,9
28694,1
28695,1
28695,5
28696,3
28696,9
28696,1
28696,5
28697,9
28697,1
28698,3
28699,3
28700,3
28700,5
28701,9
28701,5
28701,13
28702,29
28702,1
28702,5
28703,9
28703,5
28704,9
28704,5
28704,13
28705,5
28705,9
28705,1
28706,11
28706,3
28706,5
28707,5
28707,17
28707,13
28708,40
28708,9
28708,29
28708,1
28708,17
28708,6
28709,3
28709,9
28709,1
28709,5
28710,3
28711,9
28712,3
28712,5
28713,3
28714,9
28714,5
28715,3
28716,3
28716,5
28716,13
28716,6
28717,3
28717,9
28717,5
28718,3
28719,2
28719,1
28719,75
28719,6
28720,29
28720,9
28721,4
28721,9
28721,1
28721,5
28722,3
28723,9
28723,5
28724,29
28724,9
28724,1
28725,9
28725,5
28726,3
28727,29
28727,9
28727,1
28728,4
28728,11
28728,1
28729,1
28729,5
28730,29
28730,1
28730,5
28731,4
28731,11
28731,1
28732,9
28732,1
28732,13
28732,83
28733,9
28733,5
28733,13
28734,3
28735,11
28735,3
28735,5
28736,3
28737,3
28738,2
28738,1
28739,3
28739,1
28739,5
28740,3
28741,9
28741,1
28741,5
28742,9
28743,29
28743,9
28743,1
28744,1
28744,4
28744,74
28744,75
28744,17
28745,9
28745,1
28746,9
28746,1
28747,3
28747,5
28748,3
28749,9
28749,1
28750,3
28751,3
28752,3
28752,5
28753,29
28753,9
28753,1
28754,3
28755,9
28755,83
28755,2
28755,3
28755,17
28756,9
28756,5
28757,9
28757,1
28757,5
28758,9
28758,1
28758,5
28759,9
28759,1
28759,5
28760,3
28760,9
28760,5
28760,13
28761,3
28761,161
28762,5
28762,17
28762,13
28763,1
28763,5
28764,3
28764,9
28764,5
28764,13
28765,3
28765,9
28765,5
28765,13
28766,5
28766,17
28766,13
28767,3
28767,161
28768,3
28768,9
28768,5
28768,13
28769,3
28769,9
28769,5
28769,13
28770,3
28770,161
28771,3
28771,161
28772,3
28772,9
28772,5
28772,13
28773,3
28773,161
28774,4
28774,1
28774,6
28775,9
28775,5
28776,3
28776,9
28776,5
28776,13
28777,3
28778,3
28779,3
28780,3
28780,9
28780,5
28780,13
28781,3
28781,161
28782,3
28782,9
28782,5
28782,13
28783,3
28784,29
28784,1
28785,4
28785,11
28785,1
28786,9
28786,1
28786,5
28787,9
28787,1
28788,3
28788,1
28788,5
28789,9
28789,1
28790,2
28790,29
28791,29
28791,1
28792,3
28793,3
28793,13
28793,6
28794,29
28794,6
28794,17
28794,83
28795,2
28795,1
28796,9
28797,9
28797,1
28797,5
28798,1
28798,5
28799,2
28799,1
28800,3
28800,161
28801,9
28801,5
28802,4
28802,11
28802,1
28803,9
28803,5
28804,4
28804,11
28804,1
28805,3
28806,3
28806,1
28806,5
28807,9
28808,11
28808,5
28809,9
28809,5
28810,9
28810,1
28810,5
28810,13
28811,13
28811,6
28812,3
28812,5
28813,3
28813,9
28813,1
28813,5
28814,1
28814,5
28815,3
28816,9
28817,9
28817,1
28817,5
28818,3
28818,161
28819,1
28819,5
28820,2
28820,1
28821,29
28821,9
28821,1
28822,3
28823,4
28823,11
28823,1
28824,3
28824,1
28824,5
28825,3
28825,5
28826,11
28826,5
28827,9
28827,5
28828,9
28829,13
28829,6
28830,9
28830,1
28830,5
28830,13
28831,3
28831,9
28831,1
28831,5
28832,1
28832,5
28833,3
28834,9
28834,1
28834,5
28835,9
28836,3
28836,161
28837,2
28837,1
28838,1
28838,5
28839,4
28839,11
28839,1
28840,3
28841,3
28841,1
28841,5
28842,3
28842,5
28843,9
28844,11
28844,5
28845,13
28845,6
28846,9
28846,5
28847,9
28847,1
28847,5
28847,13
28848,1
28848,5
28849,9
28850,3
28851,3
28851,9
28851,1
28851,5
28852,9
28852,1
28852,5
28853,3
28853,161
28854,2
28854,1
28855,1
28855,5
28856,4
28856,11
28856,1
28857,3
28858,3
28858,1
28858,5
28859,9
28859,1
28859,5
28859,13
28860,13
28860,6
28861,9
28861,5
28862,9
28863,11
28863,5
28864,1
28864,5
28865,3
28865,9
28865,1
28865,5
28866,9
28867,3
28868,9
28868,1
28868,5
28869,3
28869,5
28870,2
28870,1
28871,3
28871,161
28872,3
28873,1
28873,5
28874,4
28874,11
28874,1
28875,3
28875,1
28875,5
28876,3
28876,5
28877,9
28878,11
28878,5
28879,13
28879,6
28880,9
28880,5
28881,9
28881,1
28881,5
28881,13
28882,1
28882,5
28883,3
28883,9
28883,1
28883,5
28884,3
28885,9
28886,3
28886,161
28887,9
28887,1
28887,5
28888,1
28888,5
28889,2
28889,1
28890,3
28891,3
28891,5
28892,3
28892,1
28892,5
28893,9
28894,11
28894,5
28895,9
28895,1
28895,5
28895,13
28896,13
28896,6
28897,9
28897,5
28898,1
28898,5
28899,3
28899,9
28899,1
28899,5
28900,3
28901,9
28902,9
28902,1
28902,5
28903,2
28903,1
28904,3
28905,1
28905,5
28906,1
28906,5
28907,3
28908,3
28908,1
28908,5
28909,11
28909,5
28910,9
28911,2
28911,29
28912,9
28913,3
28914,2
28914,3
28914,5
28915,1
28915,5
28916,4
28916,9
28916,1
28916,5
28917,2
28917,3
28917,9
28917,5
28918,19
28919,4
28919,11
28919,1
28920,3
28920,1
28921,9
28921,5
28922,11
28922,3
28923,3
28923,5
28924,9
28924,1
28925,9
28925,1
28926,9
28926,5
28927,166
28927,19
28928,47
28928,29
28928,4
28928,3
28928,6
28929,40
28929,9
28929,29
28929,1
28929,2
28929,4
28929,56
28929,13
28929,6
28930,9
28930,5
28931,3
28931,161
28932,3
28932,5
28933,3
28933,161
28933,5
28933,83
28934,29
28934,1
28934,5
28935,29
28935,1
28935,5
28936,9
28936,5
28937,2
28937,3
28937,9
28938,4
28938,1
28938,6
28939,4
28939,1
28939,6
28940,9
28940,5
28941,29
28941,9
28942,4
28942,1
28942,6
28943,9
28943,5
28944,29
28944,9
28945,4
28945,1
28945,6
28946,29
28946,9
28947,5
28947,1
28947,17
28947,13
28948,4
28948,1
28948,6
28949,9
28949,5
28950,9
28950,5
28951,3
28952,1
28952,2
28952,3
28952,4
28952,5
28952,6
28953,29
28953,9
28954,9
28954,5
28955,40
28955,9
28955,29
28955,1
28955,2
28955,4
28955,56
28955,13
28955,6
28956,3
28956,5
28957,9
28957,5
28958,29
28958,9
28958,1
28959,9
28959,5
28960,3
28960,5
28961,3
28961,5
28962,9
28962,5
28963,47
28963,1
28963,3
28963,56
28963,5
28964,3
28965,29
28965,1
28965,5
28966,3
28966,5
28967,5
28967,1
28967,17
28967,13
28968,9
28969,3
28969,161
28970,2
28970,1
28971,1
28971,5
28972,3
28973,3
28973,1
28973,5
28974,9
28974,5
28975,1
28975,5
28976,1
28976,5
28977,3
28977,5
28978,1
28978,5
28979,3
28979,9
28979,5
28979,13
28980,1
28980,5
28981,3
28982,3
28982,9
28982,5
28982,13
28983,5
28983,17
28983,13
28984,3
28984,9
28984,5
28984,13
28985,5
28985,17
28985,13
28986,3
28987,3
28988,3
28988,9
28988,5
28988,13
28989,3
28989,9
28989,5
28989,13
28990,2
28990,1
28991,9
28992,9
28993,9
28994,2
28994,29
28995,5
28995,1
28995,17
28995,13
28996,3
28996,9
28996,5
28996,13
28997,5
28997,1
28997,17
28997,13
28998,5
28998,1
28998,17
28998,13
28999,4
28999,1
28999,6
29000,2
29000,1
29001,4
29001,1
29001,6
29002,9
29002,1
29002,5
29003,9
29003,1
29003,5
29004,9
29004,1
29004,5
29005,1
29005,5
29006,4
29006,11
29006,1
29007,9
29007,1
29007,5
29008,1
29008,5
29009,3
29009,5
29010,29
29010,1
29011,3
29011,9
29011,5
29011,13
29012,1
29012,5
29013,3
29013,161
29014,2
29014,1
29015,9
29015,1
29015,13
29015,83
29016,1
29016,5
29017,3
29017,9
29017,5
29017,13
29018,2
29018,29
29019,3
29019,161
29020,3
29021,3
29022,2
29022,1
29023,9
29023,1
29023,13
29023,83
29024,2
29024,29
29025,3
29025,9
29025,5
29025,13
29026,1
29026,5
29027,3
29027,161
29028,3
29029,3
29030,2
29030,1
29031,9
29032,9
29033,9
29034,2
29034,29
29035,3
29035,9
29035,5
29035,13
29036,3
29036,9
29036,5
29036,13
29037,4
29037,1
29037,6
29038,5
29038,1
29038,17
29038,13
29039,3
29039,9
29039,5
29039,13
29040,5
29040,1
29040,17
29040,13
29041,9
29042,3
29042,9
29042,5
29042,13
29043,5
29043,1
29043,17
29043,13
29044,9
29045,2
29045,29
29046,3
29047,3
29047,9
29047,5
29047,13
29048,9
29049,3
29049,9
29049,5
29049,13
29050,3
29050,9
29050,5
29050,13
29051,3
29051,9
29051,5
29051,13
29052,3
29052,9
29052,5
29052,13
29053,4
29053,11
29053,1
29054,4
29054,11
29054,1
29055,5
29055,1
29055,17
29055,13
29056,9
29056,5
29057,5
29057,1
29057,17
29057,13
29058,9
29058,1
29058,5
29059,5
29059,1
29059,17
29059,13
29060,5
29060,1
29060,17
29060,13
29061,9
29061,1
29061,5
29062,9
29062,5
29063,3
29063,9
29063,5
29063,13
29064,3
29064,161
29065,9
29065,1
29065,5
29066,1
29066,5
29067,4
29067,11
29067,1
29068,29
29068,1
29069,1
29069,5
29070,3
29070,5
29071,1
29071,5
29072,3
29072,9
29072,5
29072,13
29073,3
29073,161
29074,3
29074,9
29074,5
29074,13
29075,3
29075,161
29076,2
29076,1
29077,9
29078,3
29078,9
29078,5
29078,13
29079,9
29079,1
29079,5
29080,2
29080,29
29081,5
29081,1
29081,17
29081,13
29082,9
29083,9
29084,2
29084,29
29085,9
29086,3
29086,9
29086,5
29086,13
29087,3
29087,9
29087,5
29087,13
29088,3
29088,9
29088,5
29088,13
29089,9
29090,5
29090,1
29090,17
29090,13
29091,5
29091,1
29091,17
29091,13
29092,9
29093,9
29094,5
29094,1
29094,17
29094,13
29095,2
29095,29
29096,3
29096,9
29096,5
29096,13
29097,3
29097,9
29097,5
29097,13
29098,9
29099,3
29099,9
29099,5
29099,13
29100,3
29100,9
29100,5
29100,13
29101,5
29101,1
29101,17
29101,13
29102,5
29102,1
29102,17
29102,13
29103,5
29103,1
29103,17
29103,13
29104,5
29104,1
29104,17
29104,13
29105,5
29105,1
29105,17
29105,13
29106,5
29106,1
29106,17
29106,13
29107,4
29107,1
29107,6
29108,4
29108,1
29108,6
29109,4
29109,1
29109,6
29110,3
29110,9
29110,5
29110,13
29111,9
29111,1
29111,5
29112,5
29112,1
29112,17
29112,13
29113,1
29113,5
29114,1
29114,5
29115,9
29115,1
29115,5
29116,29
29116,1
29117,3
29117,5
29118,3
29118,9
29118,5
29118,13
29119,2
29119,1
29120,1
29120,5
29121,9
29121,1
29121,13
29121,83
29122,1
29122,5
29123,3
29123,9
29123,5
29123,13
29124,3
29125,2
29125,29
29126,2
29126,1
29127,4
29127,11
29127,1
29128,9
29128,1
29128,13
29128,83
29129,1
29129,5
29130,3
29130,161
29131,2
29131,29
29132,3
29132,161
29133,2
29133,1
29134,40
29134,9
29134,29
29134,1
29134,5
29134,13
29135,9
29135,5
29135,13
29136,3
29137,3
29138,1
29138,5
29139,3
29139,9
29139,5
29140,11
29140,9
29140,1
29140,3
29140,5
29140,17
29140,6
29141,2
29141,1
29142,2
29142,3
29142,9
29142,5
29143,9
29143,1
29143,5
29144,3
29144,161
29145,2
29145,1
29146,3
29146,161
29147,1
29147,5
29148,3
29148,9
29148,5
29149,3
29149,11
29150,3
29150,5
29151,3
29152,3
29152,5
29153,3
29153,1
29153,5
29154,1
29154,5
29155,4
29155,9
29155,1
29155,5
29156,3
29156,13
29157,2
29157,3
29157,1
29157,5
29158,2
29158,29
29159,2
29159,3
29159,1
29159,5
29160,4
29160,9
29160,1
29160,5
29161,3
29161,5
29162,3
29162,5
29163,2
29163,3
29163,1
29163,5
29164,2
29164,1
29165,3
29165,5
29166,2
29166,3
29166,1
29166,5
29167,3
29167,5
29168,9
29169,3
29169,5
29170,2
29170,1
29171,9
29171,316
29171,1
29171,4
29171,3
29171,5
29171,17
29171,6
29172,3
29172,161
29173,1
29173,5
29174,3
29174,161
29175,9
29175,316
29175,1
29175,4
29175,3
29175,5
29175,17
29175,6
29176,9
29176,316
29176,1
29176,4
29176,3
29176,5
29176,17
29176,6
29177,3
29178,1
29178,5
29179,1
29179,5
29179,13
29180,3
29180,1
29180,5
29181,3
29181,5
29182,9
29182,1
29183,3
29183,161
29184,3
29184,5
29185,4
29185,1
29186,2
29186,1
29187,4
29187,40
29187,1
29187,75
29188,4
29188,40
29188,1
29188,75
29189,9
29189,1
29189,4
29189,56
29189,6
29190,3
29191,29
29191,9
29191,1
29191,111
29192,3
29192,5
29193,29
29193,1
29194,3
29194,161
29195,5
29195,9
29195,1
29196,29
29196,1
29197,29
29197,1
29198,3
29199,4
29199,9
29199,1
29199,5
29200,4
29200,9
29200,1
29200,5
29201,4
29201,9
29201,1
29201,5
29202,9
29202,5
29203,4
29203,9
29203,1
29203,5
29204,4
29204,9
29204,1
29204,5
29205,4
29205,9
29205,1
29205,5
29206,4
29206,9
29206,1
29206,5
29207,4
29207,9
29207,1
29207,5
29208,9
29208,5
29209,4
29209,9
29209,1
29209,5
29210,4
29210,9
29210,1
29210,5
29211,4
29211,9
29211,1
29211,5
29212,4
29212,9
29212,1
29212,5
29213,4
29213,9
29213,1
29213,5
29214,4
29214,9
29214,1
29214,5
29215,4
29215,9
29215,1
29215,5
29216,4
29216,9
29216,1
29216,5
29217,4
29217,9
29217,1
29217,5
29218,4
29218,9
29218,1
29218,5
29219,4
29219,9
29219,1
29219,5
29220,4
29220,9
29220,1
29220,5
29221,4
29221,9
29221,1
29221,5
29222,4
29222,9
29222,1
29222,5
29223,4
29223,9
29223,1
29223,5
29224,4
29224,9
29224,1
29224,5
29225,4
29225,9
29225,1
29225,5
29226,4
29226,9
29226,1
29226,5
29227,4
29227,9
29227,1
29227,5
29228,4
29228,9
29228,1
29228,5
29229,4
29229,9
29229,1
29229,5
29230,4
29230,9
29230,1
29230,5
29231,4
29231,9
29231,1
29231,5
29232,4
29232,9
29232,1
29232,5
29233,4
29233,9
29233,1
29233,5
29234,4
29234,9
29234,1
29234,5
29235,4
29235,9
29235,1
29235,5
29236,4
29236,9
29236,1
29236,5
29237,4
29237,9
29237,1
29237,5
29238,4
29238,9
29238,1
29238,5
29239,4
29239,9
29239,1
29239,5
29240,4
29240,9
29240,1
29240,5
29241,4
29241,9
29241,1
29241,5
29242,4
29242,9
29242,1
29242,5
29243,4
29243,9
29243,1
29243,5
29244,4
29244,9
29244,1
29244,5
29245,4
29245,9
29245,1
29245,5
29246,4
29246,9
29246,1
29246,5
29247,4
29247,9
29247,1
29247,5
29248,4
29248,9
29248,1
29248,5
29249,29
29249,1
29249,5
29250,29
29250,5
29251,29
29251,5
29252,3
29252,1
29252,5
29253,3
29253,9
29253,5
29253,13
29254,3
29254,5
29255,3
29255,161
29256,2
29256,1
29257,3
29258,1
29258,5
29259,3
29259,1
29259,5
29260,1
29260,4
29260,74
29260,75
29260,17
29261,11
29261,3
29261,5
29262,4
29262,11
29262,1
29263,9
29263,5
29264,3
29264,5
29265,11
29265,3
29265,5
29266,11
29266,3
29267,317
29267,2
29267,5
29267,4
29268,317
29268,2
29268,5
29268,4
29269,317
29269,2
29269,5
29269,4
29270,29
29270,5
29271,29
29271,5
29272,4
29272,5
29273,1
29273,5
29274,3
29274,5
29275,3
29275,5
29276,3
29276,5
29277,9
29277,1
29277,83
29277,5
29277,13
29277,17
29278,11
29278,3
29278,5
29279,3
29279,5
29280,3
29280,5
29281,166
29281,19
29282,166
29282,19
29283,3
29284,3
29285,1
29285,5
29285,13
29286,4
29286,11
29286,1
29287,29
29287,9
29287,1
29288,29
29288,9
29288,1
29289,9
29289,83
29289,3
29289,111
29289,13
29289,6
29290,9
29290,5
29290,13
29291,9
29291,5
29291,13
29292,3
29292,5
29293,9
29293,5
29294,2
29294,3
29295,29
29295,5
29296,3
29296,5
29297,9
29297,29
29297,1
29297,56
29297,111
29297,17
29298,3
29298,5
29299,9
29299,1
29299,4
29299,56
29299,6
29300,3
29300,5
29301,3
29302,9
29302,5
29303,2
29303,1
29304,3
29304,161
29304,5
29304,83
29305,9
29306,3
29306,5
29307,3
29307,9
29307,1
29308,9
29309,2
29309,1
29310,9
29310,1
29310,5
29310,13
29311,1
29311,5
29312,3
29312,1
29313,40
29313,9
29313,29
29313,1
29313,17
29313,6
29314,3
29315,9
29315,1
29316,2
29316,1
29316,75
29316,6
29317,3
29318,9
29318,83
29318,2
29318,3
29318,17
29319,3
29320,2
29320,1
29321,2
29321,1
29322,47
29322,1
29322,3
29322,56
29322,5
29323,47
29323,1
29323,3
29323,56
29323,5
29324,3
29324,1
29324,5
29325,29
29325,9
29325,1
29326,29
29326,1
29326,5
29327,47
29327,1
29327,3
29327,56
29327,5
29328,47
29328,1
29328,3
29328,56
29328,5
29329,47
29329,1
29329,3
29329,56
29329,5
29330,47
29330,1
29330,3
29330,56
29330,5
29331,3
29331,9
29331,5
29332,47
29332,1
29332,3
29332,56
29332,5
29333,47
29333,1
29333,3
29333,56
29333,5
29334,47
29334,1
29334,3
29334,56
29334,5
29335,47
29335,1
29335,3
29335,56
29335,5
29336,47
29336,1
29336,3
29336,56
29336,5
29337,9
29337,1
29337,5
29338,3
29338,1
29338,5
29339,2
29339,1
29340,1
29340,5
29341,3
29342,3
29342,1
29342,5
29343,4
29343,9
29343,1
29343,5
29344,2
29344,3
29345,3
29345,11
29345,1
29345,5
29346,2
29346,3
29347,2
29347,3
29348,2
29348,3
29348,9
29349,11
29349,3
29349,5
29350,11
29350,3
29350,5
29351,3
29351,11
29351,1
29351,5
29352,3
29352,5
29353,47
29353,1
29353,3
29353,56
29353,5
29354,3
29354,11
29354,1
29354,5
29355,2
29355,3
29355,9
29356,11
29356,3
29356,5
29357,2
29357,3
29358,2
29358,3
29358,9
29359,2
29359,3
29360,11
29360,3
29360,5
29361,3
29361,11
29361,1
29361,5
29362,11
29362,3
29362,5
29363,11
29363,3
29363,5
29364,3
29364,11
29364,1
29364,5
29365,3
29365,11
29365,1
29365,5
29366,2
29366,3
29366,9
29367,11
29367,3
29367,5
29368,2
29368,3
29369,2
29369,3
29370,3
29370,11
29370,1
29370,5
29371,11
29371,3
29371,5
29372,2
29372,3
29373,3
29373,5
29374,2
29374,1
29375,2
29375,3
29376,11
29376,3
29376,5
29377,3
29377,11
29377,1
29377,5
29378,11
29378,3
29378,5
29379,2
29379,3
29380,11
29380,3
29380,5
29381,3
29381,11
29381,1
29381,5
29382,29
29382,5
29383,3
29383,11
29383,1
29383,5
29384,11
29384,3
29384,5
29385,2
29385,3
29386,3
29386,11
29386,1
29386,5
29387,11
29387,3
29387,5
29388,11
29388,3
29388,5
29389,2
29389,3
29390,11
29390,3
29390,5
29391,2
29391,3
29391,9
29392,3
29392,11
29392,1
29392,5
29393,2
29393,3
29394,3
29394,11
29394,1
29394,5
29395,11
29395,3
29395,5
29396,2
29396,3
29397,3
29397,11
29397,1
29397,5
29398,2
29398,3
29398,9
29399,11
29399,3
29399,5
29400,11
29400,3
29400,5
29401,2
29401,3
29402,11
29402,3
29402,5
29403,3
29403,11
29403,1
29403,5
29404,11
29404,3
29404,5
29405,3
29405,11
29405,1
29405,5
29406,11
29406,3
29406,5
29407,2
29407,3
29408,3
29408,11
29408,1
29408,5
29409,29
29409,5
29410,29
29410,5
29411,11
29411,3
29411,5
29412,2
29412,3
29413,3
29413,11
29413,1
29413,5
29414,2
29414,3
29415,2
29415,3
29415,9
29416,2
29416,3
29417,11
29417,3
29417,5
29418,3
29418,11
29418,1
29418,5
29419,3
29419,5
29420,11
29420,3
29420,5
29421,2
29421,3
29422,2
29422,3
29422,9
29423,3
29423,11
29423,1
29423,5
29424,2
29424,3
29425,11
29425,3
29425,5
29426,3
29426,11
29426,1
29426,5
29427,3
29427,5
29428,11
29428,3
29428,5
29429,2
29429,3
29430,3
29430,11
29430,1
29430,5
29431,2
29431,3
29431,9
29432,11
29432,3
29432,5
29433,2
29433,3
29434,11
29434,3
29434,5
29435,11
29435,3
29435,5
29436,2
29436,3
29437,3
29437,11
29437,1
29437,5
29438,3
29438,11
29438,1
29438,5
29439,11
29439,3
29439,5
29440,11
29440,3
29440,5
29441,2
29441,3
29442,3
29442,11
29442,1
29442,5
29443,11
29443,3
29443,5
29444,2
29444,3
29445,9
29446,3
29446,11
29446,1
29446,5
29447,11
29447,3
29447,5
29448,2
29448,3
29449,11
29449,3
29449,5
29450,3
29450,11
29450,1
29450,5
29451,29
29451,4
29452,2
29452,3
29453,3
29453,11
29453,1
29453,5
29454,2
29454,3
29454,9
29455,11
29455,3
29455,5
29456,2
29456,3
29457,11
29457,3
29457,5
29458,3
29458,11
29458,1
29458,5
29459,2
29459,3
29459,9
29460,11
29460,3
29460,5
29461,2
29461,3
29462,3
29462,11
29462,1
29462,5
29463,11
29463,3
29463,5
29464,3
29464,5
29465,2
29465,3
29466,3
29466,11
29466,1
29466,5
29467,11
29467,3
29467,5
29468,2
29468,3
29469,3
29469,11
29469,1
29469,5
29470,2
29470,3
29471,3
29472,3
29472,11
29472,1
29472,5
29473,9
29473,13
29474,2
29474,3
29475,3
29475,11
29475,1
29475,5
29476,2
29476,3
29476,9
29477,11
29477,3
29477,5
29478,2
29478,3
29479,3
29479,11
29479,1
29479,5
29480,2
29480,3
29480,9
29481,11
29481,3
29481,5
29482,2
29482,3
29483,3
29483,11
29483,1
29483,5
29484,11
29484,3
29484,5
29485,3
29485,5
29486,4
29486,9
29486,1
29486,5
29487,2
29487,3
29488,3
29488,11
29488,1
29488,5
29489,2
29489,1
29490,11
29490,3
29490,5
29491,3
29491,161
29492,29
29492,5
29493,3
29494,3
29495,1
29495,5
29496,1
29496,5
29497,2
29497,1
29498,29
29498,1
29498,5
29499,3
29499,1
29499,5
29500,11
29500,3
29500,5
29501,3
29501,1
29502,29
29502,9
29503,3
29504,3
29504,5
29505,9
29505,1
29505,5
29506,2
29506,1
29507,9
29507,1
29507,5
29508,3
29508,161
29509,3
29510,317
29510,2
29510,5
29510,4
29511,9
29511,1
29511,4
29511,56
29511,6
29512,9
29513,11
29513,3
29514,4
29514,40
29514,1
29514,75
29515,4
29515,40
29515,1
29515,75
29516,2
29516,11
29516,5
29516,13
29517,4
29517,40
29517,1
29517,75
29518,4
29518,40
29518,1
29518,75
29519,4
29519,40
29519,1
29519,75
29520,4
29520,40
29520,1
29520,75
29521,4
29521,40
29521,1
29521,75
29522,4
29522,40
29522,1
29522,75
29523,4
29523,40
29523,1
29523,75
29524,29
29524,9
29524,1
29525,4
29525,9
29525,1
29525,5
29526,9
29526,1
29527,9
29527,5
29528,3
29528,5
29529,9
29530,9
29531,1
29531,5
29532,3
29533,2
29533,1
29534,9
29534,83
29534,3
29534,111
29534,13
29534,6
29535,9
29535,83
29535,3
29535,111
29535,13
29535,6
29536,4
29536,1
29537,9
29537,1
29538,29
29538,5
29539,3
29539,5
29540,9
29541,9
29542,11
29542,5
29543,4
29543,1
29543,6
29544,9
29545,3
29546,3
29546,161
29547,4
29547,1
29548,1
29548,5
29549,9
29549,1
29549,5
29550,9
29550,1
29550,5
29551,3
29551,161
29552,3
29552,1
29552,5
29553,3
29553,161
29554,2
29554,1
29555,9
29555,1
29555,5
29556,9
29556,1
29556,5
29557,9
29557,1
29557,5
29558,9
29558,1
29558,5
29559,47
29559,1
29559,3
29559,56
29559,5
29560,9
29560,1
29560,5
29561,9
29561,1
29561,5
29562,3
29562,1
29562,5
29563,3
29563,1
29563,5
29564,9
29564,1
29564,5
29565,3
29565,5
29566,3
29567,9
29567,5
29567,13
29568,2
29568,3
29568,9
29568,5
29569,9
29570,3
29570,1
29570,5
29571,11
29571,3
29571,5
29572,2
29572,3
29572,9
29572,5
29573,2
29573,29
29574,4
29574,1
29574,6
29575,9
29576,4
29576,1
29576,6
29577,4
29577,1
29577,6
29578,9
29579,3
29579,1
29579,5
29580,2
29581,1
29581,5
29582,3
29582,1
29582,5
29583,1
29583,2
29583,3
29583,4
29583,5
29583,6
29584,29
29584,1
29584,5
29585,4
29585,1
29585,6
29586,3
29586,5
29587,3
29587,1
29587,5
29588,3
29588,9
29588,5
29589,4
29589,1
29589,6
29590,166
29590,19
29591,3
29592,3
29592,9
29592,5
29593,19
29594,3
29594,161
29595,9
29596,3
29597,11
29597,3
29597,5
29598,1
29598,5
29599,9
29599,5
29599,13
29600,3
29600,161
29601,3
29602,3
29602,1
29602,5
29603,3
29603,5
29604,9
29604,1
29605,1
29605,5
29606,2
29606,1
29607,40
29607,9
29607,29
29607,1
29607,2
29607,4
29607,56
29607,13
29607,6
29608,13
29608,6
29609,3
29610,13
29610,6
29611,3
29612,2
29612,1
29613,4
29613,1
29614,29
29614,9
29614,1
29615,9
29615,1
29615,5
29616,3
29616,5
29617,3
29617,5
29618,29
29618,1
29618,5
29619,9
29619,1
29619,5
29620,9
29621,13
29622,9
29622,1
29622,83
29622,5
29622,13
29622,17
29623,3
29623,13
29623,6
29624,29
29624,6
29624,17
29624,83
29625,3
29625,5
29626,9
29627,3
29627,5
29628,9
29629,3
29629,13
29629,6
29630,3
29630,13
29630,6
29631,2
29631,29
29632,40
29632,1
29632,5
29633,29
29633,9
29634,3
29635,1
29635,2
29635,3
29635,4
29635,5
29635,6
29636,2
29636,1
29637,1
29637,5
29638,9
29638,5
29639,2
29639,1
29640,3
29640,5
29641,2
29641,29
29642,1
29642,3
29642,5
29642,13
29642,17
29643,9
29643,29
29643,1
29643,56
29643,111
29643,17
29644,29
29644,1
29645,29
29645,1
29646,3
29646,5
29647,29
29647,6
29647,17
29647,83
29648,4
29648,11
29648,1
29649,3
29650,29
29650,6
29650,17
29650,83
29651,5
29651,17
29651,13
29652,29
29652,6
29652,17
29652,83
29653,3
29653,5
29654,4
29654,11
29654,1
29655,3
29656,9
29656,83
29656,3
29656,111
29656,13
29656,6
29657,9
29657,5
29658,29
29658,9
29658,1
29659,3
29659,5
29660,2
29660,29
29661,29
29661,1
29661,5
29662,3
29662,5
29663,3
29663,1
29664,12
29664,3
29664,56
29664,5
29664,74
29664,17
29665,3
29665,161
29666,3
29666,5
29667,3
29667,11
29668,9
29669,1
29669,4
29669,2
29669,56
29669,5
29669,17
29669,6
29670,3
29670,5
29671,1
29671,5
29672,2
29672,1
29673,9
29673,1
29673,4
29673,56
29673,6
29674,3
29675,4
29675,1
29675,6
29676,3
29676,1
29676,5
29677,1
29677,5
29678,1
29678,5
29679,3
29679,5
29680,2
29680,3
29680,9
29680,5
29681,3
29682,40
29682,9
29682,29
29682,1
29682,17
29682,6
29683,3
29683,5
29684,1
29684,5
29685,2
29685,1
29686,3
29686,9
29686,5
29687,1
29687,5
29688,3
29688,5
29689,3
29690,9
29690,1
29690,4
29690,56
29690,6
29691,4
29691,9
29691,1
29691,5
29692,3
29692,5
29693,9
29694,9
29694,1
29695,3
29695,13
29696,9
29696,1
29697,3
29697,5
29698,2
29698,1
29699,2
29699,1
29700,2
29700,1
29701,1
29701,5
29702,3
29702,5
29703,3
29703,1
29703,5
29704,9
29704,83
29704,3
29704,111
29704,13
29704,6
29705,9
29705,83
29705,3
29705,111
29705,13
29705,6
29706,1
29706,5
29707,47
29707,1
29707,3
29707,56
29707,5
29708,2
29708,3
29709,11
29709,3
29709,5
29710,3
29711,40
29711,9
29711,29
29711,1
29711,5
29711,13
29712,1
29712,5
29713,29
29713,9
29714,29
29714,6
29714,17
29714,83
29715,9
29715,5
29716,3
29717,40
29717,1
29717,5
29718,3
29718,5
29719,3
29719,5
29720,3
29720,5
29721,4
29721,9
29721,1
29721,5
29722,9
29723,9
29723,5
29724,29
29724,9
29725,9
29726,4
29726,11
29726,1
29727,9
29727,5
29728,9
29728,5
29729,3
29729,1
29729,5
29730,9
29730,5
29731,9
29731,5
29732,5
29732,3
29732,9
29732,1
29733,1
29733,5
29734,29
29734,9
29735,4
29735,1
29735,6
29736,4
29736,1
29736,6
29737,4
29737,1
29737,6
29738,4
29738,1
29738,6
29739,4
29739,1
29739,6
29740,3
29740,5
29741,3
29742,4
29742,1
29742,6
29743,9
29743,1
29744,9
29745,3
29746,29
29746,1
29746,5
29747,40
29747,9
29747,29
29747,1
29747,17
29747,6
29748,2
29748,1
29749,9
29750,3
29751,9
29751,5
29752,3
29752,13
29753,2
29753,1
29754,1
29754,5
29755,3
29755,5
29756,3
29756,5
29757,3
29758,1
29759,47
29759,29
29759,4
29759,3
29759,6
29760,4
29760,1
29760,6
29761,3
29761,5
29762,3
29762,13
29763,3
29763,161
29764,3
29764,1
29764,5
29765,3
29765,9
29765,5
29766,3
29766,5
29767,29
29767,1
29767,5
29768,2
29768,9
29768,1
29768,5
29769,9
29769,1
29770,2
29770,9
29770,1
29770,5
29771,3
29771,5
29772,3
29773,2
29773,9
29773,1
29773,5
29774,3
29774,161
29775,2
29775,1
29776,4
29776,1
29776,6
29777,1
29777,5
29778,3
29778,5
29779,47
29779,29
29779,4
29779,3
29779,6
29780,3
29780,5
29781,3
29782,3
29782,13
29783,9
29783,5
29784,3
29784,13
29785,3
29785,161
29786,3
29786,1
29786,5
29787,3
29787,5
29788,29
29788,9
29788,1
29789,29
29789,1
29789,5
29790,3
29790,5
29791,3
29791,5
29792,9
29792,1
29792,5
29793,9
29794,9
29794,1
29794,83
29794,5
29794,13
29794,17
29795,29
29795,6
29795,17
29795,83
29796,13
29797,29
29797,9
29798,11
29798,3
29799,9
29799,1
29800,9
29800,1
29801,9
29802,3
29802,5
29803,3
29803,5
29804,4
29804,1
29804,6
29805,3
29805,5
29806,4
29806,1
29806,6
29807,9
29807,83
29807,3
29807,111
29807,13
29807,6
29808,9
29808,83
29808,3
29808,111
29808,13
29808,6
29809,3
29809,5
29810,9
29810,1
29810,3
29810,5
29810,13
29810,17
29811,29
29811,1
29812,4
29812,9
29812,1
29812,5
29813,3
29813,13
29814,9
29814,1
29814,5
29815,9
29816,1
29816,5
29817,3
29817,5
29818,40
29818,9
29818,29
29818,1
29818,2
29818,4
29818,56
29818,13
29818,6
29819,5
29820,4
29820,1
29820,6
29821,5
29821,9
29821,1
29822,3
29822,5
29823,3
29823,9
29823,5
29824,3
29824,1
29824,5
29825,3
29826,3
29826,13
29827,5
29827,3
29827,9
29827,1
29828,11
29828,5
29829,40
29829,9
29829,29
29829,1
29829,2
29829,4
29829,56
29829,13
29829,6
29830,3
29830,13
29831,9
29831,5
29832,3
29833,3
29834,3
29834,5
29835,9
29836,9
29836,5
29837,166
29837,19
29838,1
29838,4
29838,2
29838,56
29838,5
29838,17
29838,6
29839,1
29839,4
29839,2
29839,56
29839,5
29839,17
29839,6
29840,9
29840,5
29841,3
29842,3
29842,1
29842,5
29843,3
29843,161
29844,9
29844,5
29844,13
29845,9
29845,1
29846,9
29846,1
29847,47
29847,1
29847,3
29847,56
29847,5
29848,2
29848,3
29848,9
29848,5
29849,3
29850,9
29850,83
29850,3
29850,111
29850,13
29850,6
29851,9
29851,1
29851,5
29852,1
29852,5
29853,1
29853,5
29854,2
29854,3
29854,9
29854,5
29855,4
29855,9
29855,1
29855,5
29856,1
29856,5
29857,3
29858,11
29858,5
29859,5
29859,9
29859,1
29860,3
29860,161
29861,9
29862,3
29863,2
29863,1
29864,1
29864,5
29865,3
29865,1
29865,5
29866,9
29867,1
29867,5
29868,1
29868,5
29869,3
29869,5
29870,1
29870,5
29871,3
29871,9
29871,5
29871,13
29872,1
29872,5
29873,2
29873,1
29874,3
29874,9
29874,5
29874,13
29875,1
29875,5
29876,1
29876,5
29877,3
29877,5
29878,3
29878,9
29878,5
29878,13
29879,3
29879,9
29879,5
29879,13
29880,1
29880,5
29881,2
29881,1
29882,1
29882,5
29883,3
29883,5
29884,1
29884,5
29885,5
29885,17
29885,13
29886,3
29886,9
29886,5
29886,13
29887,3
29887,9
29887,5
29887,13
29888,1
29888,5
29889,5
29889,17
29889,13
29890,2
29890,1
29891,1
29891,5
29892,1
29892,5
29893,3
29893,5
29894,3
29894,9
29894,5
29894,13
29895,1
29895,5
29896,2
29896,1
29897,3
29897,9
29897,5
29897,13
29898,1
29898,5
29899,3
29899,5
29900,1
29900,5
29901,3
29901,5
29902,5
29902,17
29902,13
29903,3
29903,9
29903,5
29903,13
29904,1
29904,5
29905,5
29905,17
29905,13
29906,3
29906,9
29906,5
29906,13
29907,3
29908,3
29908,9
29908,5
29908,13
29909,3
29909,9
29909,5
29909,13
29910,3
29910,161
29911,3
29911,161
29912,3
29912,9
29912,5
29912,13
29913,2
29913,1
29914,1
29914,5
29915,3
29915,5
29916,1
29916,5
29917,3
29917,9
29917,5
29917,13
29918,1
29918,5
29919,5
29919,17
29919,13
29920,3
29920,9
29920,5
29920,13
29921,5
29921,17
29921,13
29922,3
29922,161
29923,3
29923,9
29923,5
29923,13
29924,3
29925,3
29925,161
29926,3
29926,9
29926,5
29926,13
29927,3
29927,9
29927,5
29927,13
29928,2
29928,1
29929,3
29929,9
29929,5
29929,13
29930,1
29930,5
29931,1
29931,5
29932,3
29932,5
29933,3
29933,9
29933,5
29933,13
29934,3
29934,9
29934,5
29934,13
29935,3
29935,161
29936,3
29936,9
29936,5
29936,13
29937,2
29937,1
29938,1
29938,5
29939,1
29939,5
29940,1
29940,5
29941,3
29941,5
29942,3
29942,9
29942,5
29942,13
29943,3
29943,9
29943,5
29943,13
29944,1
29944,5
29945,3
29945,9
29945,5
29945,13
29946,2
29946,1
29947,1
29947,5
29948,1
29948,5
29949,3
29949,5
29950,3
29950,9
29950,5
29950,13
29951,1
29951,5
29952,5
29952,17
29952,13
29953,3
29953,9
29953,5
29953,13
29954,5
29954,17
29954,13
29955,2
29955,1
29956,9
29956,1
29956,5
29957,9
29957,1
29957,5
29958,9
29958,1
29958,5
29959,1
29959,5
29960,1
29960,5
29961,5
29961,1
29961,17
29961,13
29962,3
29962,5
29963,3
29963,9
29963,5
29963,13
29964,1
29964,5
29965,3
29965,9
29965,5
29965,13
29966,2
29966,1
29967,1
29967,5
29968,9
29968,1
29968,13
29968,83
29969,3
29969,161
29970,3
29970,9
29970,5
29970,13
29971,2
29971,29
29972,3
29972,9
29972,5
29972,13
29973,5
29973,17
29973,13
29974,3
29974,9
29974,5
29974,13
29975,5
29975,17
29975,13
29976,2
29976,1
29977,9
29978,9
29979,9
29980,2
29980,29
29981,4
29981,1
29981,6
29982,3
29982,9
29982,5
29982,13
29983,4
29983,1
29983,6
29984,5
29984,1
29984,17
29984,13
29985,9
29985,1
29985,13
29985,83
29986,1
29986,5
29987,5
29987,1
29987,17
29987,13
29988,3
29988,9
29988,5
29988,13
29989,3
29989,9
29989,5
29989,13
29990,2
29990,1
29991,2
29991,29
29992,9
29992,1
29992,13
29992,83
29993,1
29993,5
29994,3
29994,9
29994,5
29994,13
29995,2
29995,29
29996,3
29996,9
29996,5
29996,13
29997,3
29997,9
29997,5
29997,13
29998,2
29998,1
29999,3
29999,9
29999,5
29999,13
30000,9
30000,1
30000,13
30000,83
30001,1
30001,5
30002,3
30002,9
30002,5
30002,13
30003,2
30003,29
30004,3
30004,9
30004,5
30004,13
30005,4
30005,1
30005,6
30006,4
30006,1
30006,6
30007,4
30007,1
30007,6
30008,2
30008,1
30009,4
30009,1
30009,6
30010,9
30010,1
30010,83
30010,5
30010,13
30010,17
30011,1
30011,5
30012,3
30012,5
30013,2
30013,1
30014,1
30014,5
30015,1
30015,5
30016,3
30016,5
30017,1
30017,5
30018,1
30018,5
30019,2
30019,1
30020,1
30020,5
30021,1
30021,5
30022,3
30022,5
30023,3
30023,9
30023,5
30023,13
30024,1
30024,5
30025,2
30025,1
30026,3
30026,9
30026,5
30026,13
30027,9
30027,1
30027,5
30028,9
30028,1
30028,5
30029,9
30029,1
30029,5
30030,9
30030,1
30030,5
30031,1
30031,5
30032,5
30032,1
30032,17
30032,13
30033,9
30033,1
30033,5
30034,1
30034,5
30035,5
30035,1
30035,17
30035,13
30036,3
30036,5
30037,4
30037,40
30037,1
30037,75
30038,4
30038,40
30038,1
30038,75
30039,3
30040,3
30041,2
30041,1
30042,29
30042,4
30043,3
30043,5
30044,9
30044,1
30044,5
30045,3
30046,3
30047,3
30047,1
30047,5
30048,1
30048,5
30049,2
30049,1
30050,3
30050,5
30051,40
30051,5
30052,3
30052,1
30052,5
30053,4
30053,40
30053,1
30053,75
30054,3
30055,2
30055,1
30056,2
30056,1
30057,3
30058,1
30058,5
30059,11
30059,3
30059,5
30060,9
30060,316
30060,1
30060,4
30060,3
30060,5
30060,17
30060,6
30061,3
30061,5
30062,40
30062,5
30063,29
30063,9
30063,1
30064,2
30064,3
30064,9
30064,5
30065,2
30065,1
30066,1
30066,5
30067,3
30067,5
30068,3
30068,5
30069,1
30069,5
30070,3
30070,1
30070,5
30071,9
30071,5
30072,9
30072,5
30072,13
30073,9
30073,5
30073,13
30074,9
30074,83
30074,2
30074,3
30074,17
30075,3
30075,5
30076,3
30076,9
30076,5
30077,3
30078,13
30079,29
30079,9
30079,1
30080,9
30080,1
30080,5
30081,9
30081,1
30081,83
30081,5
30081,13
30081,17
30082,29
30082,5
30083,3
30083,5
30084,9
30085,3
30086,1
30086,5
30087,1
30087,5
30088,3
30088,5
30089,2
30089,1
30090,1
30090,5
30091,1
30091,5
30092,3
30093,3
30093,1
30093,5
30094,29
30094,1
30095,1
30095,5
30096,4
30096,1
30096,6
30097,9
30098,3
30098,9
30098,1
30099,3
30099,5
30100,9
30100,1
30100,4
30100,56
30100,6
30101,3
30101,9
30101,1
30102,3
30102,5
30103,1
30103,2
30103,3
30103,4
30103,5
30103,6
30104,9
30104,1
30105,3
30106,40
30106,9
30106,29
30106,1
30106,17
30106,6
30107,3
30107,161
30108,4
30108,1
30108,5
30109,9
30109,5
30110,3
30110,9
30110,5
30110,13
30111,40
30111,9
30111,29
30111,1
30111,17
30111,6
30112,29
30112,9
30112,1
30113,9
30114,3
30115,3
30116,29
30116,9
30116,1
30117,9
30118,29
30118,1
30118,5
30119,3
30119,5
30120,9
30121,1
30121,5
30122,1
30122,4
30122,2
30122,56
30122,5
30122,17
30122,6
30123,166
30123,19
30124,3
30125,1
30125,4
30125,2
30125,56
30125,5
30125,17
30125,6
30126,3
30126,161
30127,9
30128,9
30129,9
30130,1
30130,5
30131,5
30131,1
30131,17
30131,13
30132,5
30132,1
30132,17
30132,13
30133,5
30133,1
30133,17
30133,13
30134,5
30134,1
30134,17
30134,13
30135,3
30135,5
30136,5
30136,1
30136,17
30136,13
30137,5
30137,1
30137,17
30137,13
30138,9
30139,9
30140,1
30140,5
30141,5
30141,1
30141,17
30141,13
30142,5
30142,1
30142,17
30142,13
30143,5
30143,1
30143,17
30143,13
30144,5
30144,1
30144,17
30144,13
30145,5
30145,1
30145,17
30145,13
30146,5
30146,1
30146,17
30146,13
30147,1
30147,5
30148,3
30148,5
30149,1
30149,5
30150,29
30150,9
30150,1
30151,5
30151,17
30151,13
30152,2
30152,1
30153,1
30153,5
30154,3
30154,9
30154,5
30154,13
30155,3
30155,5
30156,1
30156,5
30157,1
30157,5
30158,3
30158,9
30158,5
30158,13
30159,5
30159,17
30159,13
30160,1
30160,5
30161,3
30161,9
30161,5
30161,13
30162,5
30162,17
30162,13
30163,2
30163,1
30164,1
30164,5
30165,1
30165,5
30166,3
30166,5
30167,1
30167,5
30168,3
30169,2
30169,1
30170,3
30171,1
30171,5
30172,1
30172,5
30173,3
30173,5
30174,2
30174,1
30175,1
30175,5
30176,1
30176,5
30177,3
30177,5
30178,1
30178,5
30179,1
30179,5
30180,3
30180,9
30180,5
30180,13
30181,5
30181,17
30181,13
30182,3
30182,9
30182,5
30182,13
30183,5
30183,17
30183,13
30184,3
30184,9
30184,5
30184,13
30185,5
30185,17
30185,13
30186,5
30186,17
30186,13
30187,3
30187,9
30187,5
30187,13
30188,2
30188,1
30189,1
30189,5
30190,1
30190,5
30191,3
30191,5
30192,3
30193,1
30193,5
30194,2
30194,1
30195,1
30195,5
30196,1
30196,5
30197,3
30197,5
30198,1
30198,5
30199,5
30199,17
30199,13
30200,3
30200,9
30200,5
30200,13
30201,3
30201,9
30201,5
30201,13
30202,5
30202,17
30202,13
30203,3
30203,9
30203,5
30203,13
30204,5
30204,17
30204,13
30205,2
30205,1
30206,3
30207,9
30207,1
30207,5
30208,9
30208,1
30208,5
30209,9
30209,1
30209,5
30210,1
30210,5
30211,3
30211,9
30211,5
30211,13
30212,5
30212,17
30212,13
30213,9
30213,1
30213,5
30214,5
30214,1
30214,17
30214,13
30215,9
30215,1
30215,5
30216,1
30216,5
30217,5
30217,17
30217,13
30218,3
30218,9
30218,5
30218,13
30219,3
30219,9
30219,5
30219,13
30220,3
30220,161
30221,5
30221,17
30221,13
30222,3
30222,9
30222,5
30222,13
30223,3
30223,9
30223,5
30223,13
30224,5
30224,17
30224,13
30225,1
30225,5
30226,5
30226,1
30226,17
30226,13
30227,3
30227,5
30228,1
30228,5
30229,1
30229,5
30230,3
30230,9
30230,5
30230,13
30231,5
30231,17
30231,13
30232,3
30232,9
30232,5
30232,13
30233,5
30233,17
30233,13
30234,3
30234,9
30234,5
30234,13
30235,5
30235,17
30235,13
30236,5
30236,17
30236,13
30237,3
30237,9
30237,5
30237,13
30238,5
30238,17
30238,13
30239,3
30239,9
30239,5
30239,13
30240,3
30241,3
30241,9
30241,5
30241,13
30242,3
30242,9
30242,5
30242,13
30243,3
30244,1
30244,5
30245,3
30245,5
30246,1
30246,5
30247,2
30247,1
30248,1
30248,5
30249,5
30249,17
30249,13
30250,3
30250,9
30250,5
30250,13
30251,3
30251,161
30252,3
30252,9
30252,5
30252,13
30253,5
30253,17
30253,13
30254,2
30254,1
30255,1
30255,5
30256,1
30256,5
30257,3
30257,5
30258,1
30258,5
30259,1
30259,5
30260,1
30260,5
30261,2
30261,1
30262,3
30262,5
30263,3
30263,9
30263,5
30263,13
30264,1
30264,5
30265,5
30265,17
30265,13
30266,2
30266,1
30267,1
30267,5
30268,1
30268,5
30269,3
30269,5
30270,5
30270,17
30270,13
30271,2
30271,1
30272,1
30272,5
30273,1
30273,5
30274,3
30274,5
30275,2
30275,1
30276,1
30276,5
30277,9
30277,1
30277,5
30278,9
30278,1
30278,5
30279,9
30279,1
30279,5
30280,3
30280,9
30280,5
30280,13
30281,1
30281,5
30282,5
30282,17
30282,13
30283,9
30283,1
30283,5
30284,9
30284,1
30284,5
30285,1
30285,5
30286,5
30286,17
30286,13
30287,3
30287,9
30287,5
30287,13
30288,3
30288,9
30288,5
30288,13
30289,5
30289,17
30289,13
30290,3
30290,9
30290,5
30290,13
30291,5
30291,17
30291,13
30292,3
30292,9
30292,5
30292,13
30293,5
30293,17
30293,13
30294,9
30294,1
30294,5
30295,5
30295,1
30295,17
30295,13
30296,9
30296,1
30296,5
30297,3
30297,9
30297,5
30297,13
30298,1
30298,5
30299,5
30299,17
30299,13
30300,9
30300,1
30300,5
30301,5
30301,1
30301,17
30301,13
30302,9
30302,1
30302,5
30303,1
30303,5
30304,3
30304,9
30304,5
30304,13
30305,5
30305,17
30305,13
30306,5
30306,17
30306,13
30307,3
30307,9
30307,5
30307,13
30308,3
30308,9
30308,5
30308,13
30309,5
30309,17
30309,13
30310,3
30310,9
30310,5
30310,13
30311,5
30311,17
30311,13
30312,1
30312,5
30313,5
30313,1
30313,17
30313,13
30314,9
30314,1
30314,13
30314,83
30315,2
30315,29
30316,4
30316,1
30316,6
30317,3
30318,3
30318,9
30318,5
30318,13
30319,4
30319,1
30319,6
30320,2
30320,1
30321,2
30321,3
30321,9
30321,5
30322,2
30322,3
30322,9
30322,5
30323,9
30323,1
30323,5
30324,1
30324,5
30325,5
30325,17
30325,13
30326,5
30326,17
30326,13
30327,5
30327,17
30327,13
30328,5
30328,17
30328,13
30329,5
30329,17
30329,13
30330,5
30330,17
30330,13
30331,5
30331,17
30331,13
30332,3
30332,161
30333,5
30333,1
30333,17
30333,13
30334,5
30334,1
30334,17
30334,13
30335,3
30335,5
30336,9
30336,1
30337,19
30338,9
30338,1
30339,2
30339,1
30340,9
30340,5
30340,13
30341,3
30342,2
30342,1
30343,2
30343,29
30344,9
30344,5
30345,3
30345,5
30346,3
30346,5
30347,3
30347,5
30348,3
30348,5
30349,2
30349,1
30350,3
30350,9
30350,5
30350,13
30351,3
30351,161
30351,5
30351,83
30352,9
30352,1
30352,5
30353,9
30353,1
30354,9
30354,1
30354,5
30355,166
30355,19
30356,166
30356,19
30357,3
30357,5
30358,17
30358,12
30358,9
30358,5
30359,17
30359,12
30359,9
30359,5
30360,2
30360,3
30361,3
30361,5
30362,11
30362,3
30362,5
30363,2
30363,1
30364,1
30364,5
30365,1
30365,5
30366,9
30366,1
30366,4
30366,56
30366,6
30367,3
30368,3
30369,9
30369,1
30369,5
30370,17
30370,12
30370,9
30370,5
30371,29
30371,5
30372,3
30373,3
30374,166
30374,19
30375,3
30376,3
30376,5
30377,166
30377,19
30378,166
30378,19
30379,3
30379,5
30380,2
30380,3
30381,5
30381,1
30381,17
30381,13
30382,17
30382,12
30382,9
30382,5
30383,2
30383,1
30384,11
30384,3
30384,5
30385,1
30385,5
30386,1
30386,5
30387,4
30387,1
30388,9
30388,1
30388,4
30388,56
30388,6
30389,3
30390,17
30390,12
30390,9
30390,5
30391,3
30392,3
30393,3
30394,166
30394,19
30395,3
30396,3
30397,29
30397,5
30398,1
30398,5
30399,3
30399,5
30400,4
30400,40
30400,1
30400,75
30401,2
30401,1
30402,9
30402,1
30402,5
30403,2
30403,3
30403,9
30403,5
30404,3
30404,1
30404,5
30405,9
30405,5
30406,1
30406,5
30407,2
30407,1
30408,40
30408,9
30408,29
30408,1
30408,2
30408,4
30408,56
30408,13
30408,6
30409,5
30409,17
30409,13
30410,1
30410,5
30411,3
30412,1
30412,4
30412,74
30412,75
30412,17
30413,3
30413,1
30413,5
30414,4
30414,9
30414,1
30414,5
30415,3
30415,1
30415,5
30416,3
30416,9
30416,5
30417,4
30417,9
30417,1
30417,5
30418,9
30418,5
30419,3
30419,1
30419,5
30420,2
30420,1
30421,1
30421,5
30422,29
30422,1
30422,5
30423,9
30423,5
30423,13
30424,9
30425,9
30426,3
30426,5
30427,317
30427,2
30427,5
30427,4
30428,1
30428,5
30429,1
30429,5
30430,1
30430,5
30431,9
30431,1
30431,83
30431,5
30431,13
30431,17
30432,9
30432,1
30432,83
30432,5
30432,13
30432,17
30433,3
30433,5
30434,1
30434,5
30435,3
30436,1
30436,5
30437,2
30437,1
30438,29
30438,1
30438,5
30439,1
30439,5
30440,3
30440,5
30441,2
30441,3
30442,2
30442,29
30443,9
30443,5
30444,3
30445,1
30445,5
30446,40
30446,9
30446,29
30446,1
30446,17
30446,6
30447,29
30447,5
30448,2
30448,1
30449,9
30450,9
30450,5
30450,13
30451,2
30451,3
30452,3
30452,5
30453,3
30453,11
30453,1
30453,5
30454,2
30454,1
30455,1
30455,5
30456,2
30456,3
30456,9
30457,11
30457,3
30457,5
30458,2
30458,3
30459,1
30459,5
30460,3
30460,11
30460,1
30460,5
30461,2
30461,3
30462,3
30462,5
30463,1
30463,5
30464,29
30464,13
30464,6
30465,3
30465,11
30465,1
30465,5
30466,13
30467,3
30467,11
30467,1
30467,5
30468,3
30468,5
30469,2
30469,1
30470,2
30470,3
30471,11
30471,3
30471,5
30472,11
30472,3
30472,5
30473,3
30473,11
30473,1
30473,5
30474,1
30474,5
30474,13
30475,2
30475,3
30476,2
30476,3
30477,2
30477,1
30478,3
30478,11
30478,1
30478,5
30479,11
30479,3
30479,5
30480,3
30481,40
30481,9
30481,29
30481,1
30481,2
30481,4
30481,56
30481,13
30481,6
30482,2
30482,1
30483,2
30483,3
30484,3
30484,1
30484,5
30485,29
30485,1
30485,5
30486,11
30486,3
30486,5
30487,2
30487,3
30488,3
30488,11
30488,1
30488,5
30489,2
30489,3
30490,2
30490,3
30491,11
30491,3
30491,5
30492,3
30492,11
30492,1
30492,5
30493,3
30493,11
30493,1
30493,5
30494,11
30494,3
30494,5
30495,3
30495,11
30495,1
30495,5
30496,11
30496,3
30496,5
30497,9
30497,1
30498,2
30498,3
30499,3
30499,11
30499,1
30499,5
30500,11
30500,3
30500,5
30501,9
30501,1
30501,5
30502,2
30502,3
30503,3
30503,11
30503,1
30503,5
30504,2
30504,3
30505,3
30505,11
30505,1
30505,5
30506,11
30506,3
30506,5
30507,2
30507,3
30508,3
30508,11
30508,1
30508,5
30509,2
30509,3
30510,11
30510,3
30510,5
30511,3
30511,11
30511,1
30511,5
30512,11
30512,3
30512,5
30513,2
30513,3
30514,11
30514,3
30514,5
30515,11
30515,3
30515,5
30516,3
30516,11
30516,1
30516,5
30517,11
30517,3
30517,5
30518,2
30518,3
30519,11
30519,3
30519,5
30520,3
30520,11
30520,1
30520,5
30521,13
30521,6
30522,3
30522,9
30522,5
30523,3
30523,9
30523,5
30524,11
30524,3
30524,5
30525,9
30525,1
30525,5
30526,2
30526,3
30527,1
30527,5
30528,3
30528,11
30528,1
30528,5
30529,11
30529,3
30529,5
30530,3
30530,161
30531,2
30531,3
30532,11
30532,3
30532,5
30533,3
30533,11
30533,1
30533,5
30534,4
30534,1
30534,6
30535,3
30536,11
30536,3
30536,5
30537,29
30537,1
30537,5
30538,9
30539,11
30539,3
30539,5
30540,11
30540,3
30540,5
30541,11
30541,3
30541,5
30542,11
30542,3
30542,5
30543,3
30544,11
30544,3
30544,5
30545,2
30545,3
30546,3
30546,11
30546,1
30546,5
30547,11
30547,3
30547,5
30548,2
30548,3
30549,11
30549,3
30549,5
30550,3
30550,13
30551,3
30551,11
30551,1
30551,5
30552,2
30552,3
30552,9
30553,11
30553,3
30553,5
30554,2
30554,3
30555,2
30555,3
30555,9
30556,3
30556,11
30556,1
30556,5
30557,11
30557,3
30557,5
30558,11
30558,3
30558,5
30559,11
30559,3
30559,5
30560,2
30560,3
30561,2
30561,3
30561,9
30562,3
30562,11
30562,1
30562,5
30563,11
30563,3
30563,5
30564,11
30564,3
30564,5
30565,1
30565,5
30565,13
30566,2
30566,3
30566,9
30567,2
30567,3
30568,2
30568,3
30568,9
30569,11
30569,3
30569,5
30570,3
30570,11
30570,1
30570,5
30571,2
30571,3
30572,3
30572,11
30572,1
30572,5
30573,2
30573,3
30573,9
30574,11
30574,3
30574,5
30575,9
30575,1
30576,9
30577,4
30577,1
30577,6
30578,4
30578,9
30578,1
30578,5
30579,29
30579,13
30579,6
30580,3
30580,5
30581,3
30581,5
30582,4
30582,1
30582,6
30583,9
30583,1
30584,9
30584,83
30584,3
30584,111
30584,13
30584,6
30585,3
30585,1
30585,5
30586,9
30586,1
30586,5
30587,9
30587,5
30588,9
30588,1
30588,5
30589,3
30589,5
30590,2
30590,1
30591,1
30591,5
30592,3
30593,3
30593,1
30593,5
30594,3
30594,5
30595,3
30595,5
30596,4
30596,3
30596,1
30596,5
30597,1
30598,3
30598,1
30598,5
30599,9
30599,5
30600,29
30600,5
30601,9
30601,5
30602,3
30603,3
30604,29
30604,6
30604,17
30604,83
30605,3
30606,29
30606,5
30607,3
30607,5
30608,3
30609,9
30609,5
30610,29
30610,9
30610,1
30611,9
30611,5
30612,9
30612,5
30613,9
30613,5
30614,9
30614,5
30615,9
30615,5
30616,9
30616,5
30617,4
30617,1
30617,6
30618,9
30618,5
30619,29
30619,9
30619,1
30620,9
30620,5
30621,9
30621,5
30622,9
30622,5
30623,9
30623,5
30624,9
30624,5
30625,9
30625,5
30626,3
30627,29
30627,6
30627,17
30627,83
30628,1
30629,1
30629,4
30629,2
30629,56
30629,5
30629,17
30629,6
30630,29
30630,9
30630,1
30631,9
30632,3
30633,3
30633,5
30634,11
30634,5
30635,9
30635,5
30636,9
30636,5
30636,13
30637,3
30638,3
30639,9
30639,5
30640,3
30640,5
30641,29
30641,5
30642,9
30642,5
30643,3
30644,9
30644,5
30644,13
30645,3
30645,13
30645,6
30646,29
30646,6
30646,17
30646,83
30647,3
30648,3
30649,3
30650,3
30651,3
30652,9
30652,5
30653,29
30653,9
30653,1
30654,3
30655,3
30656,3
30657,3
30658,29
30658,9
30658,1
30659,166
30659,19
30660,9
30660,1
30660,5
30661,3
30662,9
30662,1
30663,29
30663,9
30663,1
30664,9
30665,9
30666,2
30666,1
30667,9
30668,1
30668,5
30669,3
30669,5
30670,3
30671,2
30671,1
30672,3
30672,1
30672,5
30673,3
30673,5
30674,29
30674,13
30674,6
30675,4
30675,9
30675,1
30675,5
30676,4
30676,1
30676,6
30677,29
30677,13
30677,6
30678,4
30678,1
30678,6
30679,9
30679,1
30680,9
30680,1
30681,1
30681,5
30681,13
30682,1
30682,5
30683,3
30683,5
30684,9
30684,1
30685,9
30685,1
30685,5
30686,9
30686,1
30686,5
30687,9
30687,1
30688,3
30688,161
30689,29
30689,9
30689,1
30690,9
30690,1
30690,5
30691,13
30692,9
30692,1
30692,5
30693,3
30693,161
30694,9
30694,1
30694,5
30695,3
30695,5
30696,2
30696,3
30696,1
30696,5
30697,2
30697,1
30698,3
30699,1
30699,5
30700,40
30700,1
30700,5
30701,9
30701,1
30701,5
30702,1
30702,5
30703,3
30703,5
30704,1
30704,5
30705,3
30705,1
30705,5
30706,3
30706,5
30706,13
30707,9
30707,29
30707,1
30707,56
30707,111
30707,17
30708,9
30709,9
30710,3
30711,2
30711,29
30712,9
30712,5
30713,5
30714,29
30714,13
30714,6
30715,9
30715,5
30716,9
30716,1
30717,3
30717,1
30718,29
30718,9
30718,1
30718,111
30719,4
30719,1
30719,6
30720,9
30720,1
30720,5
30721,9
30721,1
30721,5
30722,3
30722,161
30723,5
30723,17
30723,13
30724,29
30724,9
30725,11
30725,3
30726,11
30726,3
30727,5
30727,9
30727,1
30728,5
30728,9
30728,1
30729,2
30729,9
30729,1
30729,5
30730,1
30730,5
30731,2
30732,3
30733,47
30733,1
30733,3
30733,56
30733,5
30734,47
30734,1
30734,3
30734,56
30734,5
30735,3
30736,4
30736,9
30736,1
30736,5
30737,9
30737,5
30738,3
30739,9
30739,1
30739,5
30740,2
30740,29
30741,9
30741,5
30742,9
30742,5
30743,9
30743,5
30744,3
30744,1
30745,29
30745,1
30746,3
30747,9
30747,5
30748,29
30748,1
30749,3
30749,5
30750,9
30750,5
30751,9
30751,12
30751,1
30751,5
30751,13
30752,9
30752,5
30753,9
30753,5
30754,9
30754,5
30755,9
30755,5
30756,9
30756,5
30757,3
30758,2
30758,3
30759,40
30759,1
30759,5
30760,4
30760,1
30761,166
30761,19
30762,29
30762,1
30762,5
30763,29
30763,1
30764,166
30764,19
30765,4
30765,40
30765,1
30765,75
30766,9
30766,5
30767,3
30767,9
30767,1
30768,3
30769,29
30769,9
30769,1
30769,13
30770,3
30770,5
30771,3
30771,161
30772,3
30773,2
30773,29
30774,4
30774,1
30774,6
30775,9
30775,5
30776,9
30776,5
30777,3
30777,5
30778,29
30778,1
30778,5
30779,3
30779,13
30780,9
30780,1
30780,4
30780,56
30780,6
30781,9
30781,5
30782,9
30782,5
30783,3
30783,13
30784,3
30784,5
30785,3
30786,3
30787,29
30787,1
30787,5
30788,3
30788,13
30789,3
30790,3
30791,3
30792,9
30792,5
30793,3
30794,29
30794,6
30794,17
30794,83
30795,29
30795,9
30795,1
30796,3
30796,5
30797,3
30798,3
30799,3
30800,11
30800,3
30800,5
30801,12
30801,3
30801,56
30801,5
30801,74
30801,17
30802,29
30802,1
30802,5
30803,9
30804,9
30804,1
30804,5
30805,9
30806,2
30806,1
30807,1
30807,5
30808,3
30809,11
30809,3
30809,5
30810,11
30810,3
30810,5
30811,12
30811,3
30811,56
30811,5
30811,74
30811,17
30812,3
30812,1
30812,5
30813,11
30813,3
30813,5
30814,40
30814,5
30815,9
30815,1
30816,29
30816,13
30816,6
30817,4
30817,9
30817,1
30817,5
30818,3
30818,5
30819,3
30819,5
30820,3
30820,5
30821,3
30821,5
30822,4
30822,9
30822,1
30822,5
30823,3
30824,5
30825,1
30825,2
30825,3
30825,4
30825,5
30825,6
30826,12
30826,3
30826,56
30826,5
30826,74
30826,17
30827,3
30827,5
30828,4
30828,1
30828,6
30829,3
30829,161
30830,9
30830,1
30831,40
30831,9
30831,29
30831,1
30831,2
30831,4
30831,56
30831,13
30831,6
30832,2
30832,3
30832,1
30832,5
30833,3
30833,9
30833,5
30834,9
30835,1
30835,5
30836,3
30836,13
30836,6
30837,9
30837,5
30838,40
30838,5
30839,9
30839,1
30840,4
30840,9
30840,1
30840,5
30841,9
30841,1
30842,29
30842,13
30842,6
30843,9
30843,1
30844,1
30844,2
30844,3
30844,4
30844,5
30844,6
30845,3
30845,5
30846,29
30846,9
30846,1
30847,3
30848,29
30848,9
30848,1
30849,40
30849,9
30849,29
30849,1
30849,2
30849,4
30849,56
30849,13
30849,6
30850,40
30850,1
30850,5
30851,3
30851,5
30852,3
30852,5
30853,3
30853,5
30854,40
30854,9
30854,29
30854,1
30854,2
30854,4
30854,56
30854,13
30854,6
30855,4
30855,1
30855,6
30856,3
30857,3
30857,161
30858,3
30858,161
30859,9
30859,1
30859,5
30860,9
30860,1
30860,5
30861,29
30861,9
30861,1
30862,3
30862,5
30863,9
30863,1
30863,5
30864,9
30864,1
30864,83
30864,5
30864,13
30864,17
30865,29
30865,6
30865,17
30865,83
30866,13
30867,40
30867,1
30867,5
30868,3
30869,3
30870,3
30871,4
30871,9
30871,1
30871,5
30872,3
30872,5
30873,3
30874,9
30874,1
30874,5
30875,11
30875,3
30876,2
30876,29
30877,2
30877,1
30878,9
30878,1
30878,5
30879,3
30879,1
30879,5
30880,1
30880,2
30880,3
30880,4
30880,5
30880,6
30881,3
30881,5
30882,9
30882,1
30882,5
30883,9
30883,1
30883,5
30884,9
30885,2
30885,1
30886,3
30886,9
30886,5
30887,40
30887,9
30887,29
30887,1
30887,2
30887,4
30887,56
30887,13
30887,6
30888,3
30888,9
30888,5
30889,3
30889,161
30889,5
30889,83
30890,40
30890,9
30890,29
30890,1
30890,2
30890,4
30890,56
30890,13
30890,6
30891,3
30891,161
30891,5
30891,83
30892,3
30892,1
30892,5
30893,29
30893,1
30894,3
30895,3
30895,1
30895,5
30896,2
30896,1
30897,1
30897,5
30898,9
30898,1
30899,9
30899,1
30900,3
30900,5
30901,11
30901,3
30901,5
30902,3
30903,3
30903,5
30904,3
30904,5
30905,4
30905,40
30905,1
30905,75
30906,4
30906,40
30906,1
30906,75
30907,3
30908,4
30908,40
30908,1
30908,75
30909,4
30909,40
30909,1
30909,75
30910,4
30910,40
30910,1
30910,75
30911,4
30911,40
30911,1
30911,75
30912,4
30912,40
30912,1
30912,75
30913,4
30913,40
30913,1
30913,75
30914,3
30915,11
30915,3
30915,5
30916,2
30916,3
30917,2
30917,1
30918,2
30918,3
30919,3
30919,13
30919,6
30920,3
30920,5
30921,3
30921,5
30922,3
30922,5
30923,4
30923,9
30923,1
30923,5
30924,2
30924,3
30924,9
30924,5
30925,3
30925,5
30926,5
30926,17
30926,13
30927,3
30927,5
30928,3
30928,5
30929,3
30929,1
30929,5
30930,3
30930,13
30930,6
30931,3
30932,29
30932,1
30932,5
30932,13
30932,17
30933,2
30933,3
30934,47
30934,29
30934,4
30934,3
30934,6
30935,3
30935,161
30936,9
30936,5
30937,3
30937,161
30938,3
30938,161
30939,9
30939,1
30939,5
30940,3
30941,3
30941,161
30942,11
30942,3
30942,5
30943,9
30943,1
30944,3
30944,40
30944,17
30944,83
30945,4
30945,1
30945,6
30946,3
30946,5
30947,11
30947,3
30947,5
30948,29
30948,9
30948,1
30949,9
30949,1
30950,9
30950,5
30951,9
30951,5
30952,9
30952,5
30953,4
30953,11
30953,1
30954,9
30954,5
30955,3
30956,9
30956,5
30957,9
30957,5
30958,3
30958,5
30959,9
30959,1
30960,9
30960,1
30961,9
30961,5
30962,9
30962,5
30963,3
30963,161
30963,5
30963,83
30964,29
30964,9
30964,1
30965,4
30965,11
30965,1
30966,9
30966,1
30967,9
30967,1
30968,29
30968,9
30968,1
30969,11
30969,5
30970,29
30970,9
30970,1
30971,29
30971,9
30971,1
30972,9
30973,9
30973,5
30974,3
30974,5
30975,3
30975,5
30976,29
30976,9
30976,1
30977,29
30977,9
30977,1
30978,9
30978,5
30979,3
30979,9
30979,5
30980,3
30980,5
30981,3
30982,9
30982,83
30982,3
30982,111
30982,13
30982,6
30983,40
30983,9
30983,29
30983,1
30983,2
30983,4
30983,56
30983,13
30983,6
30984,29
30984,9
30984,1
30985,29
30985,1
30986,9
30987,3
30987,5
30988,9
30989,3
30990,2
30990,29
30991,11
30991,3
30991,5
30992,2
30992,3
30993,2
30993,1
30994,3
30994,13
30995,40
30995,5
30996,9
30996,5
30997,3
30998,29
30998,1
30998,5
30999,9
31000,3
31000,13
31001,29
31001,1
31001,5
31002,3
31003,1
31003,5
31004,29
31004,13
31004,6
31005,47
31005,29
31005,4
31005,3
31005,6
31006,3
31006,9
31006,1
31006,5
31007,166
31007,19
31008,3
31008,1
31008,5
31009,9
31009,1
31009,4
31009,56
31009,6
31010,9
31010,5
31011,3
31011,9
31011,5
31011,13
31012,9
31012,1
31012,4
31012,56
31012,6
31013,3
31013,13
31014,4
31014,1
31014,6
31015,4
31015,1
31015,6
31016,47
31016,1
31016,3
31016,56
31016,5
31017,1
31017,4
31017,74
31017,75
31017,17
31018,9
31019,29
31019,1
31019,5
31020,3
31020,13
31021,9
31022,4
31022,9
31022,1
31022,5
31023,9
31023,1
31023,4
31023,56
31023,6
31024,1
31024,2
31024,3
31024,4
31024,5
31024,6
31025,29
31025,6
31025,17
31025,83
31026,3
31027,2
31027,1
31028,40
31028,5
31029,3
31029,5
31030,29
31030,9
31030,1
31031,29
31031,9
31031,1
31032,3
31032,5
31033,1
31033,5
31034,9
31035,4
31035,1
31035,6
31036,3
31037,29
31037,1
31038,2
31038,1
31039,29
31039,9
31040,40
31040,5
31041,9
31042,9
31043,9
31044,1
31044,5
31045,1
31045,5
31046,9
31046,1
31047,1
31047,2
31047,3
31047,4
31047,5
31047,6
31048,9
31048,1
31049,3
31050,2
31050,1
31051,9
31051,1
31052,9
31053,9
31054,3
31054,13
31055,9
31056,9
31057,1
31057,5
31058,1
31058,5
31059,29
31059,9
31059,1
31060,9
31060,1
31061,9
31062,3
31063,2
31063,1
31064,3
31064,9
31064,5
31064,13
31065,9
31065,83
31065,3
31065,111
31065,13
31065,6
31066,1
31067,3
31067,5
31068,4
31068,9
31068,1
31068,5
31069,47
31069,1
31069,3
31069,56
31069,5
31070,47
31070,1
31070,3
31070,56
31070,5
31071,4
31071,11
31071,1
31072,2
31072,1
31073,3
31073,9
31073,1
31073,5
31074,9
31074,5
31074,13
31075,3
31076,47
31076,1
31076,3
31076,56
31076,5
31077,4
31077,9
31077,1
31077,5
31078,3
31078,161
31079,3
31079,9
31079,1
31079,5
31080,47
31080,1
31080,3
31080,56
31080,5
31081,9
31082,9
31083,9
31083,1
31083,5
31084,1
31084,5
31085,3
31085,9
31085,5
31086,40
31086,9
31086,29
31086,1
31086,2
31086,4
31086,56
31086,13
31086,6
31087,9
31087,1
31088,3
31088,9
31088,5
31089,29
31089,1
31089,5
31090,29
31090,1
31090,5
31091,3
31092,9
31092,5
31093,29
31093,9
31093,1
31094,9
31094,1
31094,5
31095,3
31095,161
31096,1
31096,5
31097,3
31097,5
31098,3
31099,9
31099,5
31099,13
31100,9
31100,5
31101,3
31101,9
31101,5
31102,9
31102,5
31103,3
31103,9
31103,5
31104,9
31104,1
31104,5
31105,29
31105,9
31105,1
31106,3
31106,1
31106,5
31107,3
31107,161
31108,3
31108,5
31109,1
31109,5
31110,3
31111,3
31111,9
31111,1
31112,9
31113,3
31113,161
31114,4
31114,9
31114,1
31114,5
31115,9
31116,1
31116,5
31117,3
31117,9
31117,5
31118,3
31118,5
31119,9
31119,83
31119,2
31119,3
31119,17
31120,3
31120,9
31120,5
31121,3
31121,9
31121,5
31122,3
31122,5
31123,9
31123,5
31124,11
31124,5
31125,3
31126,3
31126,5
31127,4
31127,1
31127,6
31128,9
31128,5
31129,9
31130,3
31130,9
31130,1
31131,3
31132,3
31133,3
31134,9
31134,5
31135,4
31135,11
31135,1
31136,1
31136,2
31136,3
31136,4
31136,5
31136,6
31137,1
31137,2
31137,3
31137,4
31137,5
31137,6
31138,9
31138,1
31138,4
31138,56
31138,6
31139,3
31139,13
31140,3
31141,3
31142,29
31142,9
31142,1
31143,3
31143,161
31144,29
31144,9
31144,1
31145,9
31145,1
31145,5
31146,3
31146,5
31147,1
31147,5
31148,1
31148,4
31148,2
31148,56
31148,5
31148,17
31148,6
31149,166
31149,19
31150,1
31150,4
31150,2
31150,56
31150,5
31150,17
31150,6
31151,3
31152,3
31152,1
31152,5
31153,3
31153,161
31154,1
31154,5
31155,4
31155,9
31155,1
31155,5
31156,1
31156,5
31157,3
31157,5
31158,9
31158,5
31159,47
31159,29
31159,4
31159,3
31159,6
31160,47
31160,29
31160,4
31160,3
31160,6
31161,3
31162,3
31162,5
31163,4
31163,9
31163,1
31163,5
31164,3
31164,161
31165,3
31165,9
31165,5
31166,1
31166,5
31167,3
31167,1
31167,5
31168,3
31168,9
31168,5
31169,3
31169,1
31170,1
31171,1
31172,3
31172,9
31172,5
31173,3
31173,5
31174,3
31175,3
31175,5
31176,9
31177,3
31178,9
31179,3
31179,161
31180,9
31180,1
31181,9
31181,1
31181,5
31182,3
31183,3
31183,161
31184,2
31184,1
31185,3
31185,9
31185,1
31186,3
31187,3
31188,29
31188,9
31189,3
31190,9
31190,1
31191,1
31191,2
31191,3
31191,4
31191,5
31191,6
31192,11
31192,5
31193,9
31193,1
31193,5
31194,2
31194,9
31194,5
31195,3
31195,13
31195,6
31196,3
31197,3
31197,5
31198,3
31198,5
31199,3
31199,5
31200,4
31200,9
31200,1
31200,5
31201,3
31202,3
31202,161
31203,3
31204,1
31204,5
31205,3
31206,166
31206,19
31207,3
31208,3
31208,9
31208,5
31209,9
31210,9
31211,1
31211,5
31212,40
31212,9
31212,29
31212,1
31212,2
31212,4
31212,56
31212,13
31212,6
31213,9
31213,83
31213,2
31213,3
31213,17
31214,3
31215,4
31215,40
31215,1
31215,75
31216,11
31216,5
31217,3
31218,29
31218,9
31218,1
31219,1
31219,5
31220,29
31220,1
31220,5
31221,1
31221,5
31222,5
31222,9
31222,1
31223,3
31223,1
31224,3
31225,83
31225,3
31225,5
31225,74
31225,13
31226,3
31226,9
31226,5
31227,3
31227,161
31228,3
31228,1
31228,5
31229,3
31229,161
31230,9
31231,9
31232,4
31232,1
31232,6
31233,3
31234,9
31235,9
31235,1
31235,5
31236,1
31236,5
31237,3
31237,13
31238,3
31238,5
31239,3
31239,1
31239,5
31240,40
31240,9
31240,29
31240,1
31240,2
31240,4
31240,56
31240,13
31240,6
31241,3
31241,13
31242,29
31242,1
31242,5
31243,9
31244,9
31245,4
31245,9
31245,1
31245,5
31246,9
31247,1
31247,5
31248,3
31248,13
31249,3
31249,13
31250,4
31250,40
31250,1
31250,75
31251,9
31251,83
31251,2
31251,3
31251,17
31252,3
31252,13
31253,4
31253,40
31253,1
31253,75
31254,3
31255,3
31256,3
31256,5
31257,4
31257,9
31257,1
31257,5
31258,29
31258,1
31258,5
31259,3
31259,9
31259,5
31259,13
31260,1
31260,5
31261,3
31262,3
31262,161
31263,3
31263,5
31264,29
31264,9
31264,1
31265,1
31265,5
31266,1
31266,4
31266,2
31266,56
31266,5
31266,17
31266,6
31267,3
31268,5
31268,1
31268,17
31268,13
31269,29
31269,9
31269,1
31269,5
31270,9
31271,3
31271,5
31272,29
31272,9
31272,1
31273,1
31273,5
31274,3
31274,161
31275,40
31275,9
31275,29
31275,1
31275,2
31275,4
31275,56
31275,13
31275,6
31276,40
31276,9
31276,29
31276,1
31276,2
31276,4
31276,56
31276,13
31276,6
31277,3
31277,5
31278,3
31279,3
31279,1
31279,5
31280,29
31280,9
31280,1
31281,9
31281,83
31281,2
31281,3
31281,17
31282,3
31282,5
31283,3
31283,161
31284,1
31284,5
31285,29
31285,9
31285,1
31285,5
31286,1
31286,4
31286,2
31286,56
31286,5
31286,17
31286,6
31287,5
31287,1
31287,17
31287,13
31288,3
31289,4
31289,3
31289,1
31289,5
31290,3
31290,13
31291,3
31291,161
31292,3
31292,5
31293,29
31293,9
31293,1
31294,1
31294,5
31295,1
31295,4
31295,2
31295,56
31295,5
31295,17
31295,6
31296,1
31296,4
31296,2
31296,56
31296,5
31296,17
31296,6
31297,9
31298,5
31298,1
31298,17
31298,13
31299,3
31300,3
31300,161
31301,9
31301,5
31302,9
31303,1
31303,5
31304,40
31304,9
31304,29
31304,1
31304,2
31304,4
31304,56
31304,13
31304,6
31305,40
31305,9
31305,29
31305,1
31305,2
31305,4
31305,56
31305,13
31305,6
31306,3
31307,3
31307,9
31307,5
31308,3
31308,161
31309,1
31309,5
31310,1
31310,4
31310,74
31310,75
31310,17
31311,1
31311,4
31311,74
31311,75
31311,17
31312,3
31313,3
31313,9
31313,5
31314,3
31314,9
31314,5
31315,4
31315,40
31315,1
31315,75
31316,9
31316,83
31316,2
31316,3
31316,17
31317,4
31317,40
31317,1
31317,75
31318,3
31319,1
31319,5
31320,3
31321,9
31321,5
31322,1
31322,5
31323,29
31323,1
31323,5
31324,4
31324,9
31324,1
31324,5
31325,1
31325,5
31326,5
31326,3
31326,9
31326,1
31327,3
31327,5
31328,3
31328,9
31328,5
31329,47
31329,29
31329,4
31329,3
31329,6
31330,47
31330,29
31330,4
31330,3
31330,6
31331,3
31331,9
31331,5
31332,3
31333,3
31333,9
31333,5
31334,4
31334,9
31334,1
31334,5
31335,3
31335,161
31336,3
31336,5
31337,1
31337,5
31338,3
31338,9
31338,5
31339,3
31339,1
31339,5
31340,3
31340,1
31341,1
31342,3
31342,9
31342,5
31343,3
31343,5
31344,3
31345,29
31345,9
31345,1
31346,3
31347,1
31348,3
31348,5
31349,1
31349,5
31350,3
31350,161
31351,166
31351,19
31352,3
31353,9
31353,1
31353,5
31354,4
31354,9
31354,1
31354,5
31355,3
31355,161
31356,1
31356,5
31357,3
31357,1
31357,5
31358,40
31358,9
31358,29
31358,1
31358,2
31358,4
31358,56
31358,13
31358,6
31359,166
31359,19
31360,4
31360,1
31360,6
31361,3
31361,5
31362,9
31362,83
31362,2
31362,3
31362,17
31363,3
31364,3
31364,9
31364,5
31365,166
31365,19
31366,3
31367,9
31368,9
31369,2
31369,29
31370,9
31371,3
31371,13
31372,5
31372,1
31372,17
31372,13
31373,3
31373,161
31374,3
31374,9
31374,5
31374,13
31375,3
31375,161
31376,3
31376,9
31376,5
31376,13
31377,3
31377,9
31377,5
31377,13
31378,29
31378,1
31378,5
31379,3
31379,161
31380,3
31380,161
31381,3
31381,9
31381,5
31381,13
31382,3
31382,9
31382,5
31382,13
31383,3
31384,3
31385,3
31385,9
31385,5
31385,13
31386,4
31386,1
31386,6
31387,3
31388,3
31389,3
31390,3
31390,9
31390,5
31390,13
31391,3
31392,4
31392,1
31392,6
31393,3
31393,9
31393,5
31393,13
31394,3
31394,161
31395,3
31395,9
31395,5
31395,13
31396,5
31396,1
31396,17
31396,13
31397,5
31397,1
31397,17
31397,13
31398,5
31398,1
31398,17
31398,13
31399,5
31399,1
31399,17
31399,13
31400,5
31400,1
31400,17
31400,13
31401,5
31401,1
31401,17
31401,13
31402,5
31402,1
31402,17
31402,13
31403,5
31403,1
31403,17
31403,13
31404,5
31404,1
31404,17
31404,13
31405,5
31405,1
31405,17
31405,13
31406,5
31406,1
31406,17
31406,13
31407,5
31407,1
31407,17
31407,13
31408,9
31408,1
31408,5
31409,9
31409,1
31409,5
31410,9
31410,1
31410,5
31411,9
31411,1
31411,5
31412,1
31412,5
31413,5
31413,1
31413,17
31413,13
31414,1
31414,5
31415,9
31415,1
31415,5
31416,5
31416,1
31416,17
31416,13
31417,9
31417,1
31417,5
31418,1
31418,5
31419,9
31419,1
31419,5
31420,5
31420,1
31420,17
31420,13
31421,9
31421,1
31421,5
31422,1
31422,5
31423,5
31423,1
31423,17
31423,13
31424,2
31424,3
31424,9
31424,5
31425,9
31426,1
31426,5
31427,3
31427,9
31427,5
31427,13
31428,3
31428,9
31428,5
31428,13
31429,3
31429,9
31429,5
31429,13
31430,5
31430,1
31430,17
31430,13
31431,5
31431,1
31431,17
31431,13
31432,5
31432,1
31432,17
31432,13
31433,5
31433,1
31433,17
31433,13
31434,9
31434,1
31434,13
31434,83
31435,5
31435,1
31435,17
31435,13
31436,1
31436,5
31437,3
31437,9
31437,5
31437,13
31438,2
31438,29
31439,3
31439,9
31439,5
31439,13
31440,2
31440,1
31441,1
31441,5
31442,3
31442,9
31442,5
31442,13
31443,2
31443,29
31444,3
31444,9
31444,5
31444,13
31445,2
31445,1
31446,1
31446,5
31447,1
31447,5
31448,3
31448,5
31449,3
31449,161
31450,1
31450,5
31451,3
31451,161
31452,3
31452,161
31453,2
31453,1
31454,9
31454,1
31454,5
31455,9
31455,1
31455,5
31456,9
31456,1
31456,5
31457,1
31457,5
31458,3
31458,9
31458,5
31458,13
31459,3
31459,161
31460,9
31460,1
31460,13
31460,83
31461,3
31461,161
31462,3
31462,9
31462,5
31462,13
31463,3
31463,9
31463,5
31463,13
31464,3
31464,161
31465,5
31465,1
31465,17
31465,13
31466,1
31466,5
31467,9
31467,1
31467,13
31467,83
31468,2
31468,29
31469,3
31469,161
31470,3
31470,9
31470,5
31470,13
31471,3
31471,9
31471,5
31471,13
31472,3
31472,161
31473,3
31473,9
31473,5
31473,13
31474,3
31474,161
31475,3
31475,9
31475,5
31475,13
31476,3
31476,161
31477,3
31477,9
31477,5
31477,13
31478,3
31478,161
31479,3
31479,9
31479,5
31479,13
31480,3
31480,161
31481,2
31481,1
31482,1
31482,5
31483,1
31483,5
31484,3
31484,5
31485,3
31486,3
31487,1
31487,5
31488,3
31488,9
31488,5
31488,13
31489,3
31489,9
31489,5
31489,13
31490,2
31490,1
31491,1
31491,5
31492,9
31492,1
31492,13
31492,83
31493,3
31493,9
31493,5
31493,13
31494,2
31494,29
31495,3
31495,9
31495,5
31495,13
31496,3
31496,9
31496,5
31496,13
31497,3
31497,9
31497,5
31497,13
31498,3
31498,9
31498,5
31498,13
31499,3
31499,9
31499,5
31499,13
31500,2
31500,1
31501,1
31501,5
31502,3
31502,9
31502,5
31502,13
31503,2
31503,29
31504,2
31504,1
31505,4
31505,1
31505,6
31506,4
31506,1
31506,6
31507,9
31507,1
31507,13
31507,83
31508,1
31508,5
31509,1
31509,5
31510,3
31510,5
31511,3
31511,9
31511,5
31511,13
31512,1
31512,5
31513,3
31513,9
31513,5
31513,13
31514,3
31514,9
31514,5
31514,13
31515,3
31515,9
31515,5
31515,13
31516,3
31516,9
31516,5
31516,13
31517,4
31517,1
31517,6
31518,4
31518,1
31518,6
31519,3
31519,9
31519,5
31519,13
31520,4
31520,1
31520,6
31521,3
31521,9
31521,5
31521,13
31522,3
31522,9
31522,5
31522,13
31523,3
31523,9
31523,5
31523,13
31524,3
31524,9
31524,5
31524,13
31525,2
31525,1
31526,1
31526,5
31527,9
31527,1
31527,13
31527,83
31528,3
31528,9
31528,5
31528,13
31529,2
31529,29
31530,3
31530,9
31530,5
31530,13
31531,2
31531,1
31532,9
31532,1
31532,13
31532,83
31533,1
31533,5
31534,2
31534,29
31535,3
31535,9
31535,5
31535,13
31536,3
31536,9
31536,5
31536,13
31537,3
31537,9
31537,5
31537,13
31538,2
31538,1
31539,2
31539,3
31539,9
31539,5
31540,2
31540,3
31540,9
31540,5
31541,9
31541,1
31541,5
31542,1
31542,5
31543,3
31543,9
31543,5
31543,13
31544,3
31544,9
31544,5
31544,13
31545,4
31545,1
31545,6
31546,3
31546,9
31546,5
31546,13
31547,3
31547,9
31547,5
31547,13
31548,3
31548,9
31548,5
31548,13
31549,3
31549,9
31549,5
31549,13
31550,3
31550,9
31550,5
31550,13
31551,3
31551,9
31551,5
31551,13
31552,3
31552,9
31552,5
31552,13
31553,5
31553,1
31553,17
31553,13
31554,3
31554,9
31554,5
31554,13
31555,4
31555,11
31555,1
31556,2
31556,1
31557,29
31557,1
31557,5
31558,9
31558,1
31558,13
31558,83
31559,5
31559,1
31559,17
31559,13
31560,2
31560,29
31561,1
31561,5
31562,3
31562,9
31562,5
31562,13
31563,3
31563,9
31563,5
31563,13
31564,3
31564,9
31564,5
31564,13
31565,3
31565,9
31565,5
31565,13
31566,3
31566,9
31566,5
31566,13
31567,3
31567,9
31567,5
31567,13
31568,3
31568,9
31568,5
31568,13
31569,3
31569,9
31569,5
31569,13
31570,3
31570,9
31570,5
31570,13
31571,2
31571,1
31572,9
31572,1
31572,13
31572,83
31573,1
31573,5
31574,2
31574,29
31575,3
31575,9
31575,5
31575,13
31576,3
31576,9
31576,5
31576,13
31577,2
31577,1
31578,9
31578,1
31578,13
31578,83
31579,1
31579,5
31580,2
31580,29
31581,3
31581,9
31581,5
31581,13
31582,3
31582,9
31582,5
31582,13
31583,2
31583,1
31584,9
31584,1
31584,5
31585,9
31585,1
31585,5
31586,9
31586,1
31586,5
31587,1
31587,5
31588,9
31588,1
31588,5
31589,9
31589,1
31589,5
31590,4
31590,11
31590,1
31591,29
31591,1
31592,3
31592,9
31592,5
31592,13
31593,1
31593,5
31594,3
31594,9
31594,5
31594,13
31595,5
31595,1
31595,17
31595,13
31596,3
31596,9
31596,5
31596,13
31597,3
31597,9
31597,5
31597,13
31598,2
31598,1
31599,3
31599,9
31599,5
31599,13
31600,9
31600,1
31600,13
31600,83
31601,1
31601,5
31602,3
31602,9
31602,5
31602,13
31603,3
31603,9
31603,5
31603,13
31604,2
31604,29
31605,3
31605,9
31605,5
31605,13
31606,3
31606,9
31606,5
31606,13
31607,3
31607,9
31607,5
31607,13
31608,2
31608,1
31609,2
31609,3
31609,9
31609,5
31610,2
31610,3
31610,9
31610,5
31611,9
31611,1
31611,5
31612,1
31612,5
31613,3
31613,9
31613,5
31613,13
31614,3
31614,9
31614,5
31614,13
31615,3
31615,9
31615,5
31615,13
31616,3
31616,9
31616,5
31616,13
31617,5
31617,1
31617,17
31617,13
31618,4
31618,1
31618,6
31619,3
31619,9
31619,5
31619,13
31620,3
31620,9
31620,5
31620,13
31621,3
31621,9
31621,5
31621,13
31622,5
31622,1
31622,17
31622,13
31623,3
31623,9
31623,5
31623,13
31624,3
31624,9
31624,5
31624,13
31625,4
31625,11
31625,1
31626,2
31626,1
31627,29
31627,1
31627,5
31628,1
31628,5
31629,1
31629,5
31630,3
31630,5
31631,3
31631,9
31631,5
31631,13
31632,1
31632,5
31633,3
31633,9
31633,5
31633,13
31634,3
31634,9
31634,5
31634,13
31635,3
31635,9
31635,5
31635,13
31636,3
31636,9
31636,5
31636,13
31637,3
31637,9
31637,5
31637,13
31638,3
31638,9
31638,5
31638,13
31639,3
31639,9
31639,5
31639,13
31640,3
31640,9
31640,5
31640,13
31641,3
31641,9
31641,5
31641,13
31642,3
31642,9
31642,5
31642,13
31643,3
31643,9
31643,5
31643,13
31644,3
31644,9
31644,5
31644,13
31645,3
31645,9
31645,5
31645,13
31646,4
31646,1
31646,6
31647,3
31647,9
31647,5
31647,13
31648,4
31648,1
31648,6
31649,3
31649,9
31649,5
31649,13
31650,3
31650,9
31650,5
31650,13
31651,2
31651,1
31652,1
31652,17
31653,4
31653,40
31653,1
31653,75
31654,4
31654,40
31654,1
31654,75
31655,11
31655,3
31655,5
31656,4
31656,40
31656,1
31656,75
31657,11
31657,3
31657,5
31658,11
31658,3
31658,5
31659,3
31660,3
31661,2
31661,1
31662,40
31662,1
31662,5
31663,4
31663,9
31663,1
31663,5
31664,9
31665,3
31665,9
31665,1
31665,5
31666,3
31666,5
31667,1
31667,5
31668,2
31668,1
31669,3
31669,1
31669,5
31670,2
31670,1
31671,3
31672,1
31672,5
31673,4
31673,1
31673,6
31674,2
31674,1
31675,5
31675,1
31675,17
31675,13
31676,2
31676,11
31676,5
31676,13
31677,3
31677,1
31677,5
31678,1
31678,5
31679,9
31679,1
31679,5
31680,3
31680,1
31680,5
31681,1
31681,5
31682,3
31682,5
31683,3
31684,2
31684,1
31685,1
31685,5
31686,3
31686,1
31686,5
31687,1
31687,5
31688,1
31688,5
31689,3
31689,5
31690,3
31691,2
31691,1
31692,1
31692,5
31693,1
31693,5
31694,3
31694,1
31694,5
31695,9
31696,9
31696,1
31696,13
31696,83
31697,1
31697,5
31698,3
31699,2
31699,1
31700,2
31700,29
31701,3
31701,5
31702,11
31702,3
31702,5
31703,3
31704,3
31704,5
31705,2
31705,1
31706,12
31706,2
31706,3
31706,5
31706,17
31707,29
31707,9
31707,1
31707,13
31708,3
31708,9
31708,1
31708,5
31709,29
31709,9
31709,1
31709,13
31710,3
31711,9
31711,12
31711,1
31711,5
31711,13
31712,40
31712,5
31713,3
31713,161
31714,1
31714,5
31715,9
31715,1
31715,13
31715,83
31716,2
31716,29
31717,5
31717,17
31717,13
31718,5
31718,17
31718,13
31719,5
31719,17
31719,13
31720,2
31720,1
31721,29
31721,1
31721,5
31722,9
31722,1
31722,5
31723,9
31723,1
31723,5
31724,9
31724,1
31724,5
31725,1
31725,5
31726,5
31726,1
31726,17
31726,13
31727,5
31727,17
31727,13
31728,5
31728,17
31728,13
31729,3
31729,161
31730,3
31731,3
31731,161
31732,3
31732,5
31733,2
31733,1
31734,9
31734,1
31734,5
31735,9
31735,1
31735,5
31736,9
31736,1
31736,5
31737,3
31738,5
31738,17
31738,13
31739,3
31740,3
31741,3
31742,1
31742,5
31743,3
31744,3
31745,3
31745,161
31746,5
31746,1
31746,17
31746,13
31747,5
31747,17
31747,13
31748,3
31748,161
31749,3
31749,161
31750,3
31750,161
31751,3
31751,161
31752,3
31753,2
31753,1
31754,2
31754,3
31754,9
31754,5
31755,2
31755,3
31755,9
31755,5
31756,2
31756,3
31756,9
31756,5
31757,1
31757,5
31758,5
31758,17
31758,13
31759,5
31759,17
31759,13
31760,5
31760,1
31760,17
31760,13
31761,9
31762,9
31763,2
31763,1
31764,9
31765,2
31765,3
31765,9
31765,5
31766,2
31766,3
31766,9
31766,5
31767,9
31767,1
31767,5
31768,1
31768,5
31769,5
31769,17
31769,13
31770,5
31770,17
31770,13
31771,2
31771,1
31772,9
31772,1
31772,5
31773,5
31773,1
31773,17
31773,13
31774,9
31774,1
31774,5
31775,9
31775,1
31775,5
31776,9
31776,1
31776,5
31777,1
31777,5
31778,5
31778,17
31778,13
31779,5
31779,17
31779,13
31780,5
31780,1
31780,17
31780,13
31781,3
31781,161
31782,2
31782,1
31783,9
31783,1
31783,13
31783,83
31784,1
31784,5
31785,2
31785,29
31786,5
31786,17
31786,13
31787,3
31787,9
31787,5
31787,13
31788,3
31788,9
31788,5
31788,13
31789,5
31789,17
31789,13
31790,2
31790,1
31791,1
31791,5
31792,3
31792,9
31792,5
31792,13
31793,5
31793,17
31793,13
31794,9
31794,1
31794,13
31794,83
31795,2
31795,29
31796,3
31796,9
31796,5
31796,13
31797,5
31797,17
31797,13
31798,2
31798,1
31799,9
31799,1
31799,13
31799,83
31800,1
31800,5
31801,2
31801,29
31802,3
31802,9
31802,5
31802,13
31803,3
31804,3
31805,3
31806,3
31806,9
31806,5
31806,13
31807,5
31807,17
31807,13
31808,5
31808,17
31808,13
31809,3
31809,9
31809,5
31809,13
31810,3
31810,9
31810,5
31810,13
31811,5
31811,17
31811,13
31812,3
31812,9
31812,5
31812,13
31813,3
31813,161
31814,3
31814,9
31814,5
31814,13
31815,3
31815,161
31816,5
31816,17
31816,13
31817,3
31817,9
31817,5
31817,13
31818,2
31818,1
31819,9
31819,1
31819,13
31819,83
31820,2
31820,29
31821,5
31821,17
31821,13
31822,3
31822,9
31822,5
31822,13
31823,3
31823,9
31823,5
31823,13
31824,1
31824,5
31825,5
31825,17
31825,13
31826,3
31826,9
31826,5
31826,13
31827,5
31827,17
31827,13
31828,5
31828,17
31828,13
31829,3
31829,9
31829,5
31829,13
31830,3
31830,9
31830,5
31830,13
31831,5
31831,17
31831,13
31832,2
31832,1
31833,1
31833,5
31834,9
31834,1
31834,13
31834,83
31835,2
31835,29
31836,5
31836,17
31836,13
31837,3
31837,9
31837,5
31837,13
31838,5
31838,17
31838,13
31839,3
31839,9
31839,5
31839,13
31840,3
31841,3
31841,9
31841,5
31841,13
31842,3
31842,9
31842,5
31842,13
31843,5
31843,17
31843,13
31844,3
31844,9
31844,5
31844,13
31845,5
31845,17
31845,13
31846,3
31847,3
31847,9
31847,5
31847,13
31848,3
31848,9
31848,5
31848,13
31849,5
31849,17
31849,13
31850,3
31850,9
31850,5
31850,13
31851,5
31851,17
31851,13
31852,3
31852,9
31852,5
31852,13
31853,5
31853,17
31853,13
31854,5
31854,17
31854,13
31855,3
31855,9
31855,5
31855,13
31856,5
31856,17
31856,13
31857,3
31857,9
31857,5
31857,13
31858,4
31858,11
31858,1
31859,9
31859,1
31859,13
31859,83
31860,29
31860,1
31860,5
31861,1
31861,5
31862,2
31862,1
31863,3
31864,2
31864,29
31865,3
31866,3
31866,9
31866,5
31866,13
31867,5
31867,17
31867,13
31868,3
31868,9
31868,5
31868,13
31869,5
31869,17
31869,13
31870,3
31870,9
31870,5
31870,13
31871,5
31871,17
31871,13
31872,4
31872,9
31872,1
31872,5
31873,3
31873,9
31873,5
31873,13
31874,5
31874,17
31874,13
31875,3
31875,9
31875,5
31875,13
31876,5
31876,17
31876,13
31877,2
31877,1
31878,9
31878,1
31878,13
31878,83
31879,1
31879,5
31880,3
31881,2
31881,29
31882,3
31883,3
31883,9
31883,5
31883,13
31884,5
31884,17
31884,13
31885,3
31885,9
31885,5
31885,13
31886,5
31886,17
31886,13
31887,2
31887,1
31888,9
31889,9
31890,9
31891,2
31891,29
31892,5
31892,1
31892,17
31892,13
31893,5
31893,1
31893,17
31893,13
31894,3
31895,3
31896,3
31897,3
31897,161
31898,5
31898,1
31898,17
31898,13
31899,3
31899,161
31900,3
31900,161
31901,3
31901,161
31902,2
31902,1
31903,1
31903,5
31904,9
31904,1
31904,13
31904,83
31905,2
31905,29
31906,4
31906,1
31906,6
31907,3
31908,3
31908,9
31908,5
31908,13
31909,3
31909,161
31910,3
31911,3
31911,9
31911,5
31911,13
31912,4
31912,1
31912,6
31913,3
31913,161
31914,3
31915,2
31915,1
31916,1
31916,5
31917,2
31917,29
31918,4
31918,1
31918,6
31919,3
31920,9
31920,1
31920,13
31920,83
31921,3
31921,161
31922,3
31922,9
31922,5
31922,13
31923,3
31923,9
31923,5
31923,13
31924,3
31924,161
31925,3
31925,161
31926,3
31926,9
31926,5
31926,13
31927,4
31927,1
31927,6
31928,3
31928,161
31929,2
31929,1
31930,3
31930,9
31930,5
31930,13
31931,1
31931,5
31932,9
31932,1
31932,13
31932,83
31933,3
31933,161
31934,3
31934,9
31934,5
31934,13
31935,2
31935,29
31936,3
31936,9
31936,5
31936,13
31937,3
31938,3
31938,9
31938,5
31938,13
31939,3
31939,161
31940,3
31940,161
31941,3
31941,9
31941,5
31941,13
31942,3
31942,9
31942,5
31942,13
31943,3
31944,3
31944,9
31944,5
31944,13
31945,3
31946,3
31946,9
31946,5
31946,13
31947,3
31948,2
31948,1
31949,9
31950,1
31950,5
31951,5
31951,1
31951,17
31951,13
31952,3
31952,161
31953,3
31953,161
31954,3
31954,161
31955,5
31955,1
31955,17
31955,13
31956,9
31957,3
31958,3
31959,3
31960,3
31961,3
31961,161
31962,3
31962,161
31963,3
31963,161
31964,3
31964,161
31965,3
31965,161
31966,3
31966,161
31967,3
31967,161
31968,5
31968,1
31968,17
31968,13
31969,5
31969,1
31969,17
31969,13
31970,5
31970,1
31970,17
31970,13
31971,5
31971,1
31971,17
31971,13
31972,5
31972,1
31972,17
31972,13
31973,5
31973,1
31973,17
31973,13
31974,5
31974,1
31974,17
31974,13
31975,5
31975,1
31975,17
31975,13
31976,5
31976,1
31976,17
31976,13
31977,5
31977,1
31977,17
31977,13
31978,2
31978,3
31978,9
31978,5
31979,2
31979,3
31979,9
31979,5
31980,9
31980,1
31980,5
31981,1
31981,5
31982,5
31982,1
31982,17
31982,13
31983,5
31983,1
31983,17
31983,13
31984,3
31985,3
31985,161
31986,2
31986,1
31987,9
31988,9
31989,9
31990,1
31990,5
31991,5
31991,1
31991,17
31991,13
31992,3
31992,161
31993,3
31993,161
31994,5
31994,1
31994,17
31994,13
31995,5
31995,1
31995,17
31995,13
31996,5
31996,1
31996,17
31996,13
31997,9
31997,1
31997,5
31998,9
31998,1
31998,5
31999,5
31999,1
31999,17
31999,13
32000,5
32000,1
32000,17
32000,13
32001,9
32001,1
32001,5
32002,1
32002,5
32003,5
32003,1
32003,17
32003,13
32004,5
32004,17
32004,13
32005,5
32005,17
32005,13
32006,3
32006,161
32007,3
32007,161
32008,3
32008,161
32009,3
32009,161
32010,2
32010,1
32011,1
32011,5
32012,1
32012,5
32013,3
32013,5
32014,5
32014,17
32014,13
32015,5
32015,17
32015,13
32016,1
32016,5
32017,5
32017,17
32017,13
32018,2
32018,1
32019,9
32019,1
32019,13
32019,83
32020,5
32020,17
32020,13
32021,1
32021,5
32022,5
32022,17
32022,13
32023,2
32023,29
32024,5
32024,17
32024,13
32025,2
32025,1
32026,9
32026,1
32026,5
32027,9
32027,1
32027,5
32028,9
32028,1
32028,5
32029,1
32029,5
32030,5
32030,1
32030,17
32030,13
32031,5
32031,17
32031,13
32032,5
32032,17
32032,13
32033,3
32033,161
32034,2
32034,1
32035,9
32035,1
32035,5
32036,9
32036,1
32036,5
32037,9
32037,1
32037,5
32038,1
32038,5
32039,9
32040,5
32040,1
32040,17
32040,13
32041,5
32041,17
32041,13
32042,5
32042,17
32042,13
32043,3
32043,161
32044,2
32044,1
32045,1
32045,5
32046,3
32046,161
32047,2
32047,29
32048,3
32048,161
32049,3
32049,161
32050,9
32050,1
32050,13
32050,83
32051,3
32051,161
32052,2
32052,1
32053,9
32053,1
32053,13
32053,83
32054,1
32054,5
32055,5
32055,17
32055,13
32056,2
32056,29
32057,5
32057,17
32057,13
32058,5
32058,17
32058,13
32059,2
32059,1
32060,1
32060,5
32061,9
32061,1
32061,13
32061,83
32062,2
32062,29
32063,5
32063,17
32063,13
32064,3
32064,9
32064,5
32064,13
32065,3
32065,9
32065,5
32065,13
32066,5
32066,17
32066,13
32067,3
32067,9
32067,5
32067,13
32068,5
32068,17
32068,13
32069,3
32069,9
32069,5
32069,13
32070,5
32070,17
32070,13
32071,2
32071,1
32072,2
32072,3
32072,9
32072,5
32073,2
32073,3
32073,9
32073,5
32074,2
32074,3
32074,9
32074,5
32075,3
32076,5
32076,17
32076,13
32077,1
32077,5
32078,5
32078,1
32078,17
32078,13
32079,5
32079,1
32079,17
32079,13
32080,5
32080,17
32080,13
32081,5
32081,1
32081,17
32081,13
32082,5
32082,1
32082,17
32082,13
32083,2
32083,3
32083,9
32083,5
32084,2
32084,3
32084,9
32084,5
32085,9
32086,1
32086,5
32087,5
32087,1
32087,17
32087,13
32088,3
32089,5
32089,1
32089,17
32089,13
32090,3
32090,161
32091,5
32091,1
32091,17
32091,13
32092,5
32092,1
32092,17
32092,13
32093,5
32093,1
32093,17
32093,13
32094,2
32094,3
32094,9
32094,5
32095,2
32095,3
32095,9
32095,5
32096,2
32096,3
32096,9
32096,5
32097,1
32097,5
32098,3
32099,3
32099,161
32100,5
32100,1
32100,17
32100,13
32101,5
32101,1
32101,17
32101,13
32102,5
32102,1
32102,17
32102,13
32103,4
32103,40
32103,1
32103,75
32104,3
32105,2
32105,1
32106,5
32106,1
32106,17
32106,13
32107,4
32107,40
32107,1
32107,75
32108,4
32108,40
32108,1
32108,75
32109,3
32110,2
32110,1
32111,9
32111,1
32111,13
32111,83
32112,1
32112,5
32113,3
32114,3
32115,2
32115,29
32116,3
32117,5
32117,17
32117,13
32118,3
32119,3
32120,5
32120,17
32120,13
32121,3
32122,5
32122,17
32122,13
32123,5
32123,17
32123,13
32124,3
32125,3
32126,5
32126,17
32126,13
32127,3
32128,3
32129,3
32130,5
32130,17
32130,13
32131,2
32131,1
32132,5
32132,17
32132,13
32133,1
32133,5
32134,2
32134,29
32135,9
32135,1
32135,13
32135,83
32136,3
32137,3
32138,3
32139,3
32139,161
32140,3
32141,3
32142,3
32143,5
32143,17
32143,13
32144,3
32145,3
32146,3
32147,3
32148,3
32149,3
32150,5
32150,17
32150,13
32151,3
32152,3
32153,3
32153,161
32154,3
32155,3
32156,3
32157,3
32158,2
32158,1
32159,11
32159,3
32160,3
32161,3
32162,9
32163,29
32163,13
32163,6
32164,2
32164,3
32164,1
32164,5
32165,3
32165,9
32165,1
32166,2
32166,1
32167,3
32168,4
32168,40
32168,1
32168,75
32169,4
32169,40
32169,1
32169,75
32170,9
32170,1
32170,5
32171,2
32171,3
32171,9
32171,5
32172,1
32172,5
32173,2
32173,1
32174,3
32174,9
32174,5
32175,2
32175,3
32175,1
32175,5
32176,9
32176,5
32177,40
32177,9
32177,29
32177,1
32177,2
32177,4
32177,56
32177,13
32177,6
32178,2
32178,1
32179,1
32179,5
32180,3
32181,3
32181,1
32181,5
32182,9
32182,1
32182,5
32183,3
32183,1
32183,5
32184,9
32184,1
32184,5
32185,5
32185,17
32185,13
32186,9
32186,1
32186,5
32187,3
32187,13
32187,6
32188,3
32188,1
32188,5
32189,1
32189,4
32189,74
32189,75
32189,17
32190,9
32190,5
32191,9
32191,5
32192,40
32192,9
32192,29
32192,1
32192,17
32192,6
32193,9
32194,29
32194,9
32195,3
32195,1
32195,5
32196,3
32196,5
32197,4
32197,1
32197,6
32198,9
32198,5
32198,13
32199,3
32200,3
32201,2
32201,1
32202,1
32202,5
32203,3
32203,1
32203,5
32204,4
32204,1
32204,6
32205,9
32205,1
32205,5
32206,1
32206,5
32207,5
32207,17
32207,13
32208,9
32208,5
32208,13
32209,9
32209,5
32209,13
32210,1
32210,5
32211,166
32211,19
32212,9
32212,5
32212,13
32213,3
32213,1
32213,5
32214,29
32214,9
32214,1
32214,5
32215,9
32215,5
32216,3
32216,1
32216,5
32217,9
32217,1
32218,3
32218,1
32218,5
32219,1
32219,5
32219,13
32220,11
32220,3
32220,5
32221,317
32221,2
32221,5
32221,4
32222,317
32222,2
32222,5
32222,4
32223,317
32223,2
32223,5
32223,4
32224,9
32224,5
32225,3
32225,13
32225,6
32226,317
32226,2
32226,5
32226,4
32227,317
32227,2
32227,5
32227,4
32228,317
32228,2
32228,5
32228,4
32229,4
32229,1
32229,6
32230,3
32231,29
32231,1
32231,5
32232,3
32233,3
32233,5
32234,2
32234,1
32235,29
32235,9
32235,1
32235,111
32236,29
32236,1
32236,5
32237,9
32238,2
32238,3
32239,2
32239,29
32240,9
32240,1
32241,3
32242,2
32242,1
32243,3
32244,1
32244,5
32245,3
32245,5
32246,9
32246,5
32246,13
32247,3
32247,5
32248,9
32248,5
32249,2
32249,29
32250,9
32250,5
32251,29
32251,1
32251,5
32252,3
32253,9
32253,83
32253,2
32253,3
32253,17
32254,3
32255,2
32255,1
32256,9
32256,83
32256,2
32256,3
32256,17
32257,9
32258,2
32258,1
32259,2
32259,1
32260,4
32260,1
32260,6
32261,9
32261,5
32262,40
32262,1
32262,5
32263,3
32264,3
32264,5
32265,3
32265,161
32266,40
32266,1
32266,3
32266,5
32266,6
32267,9
32267,83
32267,2
32267,3
32267,17
32268,9
32268,5
32269,3
32269,5
32270,9
32270,5
32271,3
32271,5
32271,13
32272,3
32273,3
32274,3
32274,1
32275,47
32275,29
32275,4
32275,3
32275,6
32276,9
32276,1
32276,5
32277,11
32277,3
32277,5
32278,3
32278,5
32279,9
32279,5
32280,2
32280,1
32281,9
32281,5
32282,1
32282,5
32283,40
32283,9
32283,316
32283,47
32283,29
32283,1
32283,83
32283,317
32283,56
32283,5
32283,74
32283,13
32283,17
32283,318
32283,6
32284,9
32284,5
32285,12
32285,2
32285,3
32285,5
32285,17
32286,4
32286,1
32286,6
32287,9
32287,5
32288,4
32288,9
32288,1
32288,5
32289,9
32289,5
32290,2
32290,29
32291,3
32291,5
32292,3
32292,5
32293,3
32294,9
32294,1
32295,2
32295,1
32296,29
32296,9
32296,1
32297,29
32297,9
32297,1
32298,4
32298,1
32298,6
32299,3
32300,2
32300,1
32301,3
32301,9
32301,5
32302,29
32302,9
32302,1
32303,3
32303,5
32303,13
32304,317
32304,2
32304,5
32304,4
32305,4
32305,1
32306,4
32306,1
32307,4
32307,1
32308,29
32308,1
32308,5
32309,3
32309,5
32310,9
32310,1
32310,5
32311,3
32312,2
32312,29
32313,3
32313,1
32313,5
32314,3
32315,9
32315,5
32315,13
32316,3
32316,13
32316,6
32317,40
32317,1
32317,17
32318,2
32318,1
32319,3
32319,13
32319,6
32320,40
32320,9
32320,29
32320,1
32320,2
32320,4
32320,56
32320,13
32320,6
32321,4
32321,11
32321,1
32322,40
32322,9
32322,29
32322,1
32322,2
32322,4
32322,56
32322,13
32322,6
32323,3
32323,5
32324,3
32325,2
32325,29
32326,3
32327,40
32327,9
32327,29
32327,1
32327,17
32327,6
32328,3
32328,5
32329,9
32329,83
32329,2
32329,3
32329,17
32330,29
32330,1
32331,9
32331,1
32331,5
32332,2
32332,1
32333,3
32334,9
32335,9
32335,1
32336,3
32336,5
32337,3
32337,5
32338,1
32338,5
32339,9
32339,1
32340,9
32340,83
32340,2
32340,3
32340,17
32341,3
32341,5
32342,40
32342,1
32342,3
32342,5
32342,6
32343,3
32343,5
32344,9
32344,83
32344,3
32344,111
32344,13
32344,6
32345,3
32346,2
32346,9
32346,1
32346,5
32347,29
32347,1
32347,5
32348,3
32348,5
32349,3
32349,5
32350,1
32350,4
32350,74
32350,75
32350,17
32351,2
32351,1
32352,3
32352,1
32352,5
32353,12
32353,3
32353,56
32353,5
32353,74
32353,17
32354,9
32354,1
32355,166
32355,19
32356,166
32356,19
32357,3
32358,3
32358,9
32358,1
32359,3
32359,9
32359,1
32360,3
32360,5
32361,9
32361,5
32362,3
32363,3
32363,1
32363,5
32364,3
32364,161
32365,9
32365,1
32365,5
32366,3
32366,161
32367,9
32368,3
32368,5
32369,3
32369,5
32370,40
32370,5
32371,1
32371,5
32372,47
32372,316
32372,1
32372,83
32372,6
32373,9
32373,5
32374,3
32375,3
32375,161
32376,9
32377,3
32377,161
32378,3
32378,1
32378,5
32379,3
32379,5
32380,3
32380,5
32381,1
32381,5
32382,3
32382,9
32382,5
32383,166
32383,19
32384,3
32384,9
32384,1
32385,3
32386,40
32386,1
32386,3
32386,5
32386,6
32387,29
32387,1
32387,5
32388,9
32388,5
32389,3
32390,3
32390,161
32391,3
32391,5
32392,9
32392,83
32392,2
32392,3
32392,17
32393,166
32393,19
32394,40
32394,9
32394,29
32394,1
32394,2
32394,4
32394,56
32394,13
32394,6
32395,40
32395,9
32395,29
32395,1
32395,17
32395,6
32396,3
32396,5
32397,29
32397,6
32397,17
32397,83
32398,3
32399,29
32399,1
32399,5
32400,1
32400,4
32400,74
32400,75
32400,17
32401,2
32401,1
32402,3
32402,5
32403,3
32403,13
32404,3
32404,1
32404,5
32405,3
32405,5
32406,29
32406,1
32407,3
32407,9
32407,5
32407,13
32408,3
32408,5
32409,1
32409,17
32410,3
32410,13
32411,3
32412,29
32412,9
32412,1
32412,111
32413,1
32413,17
32414,9
32415,3
32415,13
32416,3
32417,9
32417,5
32418,9
32418,5
32419,3
32419,5
32420,9
32421,3
32421,5
32422,9
32423,3
32423,5
32424,56
32424,5
32424,13
32425,1
32425,5
32426,3
32427,9
32427,5
32428,3
32428,161
32429,9
32429,83
32429,3
32429,111
32429,13
32429,6
32430,9
32431,9
32432,3
32432,5
32433,2
32433,1
32434,3
32434,5
32435,3
32435,5
32436,56
32436,5
32436,13
32437,3
32438,3
32439,3
32440,29
32440,1
32440,5
32441,9
32442,9
32442,1
32443,9
32444,2
32444,1
32445,9
32446,3
32446,5
32447,3
32447,5
32448,166
32448,19
32449,11
32449,3
32449,5
32450,3
32451,4
32451,1
32451,6
32452,47
32452,29
32452,4
32452,3
32452,6
32453,19
32454,29
32454,9
32454,1
32455,9
32455,83
32455,3
32455,111
32455,13
32455,6
32456,29
32456,1
32456,5
32457,9
32458,9
32459,3
32459,5
32460,2
32460,1
32461,3
32461,5
32462,3
32462,5
32463,56
32463,5
32463,13
32464,3
32465,9
32466,3
32466,161
32467,40
32467,5
32468,3
32468,5
32469,3
32469,5
32470,2
32470,1
32471,1
32471,5
32472,9
32473,3
32473,5
32474,3
32474,5
32475,40
32475,5
32476,56
32476,5
32476,13
32477,3
32477,5
32478,3
32479,2
32479,1
32480,29
32480,9
32480,1
32481,9
32482,3
32482,161
32483,3
32483,5
32484,3
32484,5
32485,3
32486,2
32486,1
32487,3
32487,161
32488,9
32489,2
32489,1
32490,3
32490,5
32491,3
32491,5
32492,166
32492,19
32493,29
32493,9
32494,3
32495,9
32496,29
32496,1
32496,5
32497,4
32497,1
32497,6
32498,2
32498,1
32499,9
32500,3
32500,5
32501,3
32501,5
32502,2
32502,3
32502,1
32502,5
32503,3
32504,1
32504,5
32505,3
32505,1
32505,5
32506,3
32507,9
32507,5
32508,9
32509,9
32509,1
32510,3
32510,161
32511,3
32511,5
32512,3
32512,5
32513,1
32513,5
32514,9
32514,5
32515,47
32515,316
32515,1
32515,83
32515,6
32516,3
32517,9
32517,1
32518,11
32518,9
32518,2
32518,4
32518,5
32519,9
32520,9
32520,1
32521,3
32521,5
32522,1
32522,5
32523,3
32523,161
32524,3
32524,5
32525,9
32525,1
32526,9
32526,5
32527,3
32528,47
32528,316
32528,1
32528,83
32528,6
32529,2
32529,9
32529,1
32529,5
32530,9
32530,5
32531,3
32531,5
32532,3
32532,5
32533,9
32533,1
32534,29
32534,1
32534,5
32535,1
32535,5
32536,11
32536,3
32536,5
32537,166
32537,19
32538,3
32539,47
32539,1
32539,3
32539,56
32539,5
32540,2
32540,3
32541,9
32541,83
32541,3
32541,111
32541,13
32541,6
32542,3
32542,161
32543,47
32543,1
32543,3
32543,56
32543,5
32544,9
32545,3
32545,5
32546,40
32546,5
32547,3
32547,5
32548,1
32548,5
32549,11
32549,3
32550,3
32551,2
32551,1
32552,40
32552,5
32553,3
32553,5
32554,3
32554,5
32555,1
32555,5
32556,11
32556,3
32557,9
32558,3
32559,2
32559,1
32560,40
32560,5
32561,9
32562,3
32562,5
32563,3
32563,5
32564,3
32565,2
32565,1
32566,11
32566,3
32567,9
32568,40
32568,5
32569,2
32569,1
32570,3
32570,5
32571,1
32571,5
32572,3
32572,5
32573,3
32574,2
32574,1
32575,29
32575,13
32575,6
32576,9
32577,3
32577,5
32578,3
32578,5
32579,40
32579,5
32580,2
32580,1
32581,3
32582,11
32582,3
32583,2
32583,1
32584,9
32585,9
32586,3
32586,5
32587,3
32587,5
32588,1
32588,5
32589,3
32589,1
32589,5
32590,3
32591,11
32591,5
32592,9
32593,9
32593,1
32594,1
32594,5
32595,3
32595,161
32596,3
32596,5
32597,3
32597,5
32598,9
32598,1
32599,3
32600,3
32600,5
32601,2
32601,1
32602,9
32603,40
32603,5
32604,3
32604,5
32605,3
32605,5
32606,3
32607,2
32607,1
32608,2
32608,1
32609,9
32610,166
32610,19
32611,3
32611,5
32612,3
32612,5
32613,3
32614,40
32614,5
32615,2
32615,1
32616,2
32616,1
32617,9
32618,3
32618,5
32619,3
32619,5
32620,3
32621,40
32621,5
32622,2
32622,1
32623,9
32624,3
32624,161
32625,3
32625,5
32626,3
32626,5
32627,40
32627,5
32628,11
32628,3
32629,1
32629,5
32630,3
32631,9
32632,40
32632,5
32633,1
32633,5
32634,3
32634,5
32635,3
32635,5
32636,56
32636,5
32636,13
32637,40
32637,9
32637,29
32637,1
32637,17
32637,6
32638,3
32638,1
32638,5
32639,3
32640,9
32641,3
32641,161
32642,40
32642,5
32643,3
32643,5
32644,3
32644,5
32645,2
32645,1
32646,3
32647,11
32647,3
32648,2
32648,1
32649,40
32649,5
32650,2
32650,1
32651,3
32651,5
32652,9
32653,3
32653,5
32654,3
32655,40
32655,5
32656,9
32657,3
32657,5
32658,3
32658,5
32659,3
32660,11
32660,3
32661,2
32661,1
32662,2
32662,1
32663,3
32663,161
32664,9
32665,2
32665,1
32666,3
32666,5
32667,3
32667,5
32668,11
32668,3
32669,3
32670,2
32670,1
32671,40
32671,5
32672,9
32673,2
32673,1
32674,3
32674,5
32675,3
32675,5
32676,3
32677,3
32678,3
32678,1
32678,5
32679,9
32680,40
32680,5
32681,2
32681,1
32682,3
32682,161
32683,3
32683,5
32684,3
32684,5
32685,11
32685,3
32686,3
32687,2
32687,1
32688,40
32688,5
32689,9
32690,1
32690,5
32691,3
32691,5
32692,3
32692,5
32693,11
32693,3
32694,2
32694,1
32695,3
32696,40
32696,5
32697,1
32697,5
32698,9
32699,3
32699,5
32700,3
32700,5
32701,3
32702,4
32702,1
32702,6
32703,2
32703,1
32704,3
32704,5
32705,40
32705,5
32706,9
32707,1
32707,5
32708,3
32708,5
32709,3
32710,2
32710,1
32711,2
32711,1
32712,40
32712,5
32713,3
32713,5
32714,9
32715,2
32715,1
32716,4
32716,1
32716,6
32717,3
32717,5
32718,11
32718,3
32718,5
32719,3
32720,2
32720,1
32721,9
32721,1
32722,9
32723,3
32723,5
32724,1
32724,5
32725,3
32725,5
32726,3
32727,9
32727,1
32728,11
32728,9
32728,2
32728,4
32728,5
32729,3
32730,2
32730,1
32731,40
32731,5
32732,9
32733,3
32733,5
32734,3
32734,5
32735,1
32735,5
32736,9
32736,83
32736,3
32736,111
32736,13
32736,6
32737,56
32737,5
32737,13
32738,3
32739,9
32740,3
32740,1
32740,5
32741,3
32741,161
32742,9
32742,1
32743,3
32743,5
32744,3
32744,5
32745,1
32745,5
32746,3
32747,2
32747,1
32748,11
32748,5
32749,40
32749,5
32750,2
32750,1
32751,9
32752,3
32752,5
32753,3
32753,5
32754,4
32754,1
32754,6
32755,3
32755,1
32755,5
32756,3
32757,9
32758,3
32758,161
32759,3
32759,5
32760,3
32760,5
32761,1
32761,5
32762,2
32762,3
32762,5
32763,29
32763,1
32764,3
32765,3
32765,13
32766,166
32766,19
32767,3
32767,5
32768,29
32768,1
32768,5
32769,9
32769,5
32770,40
32770,1
32770,3
32770,5
32770,6
32771,3
32771,5
32772,3
32772,13
32773,3
32773,161
32774,3
32775,3
32776,1
32776,4
32776,2
32776,56
32776,5
32776,17
32776,6
32777,3
32777,5
32778,3
32778,5
32779,40
32779,5
32780,9
32780,1
32781,9
32782,9
32783,29
32783,1
32783,5
32784,3
32784,5
32785,1
32785,5
32786,3
32786,5
32787,1
32788,9
32788,5
32789,3
32790,9
32791,9
32791,1
32792,29
32792,1
32792,5
32793,3
32793,5
32794,3
32794,5
32795,9
32795,1
32796,1
32796,5
32797,9
32797,83
32797,2
32797,3
32797,17
32798,9
32798,5
32799,29
32799,5
32800,3
32800,5
32801,1
32801,5
32802,3
32803,3
32803,1
32804,9
32804,5
32805,1
32806,3
32806,9
32806,5
32807,9
32808,29
32808,1
32808,5
32809,4
32809,9
32809,1
32809,5
32810,9
32810,1
32810,5
32811,3
32812,2
32812,1
32813,1
32813,5
32814,4
32814,9
32814,1
32814,5
32815,3
32815,1
32815,5
32816,1
32816,5
32817,3
32817,5
32818,9
32819,5
32819,17
32819,13
32820,4
32820,9
32820,1
32820,5
32821,9
32821,1
32822,3
32823,3
32823,5
32824,1
32824,5
32825,9
32826,9
32826,5
32827,2
32827,1
32828,4
32828,9
32828,1
32828,5
32829,2
32829,1
32830,1
32830,5
32831,4
32831,11
32831,1
32832,1
32832,5
32833,3
32833,9
32833,5
32834,3
32834,9
32834,5
32835,9
32835,1
32835,5
32835,13
32836,9
32836,1
32836,5
32836,13
32837,9
32837,5
32838,3
32839,9
32839,1
32840,3
32840,1
32840,5
32841,1
32841,5
32842,3
32842,5
32843,2
32843,3
32843,9
32844,29
32844,1
32844,5
32845,9
32845,1
32845,5
32845,13
32846,3
32846,5
32847,2
32847,3
32847,9
32848,9
32848,83
32848,3
32848,111
32848,13
32848,6
32849,3
32849,13
32850,4
32850,9
32850,1
32850,5
32851,3
32851,5
32852,4
32852,9
32852,1
32852,5
32853,29
32853,9
32853,1
32854,2
32854,3
32854,1
32854,5
32855,9
32855,5
32856,3
32856,13
32857,9
32857,1
32858,3
32858,5
32859,9
32859,1
32860,9
32860,83
32860,3
32860,111
32860,13
32860,6
32861,3
32861,5
32862,3
32862,13
32863,9
32863,5
32864,3
32865,29
32865,5
32866,3
32867,29
32867,5
32868,3
32869,3
32869,1
32870,9
32870,5
32871,9
32871,1
32872,2
32872,3
32872,1
32872,5
32873,1
32873,5
32874,40
32874,9
32874,29
32874,1
32874,2
32874,4
32874,56
32874,13
32874,6
32875,3
32875,9
32875,5
32876,3
32877,9
32877,5
32878,29
32878,1
32878,5
32879,4
32879,3
32879,1
32879,5
32880,29
32880,9
32880,1
32881,4
32881,11
32881,1
32882,3
32882,5
32883,3
32883,5
32884,9
32884,83
32884,2
32884,3
32884,17
32885,3
32886,3
32886,5
32887,9
32887,1
32887,4
32887,56
32887,6
32888,3
32888,161
32889,47
32889,29
32889,4
32889,3
32889,6
32890,3
32891,3
32891,13
32892,3
32892,13
32893,2
32893,1
32894,2
32894,3
32894,5
32895,1
32895,5
32896,3
32896,5
32897,1
32897,5
32898,3
32898,5
32899,29
32899,6
32899,17
32899,83
32900,9
32900,1
32901,3
32901,13
32902,9
32902,83
32902,3
32902,111
32902,13
32902,6
32903,3
32903,1
32903,5
32904,3
32905,3
32905,5
32905,6
32906,2
32906,1
32907,29
32907,1
32908,29
32908,1
32908,5
32908,13
32908,17
32909,9
32909,83
32909,2
32909,3
32909,17
32910,29
32910,1
32911,29
32911,1
32912,3
32913,4
32913,9
32913,1
32913,5
32914,4
32914,9
32914,1
32914,5
32915,4
32915,9
32915,1
32915,5
32916,4
32916,9
32916,1
32916,5
32917,47
32917,1
32917,3
32917,56
32917,5
32918,9
32918,83
32918,3
32918,111
32918,13
32918,6
32919,9
32919,5
32920,29
32920,1
32920,5
32921,47
32921,1
32921,3
32921,56
32921,5
32922,29
32922,9
32922,1
32923,3
32923,5
32924,3
32924,5
32925,9
32925,1
32925,5
32926,29
32926,6
32926,17
32926,83
32927,9
32927,1
32927,83
32927,5
32927,13
32927,17
32928,9
32928,1
32928,5
32929,13
32930,3
32930,1
32930,5
32931,3
32931,5
32932,317
32932,2
32932,5
32932,4
32933,40
32933,1
32933,5
32934,1
32934,5
32935,1
32935,5
32936,40
32936,9
32936,29
32936,1
32936,17
32936,6
32937,29
32937,9
32937,1
32938,1
32938,5
32939,9
32939,1
32939,5
32940,3
32940,5
32941,40
32941,9
32941,29
32941,1
32941,17
32941,6
32942,40
32942,9
32942,29
32942,1
32942,17
32942,6
32943,9
32943,1
32943,83
32943,5
32943,13
32943,17
32944,3
32945,13
32946,4
32946,9
32946,1
32946,5
32947,3
32947,5
32948,29
32948,9
32948,1
32949,9
32949,1
32949,5
32950,9
32950,5
32951,40
32951,1
32951,5
32952,2
32952,1
32953,29
32953,6
32953,17
32953,83
32954,9
32954,1
32954,83
32954,5
32954,13
32954,17
32955,13
32956,40
32956,1
32956,5
32957,2
32957,29
32958,29
32958,9
32958,1
32959,4
32959,9
32959,1
32959,5
32960,2
32960,3
32960,9
32960,5
32961,3
32962,2
32962,1
32963,1
32963,5
32964,3
32964,1
32964,5
32965,1
32965,5
32966,4
32966,9
32966,1
32966,5
32967,29
32967,13
32967,6
32968,9
32968,1
32969,9
32969,1
32969,5
32970,9
32970,1
32971,9
32971,1
32971,5
32972,2
32972,1
32973,3
32973,5
32974,40
32974,9
32974,29
32974,1
32974,2
32974,4
32974,56
32974,13
32974,6
32975,29
32975,1
32976,11
32976,3
32976,5
32977,9
32977,5
32977,13
32978,9
32978,1
32979,3
32979,5
32980,2
32980,1
32981,1
32981,5
32982,3
32983,3
32983,1
32983,5
32984,3
32985,40
32985,9
32985,29
32985,1
32985,2
32985,4
32985,56
32985,13
32985,6
32986,2
32986,3
32986,9
32987,13
32987,6
32988,13
32988,6
32989,2
32989,3
32989,9
32990,3
32990,5
32991,9
32991,5
32992,3
32993,2
32993,1
32994,3
32994,5
32995,2
32995,3
32995,9
32996,3
32997,3
32997,13
32998,3
32998,5
32999,29
32999,1
32999,5
33000,1
33000,5
33001,1
33001,5
33002,1
33002,5
33003,9
33004,2
33004,1
33005,1
33005,4
33005,74
33005,75
33005,17
33006,3
33006,5
33007,3
33007,5
33008,1
33008,5
33009,3
33010,3
33010,1
33010,5
33011,3
33012,4
33012,1
33012,5
33013,9
33013,83
33013,2
33013,3
33013,17
33014,9
33014,5
33015,1
33015,17
33016,4
33016,1
33016,6
33017,3
33017,1
33017,5
33018,40
33018,9
33018,29
33018,1
33018,17
33018,6
33019,9
33020,9
33020,5
33021,29
33021,9
33021,1
33022,9
33022,5
33023,40
33023,9
33023,29
33023,1
33023,17
33023,6
33024,3
33025,40
33025,9
33025,29
33025,1
33025,2
33025,4
33025,56
33025,13
33025,6
33026,3
33026,13
33027,4
33027,1
33027,5
33028,3
33029,3
33029,5
33030,29
33030,9
33030,1
33031,3
33031,5
33032,4
33032,9
33032,1
33032,5
33033,3
33033,5
33034,9
33034,5
33035,11
33035,3
33036,1
33036,5
33037,29
33037,17
33038,11
33038,3
33039,19
33040,1
33041,3
33041,5
33042,1
33043,3
33043,5
33044,1
33044,5
33045,3
33045,5
33046,3
33047,3
33048,40
33048,9
33048,29
33048,1
33048,2
33048,4
33048,56
33048,13
33048,6
33049,3
33049,161
33050,9
33051,9
33052,3
33052,5
33053,9
33054,2
33054,1
33055,3
33055,13
33055,6
33056,3
33056,5
33057,1
33057,5
33058,47
33058,29
33058,4
33058,3
33058,6
33059,3
33060,5
33060,13
33061,9
33061,1
33062,9
33062,1
33063,3
33063,5
33063,13
33064,3
33064,11
33065,11
33065,3
33065,5
33066,3
33066,11
33067,3
33067,11
33068,3
33069,4
33069,9
33069,1
33069,5
33070,29
33070,1
33070,5
33071,29
33071,5
33072,4
33072,9
33072,1
33072,5
33073,4
33073,9
33073,1
33073,5
33074,1
33074,4
33074,74
33074,75
33074,17
33075,29
33075,1
33075,5
33076,29
33076,6
33076,17
33076,83
33077,40
33077,1
33077,5
33078,40
33078,1
33078,5
33079,9
33079,1
33079,5
33080,9
33080,1
33080,5
33081,1
33081,5
33082,40
33082,1
33082,5
33083,9
33083,5
33084,9
33084,5
33085,29
33085,9
33085,1
33085,111
33086,29
33086,9
33086,1
33087,4
33087,40
33087,1
33087,75
33088,3
33088,9
33088,5
33089,3
33089,161
33090,3
33090,13
33091,3
33092,3
33092,13
33093,29
33093,9
33093,1
33094,3
33094,5
33095,4
33095,9
33095,1
33095,5
33096,3
33097,9
33097,5
33098,9
33098,5
33099,3
33100,9
33100,5
33101,9
33101,5
33102,9
33102,5
33103,9
33103,5
33104,9
33104,5
33105,9
33105,5
33106,9
33106,5
33107,9
33107,5
33108,9
33108,5
33109,9
33109,5
33110,9
33110,5
33111,9
33111,5
33112,9
33112,5
33113,9
33113,5
33114,9
33114,5
33115,9
33115,5
33116,9
33116,5
33117,29
33117,1
33118,9
33118,5
33119,29
33119,1
33120,29
33120,1
33121,9
33121,1
33122,9
33122,1
33123,9
33123,1
33124,9
33124,1
33125,9
33125,1
33126,9
33126,1
33127,3
33127,5
33128,9
33128,1
33129,9
33129,1
33130,40
33130,1
33130,5
33131,9
33131,1
33132,9
33132,1
33133,9
33133,1
33134,9
33134,1
33135,9
33135,1
33136,9
33136,1
33137,9
33137,1
33138,9
33138,1
33139,3
33139,9
33139,1
33140,4
33140,9
33140,1
33140,5
33141,3
33141,1
33142,29
33142,1
33142,5
33143,29
33143,1
33143,5
33144,29
33144,1
33144,5
33145,3
33145,5
33146,9
33146,5
33147,3
33147,5
33148,3
33148,5
33149,9
33149,5
33150,9
33150,5
33151,9
33151,5
33152,9
33152,5
33153,3
33153,5
33154,3
33154,5
33155,3
33155,5
33156,3
33156,5
33157,9
33157,1
33158,3
33158,5
33159,4
33159,1
33159,6
33160,3
33160,9
33160,5
33160,13
33161,3
33162,3
33163,3
33164,3
33165,3
33166,3
33167,3
33168,3
33169,3
33170,3
33171,3
33172,3
33173,4
33173,9
33173,1
33173,5
33174,4
33174,9
33174,1
33174,5
33175,3
33176,4
33176,9
33176,1
33176,5
33177,4
33177,9
33177,1
33177,5
33178,4
33178,9
33178,1
33178,5
33179,4
33179,9
33179,1
33179,5
33180,3
33180,161
33181,1
33181,4
33181,74
33181,75
33181,17
33182,9
33182,1
33183,3
33183,5
33184,1
33184,4
33184,74
33184,75
33184,17
33185,3
33186,3
33186,9
33186,1
33187,9
33187,1
33188,3
33188,5
33189,9
33189,1
33189,4
33189,56
33189,6
33190,3
33190,5
33191,3
33191,5
33192,3
33192,161
33193,2
33193,29
33194,3
33194,5
33195,9
33195,5
33196,19
33197,12
33197,3
33197,56
33197,5
33197,74
33197,17
33198,9
33198,1
33199,3
33200,9
33200,5
33201,29
33201,9
33201,1
33202,1
33202,2
33202,3
33202,4
33202,5
33202,6
33203,3
33203,13
33204,3
33205,13
33205,6
33206,29
33206,9
33206,1
33206,5
33207,1
33208,29
33208,9
33208,1
33208,5
33209,29
33209,9
33209,1
33209,6
33210,4
33210,1
33210,5
33211,3
33211,5
33212,3
33212,5
33213,40
33213,1
33213,3
33213,5
33213,6
33214,3
33214,5
33215,3
33215,161
33216,9
33217,1
33217,4
33217,2
33217,56
33217,5
33217,17
33217,6
33218,2
33218,29
33219,9
33219,1
33220,3
33221,3
33222,3
33222,5
33223,29
33223,1
33223,5
33224,29
33224,9
33224,1
33225,29
33225,9
33225,1
33226,29
33226,9
33226,1
33227,3
33227,5
33228,29
33228,9
33228,1
33229,3
33229,5
33230,9
33230,5
33231,3
33231,13
33232,29
33232,9
33232,1
33233,3
33234,3
33234,5
33235,3
33235,5
33236,29
33236,1
33236,5
33237,2
33237,29
33238,13
33238,6
33239,3
33240,3
33240,13
33241,3
33241,1
33241,5
33242,9
33242,5
33243,9
33243,5
33244,3
33244,13
33245,3
33245,1
33246,9
33246,5
33247,29
33247,1
33247,5
33248,2
33248,29
33249,9
33249,5
33250,3
33251,3
33251,5
33252,9
33252,83
33252,3
33252,111
33252,13
33252,6
33253,40
33253,9
33253,29
33253,1
33253,2
33253,4
33253,56
33253,13
33253,6
33254,9
33254,1
33254,5
33255,56
33255,5
33255,13
33256,40
33256,5
33257,9
33258,9
33258,1
33258,5
33259,2
33259,3
33259,1
33259,5
33260,11
33260,3
33260,5
33261,9
33262,3
33263,3
33263,5
33264,9
33264,5
33265,9
33265,83
33265,3
33265,111
33265,13
33265,6
33266,47
33266,1
33266,3
33266,56
33266,5
33267,47
33267,1
33267,3
33267,56
33267,5
33268,47
33268,1
33268,3
33268,56
33268,5
33269,2
33269,1
33270,9
33270,1
33271,9
33271,5
33272,3
33273,3
33273,5
33274,11
33274,3
33275,9
33275,5
33276,3
33276,161
33277,2
33277,1
33278,9
33278,1
33278,5
33279,3
33279,5
33280,2
33280,29
33281,3
33282,4
33282,1
33282,6
33283,3
33283,9
33283,5
33284,3
33284,5
33285,29
33285,9
33286,9
33286,5
33287,3
33287,5
33288,3
33289,3
33290,9
33290,1
33291,9
33291,1
33292,9
33292,83
33292,2
33292,3
33292,17
33293,9
33293,5
33294,4
33294,1
33294,6
33295,9
33295,5
33296,3
33296,5
33297,9
33298,9
33298,5
33299,3
33299,1
33299,5
33300,9
33300,1
33301,3
33301,161
33302,9
33303,3
33304,3
33304,5
33305,29
33305,1
33305,5
33306,3
33306,5
33307,3
33308,1
33308,5
33309,3
33309,5
33310,3
33310,13
33311,4
33311,1
33311,6
33312,3
33313,29
33313,9
33313,1
33313,13
33314,3
33314,13
33315,1
33315,5
33316,3
33316,5
33317,1
33317,5
33318,3
33318,161
33319,3
33320,2
33320,1
33321,2
33321,1
33322,2
33322,1
33323,3
33323,161
33324,11
33324,3
33324,5
33325,3
33325,9
33325,1
33325,5
33326,9
33326,5
33327,3
33327,161
33328,3
33328,161
33329,3
33329,161
33330,3
33331,4
33331,9
33331,1
33331,5
33332,2
33332,1
33333,3
33333,13
33334,3
33334,5
33335,1
33335,4
33335,74
33335,75
33335,17
33336,1
33336,5
33337,3
33337,5
33338,9
33338,1
33338,5
33339,9
33339,1
33339,5
33340,29
33340,1
33341,3
33342,9
33342,5
33343,4
33343,11
33343,1
33344,1
33344,4
33344,74
33344,75
33344,17
33345,1
33345,5
33346,3
33346,161
33347,3
33348,3
33348,13
33349,9
33349,1
33349,5
33350,9
33350,1
33350,5
33351,29
33351,1
33352,9
33352,5
33353,3
33354,3
33354,5
33355,1
33355,5
33356,4
33356,11
33356,1
33357,29
33357,1
33357,5
33358,1
33358,4
33358,74
33358,75
33358,17
33359,9
33359,83
33359,3
33359,111
33359,13
33359,6
33360,9
33360,83
33360,3
33360,111
33360,13
33360,6
33361,11
33361,5
33362,29
33362,9
33362,1
33363,3
33363,5
33364,9
33364,5
33365,3
33365,13
33366,9
33366,5
33367,3
33368,3
33369,1
33369,5
33370,29
33370,1
33370,5
33371,1
33371,4
33371,74
33371,75
33371,17
33372,29
33372,1
33373,9
33373,83
33373,3
33373,111
33373,13
33373,6
33374,9
33374,83
33374,3
33374,111
33374,13
33374,6
33375,3
33376,9
33376,5
33377,29
33377,1
33377,5
33378,1
33378,5
33379,9
33380,1
33380,5
33381,3
33381,5
33382,3
33382,5
33383,9
33383,5
33384,1
33384,4
33384,2
33384,56
33384,5
33384,17
33384,6
33385,3
33385,13
33386,9
33386,5
33387,3
33387,13
33388,3
33389,3
33389,13
33390,9
33390,5
33391,3
33391,161
33392,9
33393,3
33394,3
33394,5
33395,3
33395,5
33396,1
33396,5
33397,3
33398,29
33398,1
33399,11
33399,5
33400,3
33400,5
33401,3
33401,5
33402,40
33402,9
33402,29
33402,1
33402,2
33402,4
33402,56
33402,13
33402,6
33403,9
33403,5
33404,3
33405,3
33405,5
33406,4
33406,11
33406,1
33407,9
33408,29
33408,1
33408,5
33409,9
33409,1
33410,9
33410,1
33410,5
33411,4
33411,11
33411,1
33412,1
33412,5
33412,13
33413,3
33414,9
33414,5
33415,3
33416,1
33416,5
33417,2
33417,1
33418,29
33418,1
33418,5
33419,9
33420,9
33421,1
33421,5
33422,3
33422,5
33423,3
33423,5
33424,3
33424,5
33425,3
33426,3
33426,161
33427,9
33428,3
33428,5
33429,40
33429,1
33429,5
33430,9
33431,9
33432,2
33432,29
33433,5
33433,1
33433,17
33433,13
33434,5
33434,1
33434,17
33434,13
33435,5
33435,1
33435,17
33435,13
33436,1
33436,5
33437,9
33437,1
33437,13
33437,83
33438,2
33438,29
33439,3
33440,2
33440,1
33441,3
33441,9
33441,5
33441,13
33442,1
33442,5
33443,1
33443,5
33444,3
33444,5
33445,2
33445,1
33446,1
33446,5
33447,1
33447,5
33448,3
33448,9
33448,5
33448,13
33449,3
33449,5
33450,2
33450,1
33451,3
33451,9
33451,5
33451,13
33452,1
33452,5
33453,1
33453,5
33454,3
33454,5
33455,1
33455,5
33456,1
33456,5
33457,5
33457,17
33457,13
33458,3
33458,9
33458,5
33458,13
33459,3
33459,9
33459,5
33459,13
33460,5
33460,17
33460,13
33461,1
33461,5
33462,2
33462,1
33463,1
33463,5
33464,3
33464,5
33465,1
33465,5
33466,1
33466,5
33467,3
33467,9
33467,5
33467,13
33468,5
33468,17
33468,13
33469,5
33469,17
33469,13
33470,3
33470,9
33470,5
33470,13
33471,3
33471,9
33471,5
33471,13
33472,5
33472,17
33472,13
33473,2
33473,1
33474,3
33474,5
33475,3
33476,2
33476,1
33477,3
33478,3
33478,1
33478,5
33479,3
33479,5
33480,4
33480,40
33480,1
33480,75
33481,3
33482,1
33483,1
33483,5
33484,2
33484,3
33485,9
33485,5
33486,3
33486,161
33487,3
33487,161
33487,5
33487,83
33488,3
33489,3
33490,3
33491,3
33492,3
33493,3
33493,5
33494,3
33495,2
33495,1
33496,3
33496,1
33496,5
33497,1
33497,5
33498,9
33498,1
33498,5
33499,3
33499,5
33500,2
33500,1
33501,1
33501,5
33502,3
33502,5
33503,29
33503,1
33504,29
33504,1
33505,9
33505,1
33505,4
33505,56
33505,6
33506,3
33507,3
33507,1
33507,5
33508,3
33508,5
33509,1
33509,5
33510,29
33510,9
33510,1
33511,9
33512,1
33512,2
33512,3
33512,4
33512,5
33512,6
33513,3
33513,9
33513,1
33513,5
33514,3
33515,3
33515,1
33515,5
33516,3
33516,9
33516,5
33517,3
33518,40
33518,9
33518,316
33518,47
33518,29
33518,1
33518,83
33518,317
33518,56
33518,5
33518,74
33518,13
33518,17
33518,318
33518,6
33519,2
33519,1
33520,3
33520,1
33520,5
33521,3
33522,29
33522,1
33522,5
33523,1
33523,4
33523,74
33523,75
33523,17
33524,9
33525,2
33525,1
33526,3
33526,5
33527,1
33527,5
33528,3
33528,161
33529,3
33529,5
33530,3
33530,5
33531,3
33531,5
33532,9
33532,83
33532,2
33532,3
33532,17
33533,3
33533,161
33534,3
33535,3
33535,161
33536,3
33536,5
33537,29
33537,1
33537,5
33538,13
33539,4
33539,1
33539,6
33540,9
33540,1
33540,5
33541,29
33541,9
33541,1
33542,3
33542,5
33543,9
33543,1
33543,83
33543,5
33543,13
33543,17
33544,29
33544,6
33544,17
33544,83
33545,9
33546,40
33546,1
33546,5
33547,3
33548,3
33548,5
33549,3
33549,161
33550,3
33550,5
33551,29
33551,9
33551,1
33552,11
33552,3
33552,5
33553,3
33554,2
33554,1
33555,29
33555,1
33555,5
33556,9
33556,1
33556,5
33557,1
33557,5
33558,4
33558,9
33558,1
33558,5
33559,3
33560,3
33561,9
33561,83
33561,2
33561,3
33561,17
33562,9
33562,1
33562,5
33563,4
33563,9
33563,1
33563,5
33564,1
33564,5
33565,3
33565,161
33566,9
33566,83
33566,2
33566,3
33566,17
33567,3
33568,3
33569,3
33569,161
33570,29
33570,9
33570,1
33570,13
33571,4
33571,1
33571,6
33572,3
33572,5
33572,13
33573,3
33573,1
33573,5
33574,29
33574,9
33575,3
33576,2
33576,1
33577,9
33577,1
33578,1
33578,5
33579,3
33579,5
33580,2
33580,1
33581,1
33581,5
33582,3
33582,5
33583,9
33583,1
33583,5
33584,2
33584,3
33585,3
33586,1
33586,5
33587,3
33587,1
33587,5
33588,9
33588,1
33588,13
33588,83
33589,3
33589,161
33590,2
33590,29
33591,5
33591,17
33591,13
33592,5
33592,17
33592,13
33593,2
33593,1
33594,9
33594,1
33594,13
33594,83
33595,1
33595,5
33596,1
33596,5
33597,3
33597,9
33597,5
33597,13
33598,2
33598,29
33599,3
33599,161
33600,3
33601,3
33601,9
33601,5
33601,13
33602,2
33602,1
33603,9
33603,1
33603,5
33604,9
33605,9
33606,2
33606,29
33607,3
33607,161
33608,3
33608,161
33609,2
33609,1
33610,9
33611,9
33612,9
33613,9
33613,1
33613,5
33614,2
33614,29
33615,3
33615,161
33616,3
33617,5
33617,17
33617,13
33618,5
33618,17
33618,13
33619,9
33619,1
33620,9
33621,2
33621,1
33622,9
33622,1
33622,13
33622,83
33623,1
33623,5
33624,4
33624,1
33624,6
33625,3
33626,3
33627,3
33628,4
33628,1
33628,6
33629,3
33630,3
33630,9
33630,5
33630,13
33631,3
33631,161
33632,3
33633,4
33633,1
33633,6
33634,3
33634,9
33634,5
33634,13
33635,3
33636,3
33636,9
33636,5
33636,13
33637,3
33637,161
33638,2
33638,1
33639,2
33639,29
33640,1
33640,5
33641,9
33641,1
33641,13
33641,83
33642,2
33642,29
33643,4
33643,1
33643,6
33644,3
33645,4
33645,1
33645,6
33646,3
33647,3
33647,161
33648,3
33648,9
33648,5
33648,13
33649,4
33649,1
33649,6
33650,3
33651,3
33651,9
33651,5
33651,13
33652,3
33652,161
33653,3
33654,3
33655,2
33655,1
33656,9
33656,1
33656,13
33656,83
33657,1
33657,5
33658,2
33658,29
33659,4
33659,1
33659,6
33660,3
33661,4
33661,1
33661,6
33662,3
33663,3
33664,3
33665,3
33665,161
33666,3
33666,9
33666,5
33666,13
33667,3
33668,3
33668,9
33668,5
33668,13
33669,3
33669,161
33670,3
33670,9
33670,5
33670,13
33671,4
33671,1
33671,6
33672,3
33673,4
33673,1
33673,6
33674,3
33675,3
33676,3
33677,3
33678,4
33678,1
33678,6
33679,3
33679,161
33680,3
33680,9
33680,5
33680,13
33681,3
33681,9
33681,5
33681,13
33682,3
33683,3
33683,161
33684,3
33684,9
33684,5
33684,13
33685,4
33685,1
33685,6
33686,3
33686,161
33687,3
33688,4
33688,1
33688,6
33689,3
33689,161
33690,3
33690,9
33690,5
33690,13
33691,3
33691,161
33692,2
33692,1
33693,1
33693,5
33694,9
33694,1
33694,13
33694,83
33695,2
33695,29
33696,5
33696,17
33696,13
33697,5
33697,17
33697,13
33698,5
33698,17
33698,13
33699,2
33699,1
33700,3
33700,9
33700,5
33700,13
33701,9
33701,1
33701,13
33701,83
33702,1
33702,5
33703,3
33704,2
33704,29
33705,4
33705,1
33705,6
33706,3
33707,3
33708,3
33708,161
33709,3
33709,9
33709,5
33709,13
33710,3
33711,3
33711,9
33711,5
33711,13
33712,4
33712,1
33712,6
33713,3
33713,161
33714,4
33714,1
33714,6
33715,3
33716,2
33716,1
33717,1
33717,5
33718,9
33718,1
33718,13
33718,83
33719,4
33719,1
33719,6
33720,3
33721,3
33722,4
33722,1
33722,6
33723,4
33723,1
33723,6
33724,3
33725,3
33725,161
33726,3
33726,9
33726,5
33726,13
33727,3
33727,9
33727,5
33727,13
33728,3
33728,161
33729,3
33729,9
33729,5
33729,13
33730,3
33730,161
33731,3
33731,9
33731,5
33731,13
33732,3
33732,161
33733,3
33733,9
33733,5
33733,13
33734,3
33735,3
33735,9
33735,5
33735,13
33736,3
33736,161
33737,4
33737,1
33737,6
33738,3
33739,3
33740,3
33741,2
33741,1
33742,9
33742,1
33742,13
33742,83
33743,1
33743,5
33744,3
33744,9
33744,5
33744,13
33745,2
33745,29
33746,5
33746,17
33746,13
33747,3
33747,9
33747,5
33747,13
33748,5
33748,17
33748,13
33749,5
33749,17
33749,13
33750,3
33750,9
33750,5
33750,13
33751,3
33751,9
33751,5
33751,13
33752,5
33752,17
33752,13
33753,2
33753,1
33754,9
33755,9
33756,9
33756,1
33756,5
33757,2
33757,29
33758,3
33759,4
33759,1
33759,6
33760,3
33761,4
33761,1
33761,6
33762,4
33762,1
33762,6
33763,3
33764,4
33764,1
33764,6
33765,3
33766,3
33766,161
33767,3
33767,9
33767,5
33767,13
33768,4
33768,1
33768,6
33769,3
33770,2
33770,29
33771,4
33771,1
33771,6
33772,3
33773,3
33773,161
33774,3
33774,9
33774,5
33774,13
33775,4
33775,1
33775,6
33776,3
33777,9
33777,1
33777,13
33777,83
33778,5
33778,1
33778,17
33778,13
33779,1
33779,5
33780,5
33780,17
33780,13
33781,5
33781,17
33781,13
33782,2
33782,29
33783,5
33783,17
33783,13
33784,2
33784,1
33785,9
33785,1
33785,13
33785,83
33786,1
33786,5
33787,5
33787,17
33787,13
33788,3
33788,9
33788,5
33788,13
33789,2
33789,29
33790,3
33790,9
33790,5
33790,13
33791,5
33791,17
33791,13
33792,5
33792,17
33792,13
33793,3
33793,9
33793,5
33793,13
33794,5
33794,17
33794,13
33795,3
33795,9
33795,5
33795,13
33796,2
33796,1
33797,2
33797,3
33797,9
33797,5
33798,9
33798,1
33798,5
33799,1
33799,5
33800,2
33800,3
33800,9
33800,5
33801,5
33801,1
33801,17
33801,13
33802,3
33802,161
33803,3
33804,5
33804,1
33804,17
33804,13
33805,3
33805,161
33806,3
33806,161
33807,3
33807,161
33808,3
33808,161
33809,3
33810,3
33811,3
33811,161
33812,3
33812,161
33813,3
33813,161
33814,2
33814,1
33815,1
33815,5
33816,1
33816,5
33817,3
33817,5
33818,5
33818,17
33818,13
33819,5
33819,17
33819,13
33820,3
33820,161
33821,3
33821,161
33822,1
33822,5
33823,2
33823,1
33824,1
33824,5
33825,9
33825,1
33825,13
33825,83
33826,5
33826,17
33826,13
33827,2
33827,29
33828,3
33828,161
33829,5
33829,17
33829,13
33830,3
33830,161
33831,3
33831,161
33832,3
33832,161
33833,3
33833,161
33834,3
33834,161
33835,2
33835,1
33836,9
33836,1
33836,13
33836,83
33837,1
33837,5
33838,5
33838,17
33838,13
33839,5
33839,17
33839,13
33840,2
33840,29
33841,3
33841,161
33842,3
33842,161
33843,3
33843,161
33844,2
33844,1
33845,1
33845,5
33846,9
33846,1
33846,13
33846,83
33847,2
33847,29
33848,5
33848,17
33848,13
33849,5
33849,17
33849,13
33850,3
33850,161
33851,3
33851,161
33852,3
33852,161
33853,3
33853,161
33854,3
33854,161
33855,3
33855,161
33856,2
33856,1
33857,3
33858,9
33858,5
33859,9
33859,83
33859,2
33859,3
33859,17
33860,3
33860,161
33861,9
33861,5
33862,3
33862,5
33863,1
33863,5
33864,3
33864,5
33865,3
33866,9
33866,5
33867,29
33867,1
33867,5
33868,3
33869,3
33869,161
33870,3
33870,5
33871,1
33871,5
33872,29
33872,1
33872,5
33873,3
33874,3
33875,9
33875,1
33876,3
33876,161
33877,3
33877,19
33878,3
33878,9
33878,1
33879,9
33879,1
33880,9
33881,9
33881,5
33882,9
33882,1
33883,2
33883,1
33884,3
33885,3
33885,5
33886,3
33886,11
33886,1
33886,5
33887,3
33887,161
33888,1
33888,5
33889,2
33889,11
33889,5
33889,13
33890,3
33890,5
33891,3
33891,5
33892,3
33892,5
33893,11
33893,3
33893,5
33894,1
33894,17
33895,9
33895,316
33895,1
33895,4
33895,3
33895,5
33895,17
33895,6
33896,3
33897,5
33897,9
33897,1
33898,2
33898,1
33899,9
33899,1
33900,3
33900,5
33901,29
33901,9
33901,1
33902,29
33902,1
33902,5
33903,2
33903,1
33904,1
33904,5
33905,3
33906,3
33906,1
33906,5
33907,3
33908,1
33908,5
33909,1
33909,5
33910,1
33910,5
33911,29
33911,1
33912,1
33912,5
33913,29
33913,1
33913,5
33914,29
33914,1
33915,9
33915,83
33915,3
33915,111
33915,13
33915,6
33916,3
33916,9
33916,5
33916,13
33917,3
33917,9
33917,5
33918,9
33918,5
33919,4
33919,9
33919,1
33919,5
33920,47
33920,29
33920,4
33920,3
33920,6
33921,9
33921,5
33922,9
33922,5
33923,29
33923,9
33923,1
33923,13
33924,4
33924,9
33924,1
33924,5
33925,3
33925,1
33926,9
33926,1
33927,2
33927,3
33927,9
33927,5
33928,2
33928,3
33928,9
33928,5
33929,5
33929,17
33929,13
33930,2
33930,3
33930,9
33930,5
33931,2
33931,3
33931,9
33931,5
33932,5
33932,17
33932,13
33933,9
33933,1
33934,1
33934,5
33935,9
33935,1
33936,9
33936,5
33937,9
33938,4
33938,1
33938,6
33939,29
33939,9
33939,1
33939,13
33940,9
33940,5
33941,1
33941,2
33941,3
33941,4
33941,5
33941,6
33942,1
33942,2
33942,3
33942,4
33942,5
33942,6
33943,29
33943,1
33944,29
33944,1
33945,4
33945,1
33945,6
33946,29
33946,1
33947,1
33947,17
33948,29
33948,1
33949,1
33949,17
33950,4
33950,1
33950,6
33951,1
33951,17
33952,3
33952,9
33952,5
33953,29
33953,1
33954,3
33954,5
33955,40
33955,9
33955,316
33955,47
33955,29
33955,1
33955,83
33955,317
33955,56
33955,5
33955,74
33955,13
33955,17
33955,318
33955,6
33956,3
33956,5
33957,29
33957,1
33958,3
33958,9
33958,1
33959,3
33959,9
33959,5
33960,9
33960,5
33961,3
33961,5
33962,9
33962,5
33963,29
33963,9
33964,3
33964,9
33964,5
33965,3
33965,9
33965,5
33966,9
33966,1
33967,9
33967,1
33968,4
33968,1
33968,6
33969,9
33969,5
33970,3
33970,5
33971,3
33971,5
33972,29
33972,9
33972,1
33973,4
33973,1
33973,6
33974,1
33974,4
33974,74
33974,75
33974,17
33975,9
33975,5
33976,1
33976,5
33977,3
33977,161
33978,9
33978,1
33978,5
33979,9
33979,1
33979,5
33980,3
33981,3
33982,9
33982,1
33982,5
33983,9
33983,5
33984,1
33984,5
33985,11
33985,5
33986,29
33986,9
33986,1
33986,13
33987,3
33988,2
33988,1
33989,4
33989,40
33989,1
33989,75
33990,2
33990,3
33991,19
33992,9
33992,5
33993,2
33993,3
33994,2
33994,3
33995,11
33995,3
33995,5
33996,3
33996,11
33996,1
33996,5
33997,4
33997,3
33997,1
33997,5
33998,2
33998,3
33999,3
33999,11
33999,1
33999,5
34000,11
34000,3
34000,5
34001,2
34001,3
34002,2
34002,3
34003,2
34003,3
34004,11
34004,3
34004,5
34005,11
34005,3
34005,5
34006,2
34006,3
34007,11
34007,3
34007,5
34008,3
34008,11
34008,1
34008,5
34009,3
34009,11
34009,1
34009,5
34010,3
34010,11
34010,1
34010,5
34011,3
34011,11
34011,1
34011,5
34012,11
34012,3
34012,5
34013,2
34013,3
34014,11
34014,3
34014,5
34015,3
34015,11
34015,1
34015,5
34016,2
34016,3
34017,11
34017,3
34017,5
34018,11
34018,3
34018,5
34019,3
34019,11
34019,1
34019,5
34020,3
34020,11
34020,1
34020,5
34021,11
34021,3
34021,5
34022,3
34022,11
34022,1
34022,5
34023,3
34023,5
34024,2
34024,3
34024,9
34025,2
34025,3
34025,9
34026,2
34026,3
34026,9
34027,2
34027,1
34028,9
34028,1
34029,1
34029,5
34030,2
34030,3
34030,9
34031,2
34031,3
34031,9
34032,2
34032,3
34032,9
34033,2
34033,3
34033,9
34034,2
34034,3
34034,9
34035,2
34035,3
34035,9
34036,2
34036,3
34037,3
34037,11
34037,1
34037,5
34038,2
34038,3
34038,9
34039,11
34039,3
34039,5
34040,2
34040,3
34041,3
34041,11
34041,1
34041,5
34042,2
34042,3
34042,1
34042,5
34043,2
34043,3
34043,9
34044,11
34044,3
34044,5
34045,3
34045,9
34045,1
34046,3
34046,5
34047,3
34047,13
34047,6
34048,3
34048,13
34048,6
34049,3
34050,3
34050,5
34051,40
34051,5
34052,3
34052,161
34053,3
34053,161
34054,3
34054,19
34055,9
34055,83
34055,3
34055,111
34055,13
34055,6
34056,3
34056,19
34057,3
34057,19
34058,3
34059,29
34059,9
34059,1
34059,111
34060,9
34061,3
34061,5
34062,9
34062,5
34063,3
34063,9
34063,5
34064,2
34064,29
34065,29
34065,1
34066,1
34066,5
34067,3
34068,29
34068,9
34068,1
34069,9
34069,5
34070,3
34071,9
34071,1
34072,29
34072,9
34072,1
34072,111
34073,3
34073,1
34074,3
34074,1
34075,3
34075,19
34076,29
34076,9
34076,1
34077,3
34077,19
34078,3
34079,3
34080,317
34080,2
34080,5
34080,4
34081,29
34081,1
34081,5
34082,9
34082,1
34082,83
34082,5
34082,13
34082,17
34083,3
34083,5
34084,29
34084,9
34084,1
34085,9
34085,1
34085,5
34086,3
34086,5
34087,2
34087,3
34088,40
34088,1
34088,5
34089,3
34090,3
34091,9
34091,5
34092,2
34092,1
34093,3
34094,3
34095,29
34095,1
34096,29
34096,1
34097,9
34097,1
34097,5
34098,4
34098,9
34098,1
34098,5
34099,9
34099,5
34100,4
34100,9
34100,1
34100,5
34101,3
34102,9
34103,9
34104,3
34104,5
34105,3
34105,5
34106,3
34106,5
34107,3
34107,5
34108,3
34108,5
34109,3
34109,5
34110,9
34110,1
34110,5
34111,1
34111,5
34112,3
34112,5
34113,3
34113,161
34114,9
34114,83
34114,2
34114,3
34114,17
34115,4
34115,11
34115,1
34116,3
34117,2
34117,1
34118,9
34118,1
34118,5
34119,3
34119,161
34120,9
34120,1
34120,5
34121,3
34121,5
34122,9
34122,83
34122,3
34122,111
34122,13
34122,6
34123,9
34123,1
34123,5
34124,9
34124,1
34124,5
34125,3
34125,161
34126,3
34126,161
34127,9
34127,1
34127,5
34128,9
34128,1
34128,5
34129,2
34129,3
34130,2
34130,3
34131,29
34131,1
34132,4
34132,1
34133,9
34133,83
34133,3
34133,111
34133,13
34133,6
34134,9
34134,83
34134,3
34134,111
34134,13
34134,6
34135,2
34135,3
34136,2
34136,3
34137,9
34137,83
34137,3
34137,111
34137,13
34137,6
34138,9
34138,83
34138,3
34138,111
34138,13
34138,6
34139,47
34139,1
34139,3
34139,56
34139,5
34140,9
34140,83
34140,3
34140,111
34140,13
34140,6
34141,9
34141,1
34142,9
34142,83
34142,3
34142,111
34142,13
34142,6
34143,47
34143,1
34143,3
34143,56
34143,5
34144,9
34144,83
34144,3
34144,111
34144,13
34144,6
34145,9
34145,83
34145,3
34145,111
34145,13
34145,6
34146,19
34147,9
34147,83
34147,3
34147,111
34147,13
34147,6
34148,3
34148,5
34149,2
34149,1
34150,3
34150,1
34150,5
34151,9
34151,5
34152,3
34152,5
34153,9
34153,1
34154,166
34154,19
34155,1
34155,4
34155,74
34155,75
34155,17
34156,12
34156,3
34156,56
34156,5
34156,74
34156,17
34157,166
34157,19
34158,3
34159,3
34159,9
34159,1
34160,3
34160,9
34160,1
34161,3
34161,5
34162,3
34163,3
34163,1
34163,5
34164,3
34164,161
34165,3
34165,13
34166,9
34166,1
34166,5
34167,3
34167,161
34168,3
34168,5
34169,9
34169,1
34169,13
34169,83
34170,29
34170,9
34170,1
34170,5
34171,2
34171,1
34172,1
34172,5
34173,1
34173,5
34174,4
34174,1
34174,6
34175,3
34175,13
34176,3
34176,5
34177,4
34177,9
34177,1
34177,5
34178,11
34178,9
34178,2
34178,4
34178,5
34179,11
34179,9
34179,12
34179,1
34179,2
34179,5
34179,13
34180,3
34180,13
34181,3
34182,1
34183,4
34183,1
34183,6
34184,9
34184,83
34184,2
34184,3
34184,17
34185,4
34185,40
34185,1
34185,75
34186,47
34186,29
34186,4
34186,3
34186,6
34187,4
34187,40
34187,1
34187,75
34188,4
34188,40
34188,1
34188,75
34189,9
34189,83
34189,2
34189,3
34189,17
34190,9
34190,5
34191,4
34191,40
34191,1
34191,75
34192,1
34192,17
34193,3
34193,13
34193,6
34194,3
34194,13
34194,6
34195,3
34195,13
34195,6
34196,1
34196,17
34197,3
34197,11
34197,1
34197,5
34198,3
34198,13
34198,6
34199,3
34199,5
34200,3
34200,9
34200,1
34201,1
34201,17
34202,1
34202,17
34203,40
34203,9
34203,29
34203,1
34203,2
34203,4
34203,56
34203,13
34203,6
34204,40
34204,9
34204,29
34204,1
34204,2
34204,4
34204,56
34204,13
34204,6
34205,1
34205,17
34206,29
34206,17
34207,29
34207,5
34208,29
34208,5
34209,29
34209,5
34210,2
34210,1
34211,3
34211,11
34211,1
34211,5
34212,3
34212,11
34212,1
34212,5
34213,2
34213,1
34214,3
34214,11
34214,1
34214,5
34215,1
34215,17
34216,1
34216,17
34217,3
34217,9
34217,1
34218,3
34218,9
34218,1
34219,3
34219,9
34219,1
34220,1
34220,17
34221,1
34221,17
34222,1
34222,17
34223,1
34223,17
34224,1
34224,17
34225,1
34225,17
34226,29
34226,17
34227,29
34227,17
34228,29
34228,17
34229,3
34229,9
34229,1
34230,3
34230,9
34230,1
34231,3
34231,9
34231,1
34232,9
34232,1
34232,5
34232,13
34233,9
34233,1
34233,5
34233,13
34234,1
34234,5
34235,4
34235,11
34235,1
34236,4
34236,1
34237,11
34237,3
34237,5
34238,9
34238,1
34239,9
34240,9
34241,9
34242,3
34243,2
34243,1
34244,1
34244,5
34245,3
34245,1
34245,5
34246,3
34246,13
34246,6
34247,9
34247,5
34248,40
34248,5
34249,11
34249,5
34250,1
34250,2
34250,3
34250,4
34250,5
34250,6
34251,29
34251,13
34251,6
34252,1
34252,2
34252,3
34252,4
34252,5
34252,6
34253,1
34253,2
34253,3
34253,4
34253,5
34253,6
34254,29
34254,13
34254,6
34255,4
34255,9
34255,1
34255,5
34256,9
34256,1
34257,1
34257,2
34257,3
34257,4
34257,5
34257,6
34258,40
34258,9
34258,29
34258,1
34258,2
34258,4
34258,56
34258,13
34258,6
34259,3
34259,5
34260,9
34261,3
34262,4
34262,1
34262,6
34263,40
34263,9
34263,29
34263,1
34263,2
34263,4
34263,56
34263,13
34263,6
34264,29
34264,9
34264,1
34265,3
34266,9
34266,1
34266,5
34267,3
34267,1
34267,5
34268,3
34268,5
34269,3
34269,5
34270,2
34270,1
34271,3
34271,5
34272,2
34272,1
34273,4
34273,1
34273,6
34274,9
34274,1
34274,5
34275,2
34275,1
34276,9
34276,5
34277,3
34277,1
34277,5
34278,2
34278,1
34279,9
34279,1
34279,5
34280,4
34280,9
34280,1
34280,5
34281,2
34281,1
34282,3
34282,9
34282,1
34282,5
34283,9
34283,1
34284,3
34284,1
34284,5
34285,9
34286,2
34286,1
34287,3
34288,1
34288,5
34289,3
34289,1
34289,5
34290,3
34290,13
34291,11
34291,5
34292,4
34292,1
34292,6
34293,4
34293,9
34293,1
34293,5
34294,29
34294,1
34295,4
34295,1
34295,6
34296,29
34296,1
34297,29
34297,1
34298,3
34299,3
34300,3
34301,3
34301,5
34302,2
34302,1
34303,9
34303,1
34304,9
34304,5
34305,3
34305,5
34306,3
34306,5
34307,2
34307,1
34308,1
34308,5
34309,9
34309,5
34310,2
34310,1
34311,1
34311,5
34312,40
34312,9
34312,29
34312,1
34312,17
34312,6
34313,9
34313,1
34314,3
34314,5
34315,1
34315,5
34316,3
34316,5
34317,3
34317,5
34318,29
34318,1
34318,5
34318,13
34318,17
34319,9
34319,1
34319,3
34319,5
34319,13
34319,17
34320,29
34320,1
34320,5
34320,13
34320,17
34321,9
34321,83
34321,3
34321,111
34321,13
34321,6
34322,9
34322,5
34323,29
34323,1
34324,3
34324,13
34324,6
34325,3
34326,3
34326,1
34326,5
34327,3
34327,5
34328,9
34328,1
34328,3
34328,5
34328,13
34328,17
34329,2
34329,1
34330,3
34330,161
34331,29
34331,9
34331,1
34332,11
34332,3
34332,5
34333,9
34333,83
34333,2
34333,3
34333,17
34334,3
34335,29
34335,5
34336,9
34336,5
34337,29
34337,5
34338,11
34338,3
34338,5
34339,40
34339,9
34339,29
34339,1
34339,2
34339,4
34339,56
34339,13
34339,6
34340,166
34340,19
34341,29
34341,5
34342,3
34342,9
34342,1
34342,5
34343,3
34343,13
34343,6
34344,3
34344,5
34345,3
34346,3
34346,5
34347,3
34347,5
34348,9
34348,1
34349,4
34349,9
34349,1
34349,5
34350,1
34350,5
34351,9
34351,5
34352,3
34352,5
34353,3
34353,5
34354,3
34355,9
34355,83
34355,3
34355,111
34355,13
34355,6
34356,5
34356,17
34356,13
34357,29
34357,9
34357,1
34357,111
34358,9
34358,1
34359,3
34359,5
34360,4
34360,9
34360,1
34360,5
34361,3
34361,161
34362,3
34362,5
34363,3
34363,5
34364,1
34364,5
34365,4
34365,1
34365,6
34366,9
34366,1
34366,4
34366,56
34366,6
34367,3
34368,5
34368,17
34368,13
34369,3
34369,5
34370,9
34370,1
34371,4
34371,9
34371,1
34371,5
34372,3
34372,161
34373,3
34373,5
34374,3
34374,5
34375,1
34375,5
34376,9
34376,83
34376,3
34376,111
34376,13
34376,6
34377,9
34377,1
34377,5
34378,3
34379,9
34379,1
34379,4
34379,56
34379,6
34380,3
34380,5
34381,9
34381,1
34382,4
34382,9
34382,1
34382,5
34383,1
34383,5
34384,3
34384,5
34385,3
34385,161
34386,3
34386,5
34387,166
34387,19
34388,3
34389,1
34389,5
34390,9
34390,1
34390,4
34390,56
34390,6
34391,3
34391,161
34392,47
34392,83
34392,2
34392,13
34392,17
34392,6
34393,3
34393,5
34394,3
34394,5
34395,47
34395,316
34395,1
34395,83
34395,6
34396,1
34396,5
34397,5
34397,1
34397,17
34397,13
34398,9
34399,3
34399,5
34400,9
34400,1
34401,3
34402,9
34403,3
34403,161
34404,9
34405,1
34405,5
34406,3
34406,9
34406,5
34407,3
34407,1
34407,5
34408,47
34408,29
34408,4
34408,3
34408,6
34409,40
34409,1
34409,3
34409,5
34409,6
34410,3
34410,5
34411,11
34411,3
34412,5
34412,3
34412,9
34412,1
34413,3
34413,5
34414,3
34415,3
34415,161
34416,3
34416,5
34417,9
34417,1
34417,5
34418,9
34418,1
34418,5
34419,1
34419,5
34420,9
34420,1
34421,13
34421,6
34422,11
34422,3
34422,5
34423,4
34423,1
34423,6
34424,83
34424,3
34424,5
34424,74
34424,13
34425,29
34425,13
34425,6
34426,3
34426,5
34426,13
34427,3
34427,5
34427,13
34428,3
34429,3
34429,5
34430,3
34430,161
34431,9
34432,9
34432,1
34432,5
34433,1
34433,5
34434,83
34434,3
34434,5
34434,74
34434,13
34435,4
34435,1
34435,6
34436,29
34436,1
34436,5
34437,3
34438,5
34438,9
34438,1
34439,9
34439,83
34439,2
34439,3
34439,17
34440,9
34440,5
34441,3
34442,9
34442,13
34443,3
34443,161
34444,3
34444,5
34445,1
34445,5
34446,9
34447,3
34447,5
34448,5
34448,1
34448,17
34448,13
34449,9
34450,3
34451,9
34451,5
34452,9
34453,9
34453,1
34453,5
34454,3
34454,161
34455,1
34455,5
34456,4
34456,1
34456,6
34457,9
34457,83
34457,2
34457,3
34457,17
34458,166
34458,19
34459,9
34459,1
34460,29
34460,1
34460,5
34461,40
34461,9
34461,29
34461,1
34461,2
34461,4
34461,56
34461,13
34461,6
34462,3
34463,1
34464,3
34464,161
34465,9
34465,5
34466,9
34466,1
34466,5
34467,2
34467,1
34468,29
34468,1
34468,5
34469,9
34470,3
34470,5
34471,3
34471,5
34472,9
34472,5
34473,9
34473,5
34474,3
34474,5
34475,3
34475,5
34476,9
34476,5
34477,40
34477,9
34477,29
34477,1
34477,2
34477,4
34477,56
34477,13
34477,6
34478,9
34478,5
34479,3
34479,5
34480,40
34480,9
34480,316
34480,47
34480,29
34480,1
34480,83
34480,317
34480,56
34480,5
34480,74
34480,13
34480,17
34480,318
34480,6
34481,40
34481,9
34481,316
34481,47
34481,29
34481,1
34481,83
34481,317
34481,56
34481,5
34481,74
34481,13
34481,17
34481,318
34481,6
34482,9
34482,1
34482,5
34482,13
34483,3
34483,9
34483,5
34484,3
34484,5
34485,166
34485,19
34486,3
34487,3
34487,13
34488,9
34488,83
34488,2
34488,3
34488,17
34489,9
34489,5
34490,29
34490,1
34490,5
34491,9
34491,5
34492,3
34493,2
34493,3
34494,5
34494,9
34494,1
34495,9
34495,83
34495,3
34495,111
34495,13
34495,6
34496,47
34496,1
34496,3
34496,56
34496,5
34497,2
34497,3
34498,9
34498,5
34499,47
34499,1
34499,3
34499,56
34499,5
34500,9
34500,83
34500,3
34500,111
34500,13
34500,6
34501,29
34501,1
34501,5
34502,9
34503,3
34503,5
34504,2
34504,1
34505,1
34505,4
34505,74
34505,75
34505,17
34506,9
34506,1
34507,1
34507,4
34507,74
34507,75
34507,17
34508,40
34508,9
34508,29
34508,1
34508,2
34508,4
34508,56
34508,13
34508,6
34509,3
34509,5
34510,9
34510,83
34510,2
34510,3
34510,17
34511,3
34512,9
34512,1
34512,5
34513,9
34514,1
34514,5
34515,40
34515,9
34515,29
34515,1
34515,2
34515,4
34515,56
34515,13
34515,6
34516,29
34516,1
34516,5
34517,9
34517,83
34517,2
34517,3
34517,17
34518,3
34519,3
34519,5
34520,9
34520,5
34521,3
34521,5
34522,3
34523,9
34523,5
34524,3
34524,5
34525,3
34525,5
34526,9
34526,5
34527,2
34527,1
34528,9
34528,5
34529,9
34529,5
34530,3
34530,9
34530,5
34530,13
34531,40
34531,9
34531,316
34531,47
34531,29
34531,1
34531,83
34531,317
34531,56
34531,5
34531,74
34531,13
34531,17
34531,318
34531,6
34532,3
34533,3
34533,5
34534,29
34534,1
34534,5
34535,3
34535,5
34536,2
34536,1
34537,9
34537,5
34538,12
34538,3
34538,56
34538,5
34538,74
34538,17
34539,3
34539,5
34540,40
34540,9
34540,316
34540,47
34540,29
34540,1
34540,83
34540,317
34540,56
34540,5
34540,74
34540,13
34540,17
34540,318
34540,6
34541,3
34542,3
34542,5
34543,9
34543,83
34543,2
34543,3
34543,17
34544,3
34545,47
34545,83
34545,2
34545,13
34545,17
34545,6
34546,3
34546,5
34547,4
34547,1
34547,6
34548,2
34548,1
34549,29
34549,1
34549,5
34550,47
34550,29
34550,4
34550,3
34550,6
34551,3
34552,29
34552,9
34552,1
34553,40
34553,5
34554,9
34555,2
34555,1
34556,3
34556,5
34557,3
34557,5
34558,3
34558,5
34559,3
34559,5
34560,4
34560,9
34560,1
34560,5
34561,3
34561,5
34562,9
34562,1
34563,5
34564,3
34564,5
34565,3
34566,9
34566,5
34567,3
34567,161
34568,3
34568,13
34569,29
34569,1
34569,5
34570,3
34570,5
34571,3
34571,1
34571,5
34572,3
34573,3
34573,5
34574,3
34574,5
34575,166
34575,19
34576,1
34576,5
34577,9
34578,3
34578,5
34579,40
34579,5
34580,29
34580,1
34580,5
34581,2
34581,1
34582,3
34582,5
34583,3
34583,161
34584,3
34584,5
34585,9
34585,5
34586,4
34586,9
34586,1
34586,5
34587,3
34587,5
34588,9
34588,1
34589,9
34589,5
34590,3
34590,5
34591,3
34591,5
34592,12
34592,3
34592,56
34592,5
34592,74
34592,17
34593,47
34593,29
34593,4
34593,3
34593,6
34594,9
34594,83
34594,2
34594,3
34594,17
34595,3
34595,161
34596,3
34596,5
34597,3
34597,5
34598,3
34598,13
34599,3
34600,29
34600,1
34600,5
34601,47
34601,83
34601,2
34601,13
34601,17
34601,6
34602,3
34602,5
34603,29
34603,1
34604,40
34604,9
34604,316
34604,47
34604,29
34604,1
34604,83
34604,317
34604,56
34604,5
34604,74
34604,13
34604,17
34604,318
34604,6
34605,2
34605,1
34606,29
34606,9
34606,1
34606,13
34607,9
34607,1
34608,3
34609,40
34609,9
34609,316
34609,47
34609,29
34609,1
34609,83
34609,317
34609,56
34609,5
34609,74
34609,13
34609,17
34609,318
34609,6
34610,2
34610,1
34611,47
34611,83
34611,2
34611,13
34611,17
34611,6
34612,3
34612,5
34613,3
34613,13
34614,9
34614,5
34615,2
34615,1
34616,29
34616,1
34616,5
34617,9
34617,1
34617,5
34618,9
34618,1
34618,5
34619,3
34620,9
34620,5
34621,3
34621,5
34622,3
34622,161
34623,9
34623,5
34624,2
34624,1
34625,1
34625,2
34625,3
34625,4
34625,5
34625,6
34626,3
34627,4
34627,1
34627,6
34628,9
34628,83
34628,2
34628,3
34628,17
34629,3
34630,3
34631,9
34631,1
34632,29
34632,9
34632,1
34633,166
34633,19
34634,1
34634,5
34635,29
34635,1
34635,5
34636,3
34636,9
34636,1
34636,5
34637,47
34637,29
34637,4
34637,3
34637,6
34638,3
34638,5
34639,9
34639,83
34639,2
34639,3
34639,17
34640,9
34640,83
34640,2
34640,3
34640,17
34641,3
34642,9
34642,83
34642,2
34642,3
34642,17
34643,3
34643,13
34644,9
34645,3
34645,13
34646,29
34646,1
34646,5
34647,3
34647,5
34648,40
34648,5
34649,3
34649,5
34650,1
34650,5
34651,40
34651,5
34652,4
34652,9
34652,1
34652,5
34653,9
34653,5
34654,3
34654,5
34655,1
34655,5
34656,9
34656,5
34657,3
34657,5
34658,3
34658,161
34659,4
34659,9
34659,1
34659,5
34660,3
34661,9
34661,1
34662,3
34662,5
34663,166
34663,19
34664,3
34665,1
34665,5
34666,166
34666,19
34667,3
34668,3
34669,3
34669,5
34670,3
34670,5
34671,2
34671,1
34672,3
34673,3
34673,5
34674,3
34674,13
34675,47
34675,29
34675,4
34675,3
34675,6
34676,3
34677,9
34677,1
34677,5
34677,13
34678,9
34678,5
34679,9
34679,83
34679,2
34679,3
34679,17
34680,3
34680,9
34680,1
34681,29
34681,1
34681,5
34682,12
34682,3
34682,56
34682,5
34682,74
34682,17
34683,3
34683,1
34683,5
34684,29
34684,1
34684,5
34685,3
34685,5
34686,3
34687,40
34687,5
34688,29
34688,9
34688,1
34689,3
34689,5
34690,40
34690,5
34691,3
34691,5
34692,1
34692,5
34693,1
34693,2
34693,3
34693,4
34693,5
34693,6
34694,29
34694,1
34694,5
34695,3
34695,5
34695,13
34696,3
34696,5
34697,3
34697,5
34698,3
34698,5
34698,13
34699,3
34700,9
34700,5
34701,3
34701,161
34702,4
34702,9
34702,1
34702,5
34703,29
34703,13
34703,6
34704,3
34704,13
34705,9
34705,83
34705,2
34705,3
34705,17
34706,3
34706,161
34707,3
34708,3
34708,5
34709,9
34710,9
34710,1
34710,5
34711,2
34711,1
34712,9
34713,3
34713,5
34714,29
34714,1
34714,5
34715,1
34715,2
34715,3
34715,4
34715,5
34715,6
34716,4
34716,9
34716,1
34716,5
34717,12
34717,3
34717,56
34717,5
34717,74
34717,17
34718,40
34718,9
34718,29
34718,1
34718,2
34718,4
34718,56
34718,13
34718,6
34719,3
34720,1
34720,2
34720,3
34720,4
34720,5
34720,6
34721,9
34721,5
34722,3
34722,5
34723,11
34723,3
34723,5
34724,3
34724,5
34725,1
34725,5
34726,29
34726,1
34726,5
34727,4
34727,5
34728,29
34728,1
34728,5
34729,3
34730,3
34730,9
34730,1
34730,5
34731,9
34731,5
34732,9
34732,5
34733,3
34733,161
34734,9
34734,1
34734,5
34735,1
34735,5
34736,9
34737,4
34737,1
34737,6
34738,1
34739,9
34739,83
34739,2
34739,3
34739,17
34740,3
34740,9
34740,1
34741,3
34742,9
34743,40
34743,9
34743,29
34743,1
34743,2
34743,4
34743,56
34743,13
34743,6
34744,3
34744,161
34745,3
34745,5
34746,9
34746,83
34746,3
34746,111
34746,13
34746,6
34747,9
34747,5
34748,29
34748,1
34748,5
34749,2
34749,1
34750,5
34750,9
34750,1
34751,9
34751,1
34752,11
34752,3
34752,5
34753,9
34753,5
34754,3
34755,3
34756,2
34757,3
34757,5
34758,3
34758,5
34759,9
34759,1
34760,47
34760,29
34760,4
34760,3
34760,6
34761,3
34761,5
34762,40
34762,9
34762,29
34762,1
34762,2
34762,4
34762,56
34762,13
34762,6
34763,3
34763,5
34763,13
34764,3
34765,40
34765,9
34765,29
34765,1
34765,2
34765,4
34765,56
34765,13
34765,6
34766,12
34766,3
34766,56
34766,5
34766,74
34766,17
34767,3
34767,5
34768,9
34769,1
34769,5
34770,9
34770,5
34771,40
34771,9
34771,29
34771,1
34771,2
34771,4
34771,56
34771,13
34771,6
34772,29
34772,1
34772,5
34773,9
34773,1
34774,40
34774,1
34774,3
34774,5
34774,6
34775,9
34775,5
34776,166
34776,19
34777,3
34778,29
34778,9
34778,1
34778,13
34779,47
34779,29
34779,4
34779,3
34779,6
34780,3
34781,29
34781,1
34781,5
34782,3
34782,5
34783,9
34783,5
34784,4
34784,9
34784,1
34784,5
34785,9
34785,83
34785,2
34785,3
34785,17
34786,29
34786,1
34786,5
34787,40
34787,5
34788,3
34788,5
34789,2
34789,1
34790,3
34790,5
34791,40
34791,9
34791,29
34791,1
34791,17
34791,6
34792,4
34792,1
34792,6
34793,3
34793,5
34794,9
34794,5
34795,3
34795,5
34796,3
34796,5
34797,12
34797,3
34797,56
34797,5
34797,74
34797,17
34798,3
34798,161
34799,29
34799,1
34800,4
34800,1
34800,6
34801,3
34802,12
34802,3
34802,56
34802,5
34802,74
34802,17
34803,9
34804,3
34804,5
34805,1
34805,5
34806,9
34806,5
34807,40
34807,9
34807,29
34807,1
34807,2
34807,4
34807,56
34807,13
34807,6
34808,40
34808,9
34808,29
34808,1
34808,2
34808,4
34808,56
34808,13
34808,6
34809,29
34809,1
34809,5
34810,29
34810,1
34810,5
34811,9
34811,1
34812,29
34812,9
34812,1
34812,13
34813,166
34813,19
34814,9
34814,5
34815,3
34815,5
34816,3
34816,9
34816,5
34817,9
34817,83
34817,2
34817,3
34817,17
34818,9
34818,5
34819,3
34820,9
34820,5
34821,9
34821,83
34821,3
34821,111
34821,13
34821,6
34822,29
34822,1
34822,5
34823,3
34823,5
34824,9
34825,9
34826,3
34826,5
34827,3
34827,5
34828,1
34828,5
34829,4
34829,9
34829,1
34829,5
34830,3
34831,4
34831,9
34831,1
34831,5
34832,3
34832,5
34833,9
34833,5
34834,3
34834,5
34835,3
34835,1
34835,5
34836,29
34836,1
34837,3
34837,1
34837,5
34838,29
34838,1
34839,3
34839,13
34840,3
34840,161
34841,40
34841,1
34841,5
34842,3
34842,1
34843,4
34843,9
34843,1
34843,5
34844,9
34844,1
34844,5
34845,29
34845,1
34845,5
34846,2
34846,1
34847,4
34847,40
34847,1
34847,75
34848,3
34849,3
34849,1
34849,5
34850,4
34850,40
34850,1
34850,75
34851,3
34852,9
34852,1
34852,13
34853,3
34853,5
34854,1
34854,4
34854,74
34854,75
34854,17
34855,4
34855,1
34855,6
34856,3
34856,5
34857,3
34857,9
34857,1
34858,3
34858,9
34858,1
34859,9
34859,83
34859,2
34859,3
34859,17
34860,9
34860,1
34860,5
34861,3
34861,13
34862,3
34863,3
34864,11
34864,3
34864,5
34865,3
34865,5
34866,3
34867,3
34868,40
34868,9
34868,29
34868,1
34868,17
34868,6
34869,3
34870,3
34871,11
34871,3
34871,5
34872,9
34872,5
34873,40
34873,9
34873,29
34873,1
34873,17
34873,6
34874,9
34874,5
34875,3
34876,9
34876,5
34877,3
34877,1
34877,5
34878,40
34878,9
34878,29
34878,1
34878,2
34878,4
34878,56
34878,13
34878,6
34879,40
34879,9
34879,29
34879,1
34879,2
34879,4
34879,56
34879,13
34879,6
34880,9
34880,1
34880,83
34880,5
34880,6
34881,3
34882,3
34882,5
34883,3
34883,5
34884,9
34884,5
34885,9
34885,5
34886,3
34887,9
34887,29
34887,1
34887,56
34887,111
34887,17
34888,3
34888,5
34889,3
34889,5
34890,3
34890,5
34891,29
34891,1
34891,5
34892,29
34892,9
34892,1
34893,9
34893,1
34893,6
34894,9
34894,5
34895,3
34895,5
34896,4
34896,9
34896,1
34896,5
34897,2
34897,1
34898,3
34898,5
34899,29
34899,1
34900,29
34900,1
34901,3
34902,3
34902,13
34903,9
34903,5
34904,3
34905,9
34905,5
34906,3
34906,5
34907,9
34907,5
34908,2
34908,3
34908,1
34908,5
34909,3
34910,9
34910,1
34910,4
34910,56
34910,6
34911,3
34911,5
34912,9
34912,83
34912,3
34912,111
34912,13
34912,6
34913,29
34913,1
34913,5
34914,9
34914,5
34915,9
34915,5
34916,9
34916,1
34916,5
34917,9
34918,1
34918,4
34918,74
34918,75
34918,17
34919,1
34919,5
34920,9
34920,1
34920,5
34921,9
34921,5
34922,9
34922,5
34923,3
34924,12
34924,3
34924,56
34924,5
34924,74
34924,17
34925,29
34925,1
34925,5
34926,3
34926,5
34927,3
34927,13
34928,29
34928,13
34928,6
34929,29
34929,9
34929,1
34930,3
34930,5
34931,2
34931,1
34932,4
34932,9
34932,1
34932,5
34933,40
34933,9
34933,29
34933,1
34933,2
34933,4
34933,56
34933,13
34933,6
34934,3
34934,5
34935,3
34936,9
34936,1
34936,5
34937,9
34937,1
34937,5
34938,9
34938,1
34938,5
34939,29
34939,9
34939,1
34940,3
34940,5
34941,3
34941,5
34942,4
34942,1
34942,6
34943,3
34943,5
34944,3
34945,3
34945,13
34946,29
34946,5
34947,3
34947,13
34948,3
34948,5
34949,3
34949,5
34950,40
34950,9
34950,29
34950,1
34950,2
34950,4
34950,56
34950,13
34950,6
34951,2
34951,1
34952,9
34952,5
34953,3
34953,5
34954,3
34955,40
34955,9
34955,29
34955,1
34955,2
34955,4
34955,56
34955,13
34955,6
34956,29
34956,1
34956,5
34957,40
34957,9
34957,29
34957,1
34957,2
34957,4
34957,56
34957,13
34957,6
34958,9
34958,1
34958,6
34959,3
34959,5
34960,4
34960,9
34960,1
34960,5
34961,3
34962,29
34962,1
34962,5
34962,13
34962,17
34963,3
34963,5
34964,9
34964,83
34964,2
34964,3
34964,17
34965,3
34966,4
34966,1
34966,6
34967,29
34967,1
34967,5
34968,3
34968,13
34969,9
34969,1
34970,3
34970,5
34971,9
34971,5
34972,29
34972,1
34972,5
34973,3
34973,13
34974,9
34974,5
34975,3
34975,13
34976,9
34976,83
34976,2
34976,3
34976,17
34977,4
34977,1
34977,6
34978,3
34978,5
34979,9
34979,5
34980,29
34980,1
34980,5
34981,9
34981,5
34982,9
34982,5
34983,5
34983,9
34983,1
34984,9
34984,5
34985,3
34985,13
34986,9
34986,5
34987,3
34987,13
34988,9
34988,5
34989,40
34989,1
34989,5
34990,9
34990,5
34991,3
34991,5
34992,3
34992,5
34993,29
34993,1
34993,5
34994,3
34994,13
34995,3
34995,5
34996,29
34996,9
34996,1
34997,3
34997,5
34998,9
34999,29
34999,1
34999,5
35000,9
35001,3
35001,5
35002,1
35002,5
35003,3
35003,5
35004,3
35004,5
35005,3
35005,5
35006,3
35006,5
35007,9
35007,5
35008,9
35008,316
35008,1
35008,4
35008,3
35008,5
35008,17
35008,6
35009,3
35009,5
35010,3
35010,5
35011,3
35011,5
35012,3
35012,5
35013,3
35013,5
35014,3
35014,9
35014,1
35015,29
35015,13
35015,6
35016,3
35017,3
35017,161
35018,1
35018,5
35019,3
35020,3
35020,161
35021,9
35021,29
35021,1
35021,56
35021,111
35021,17
35022,3
35022,5
35023,40
35023,5
35024,3
35024,5
35025,3
35025,161
35026,9
35027,1
35027,5
35028,9
35028,5
35029,9
35029,316
35029,1
35029,4
35029,3
35029,5
35029,17
35029,6
35030,3
35030,5
35031,3
35031,5
35032,3
35032,5
35033,3
35033,5
35034,3
35034,161
35035,3
35036,2
35036,3
35036,9
35036,5
35037,2
35037,3
35037,9
35037,5
35038,3
35039,3
35039,161
35040,9
35040,29
35040,1
35040,56
35040,111
35040,17
35041,1
35041,5
35042,29
35042,13
35042,6
35043,3
35044,1
35044,17
35045,9
35045,5
35046,9
35046,1
35046,5
35047,3
35047,1
35047,5
35048,9
35048,29
35048,1
35048,56
35048,111
35048,17
35049,3
35049,161
35050,9
35050,1
35050,5
35051,1
35051,5
35052,5
35052,17
35052,13
35053,3
35053,5
35054,3
35054,5
35055,3
35056,9
35056,5
35057,9
35057,1
35057,4
35057,56
35057,6
35058,9
35058,1
35058,5
35059,3
35059,161
35060,9
35060,1
35060,5
35061,3
35061,5
35062,3
35062,5
35063,3
35064,1
35064,5
35065,9
35065,5
35066,3
35066,9
35066,5
35066,13
35067,5
35067,17
35067,13
35068,3
35068,161
35069,29
35069,9
35070,3
35070,9
35070,5
35071,9
35072,3
35072,5
35073,3
35073,5
35074,2
35074,1
35075,9
35075,316
35075,1
35075,4
35075,3
35075,5
35075,17
35075,6
35076,29
35076,13
35076,6
35077,3
35077,5
35078,9
35078,5
35079,3
35079,5
35080,3
35080,9
35080,1
35081,3
35081,5
35082,9
35082,1
35083,9
35083,29
35083,1
35083,56
35083,111
35083,17
35084,3
35084,161
35085,3
35086,3
35087,9
35087,1
35087,5
35088,9
35088,1
35088,5
35089,3
35089,5
35090,5
35090,17
35090,13
35091,1
35091,5
35092,3
35092,161
35093,9
35093,5
35094,3
35094,9
35094,5
35094,13
35095,3
35095,5
35096,3
35097,3
35097,5
35098,3
35098,5
35099,1
35099,5
35100,3
35100,161
35101,3
35102,3
35103,9
35103,5
35104,3
35104,5
35105,9
35106,3
35106,161
35107,9
35107,1
35107,5
35108,9
35108,5
35109,29
35109,5
35110,1
35110,5
35111,3
35111,1
35112,3
35112,5
35113,3
35113,5
35114,3
35115,9
35115,5
35116,40
35116,5
35117,3
35117,5
35118,9
35119,1
35119,5
35120,3
35120,13
35121,3
35121,5
35122,9
35122,316
35122,1
35122,4
35122,3
35122,5
35122,17
35122,6
35123,3
35123,5
35124,3
35124,5
35125,3
35125,5
35126,29
35126,13
35126,6
35127,9
35127,29
35127,1
35127,56
35127,111
35127,17
35128,3
35128,161
35129,3
35130,1
35130,5
35131,9
35131,5
35132,29
35132,9
35132,1
35132,111
35133,3
35133,161
35134,3
35134,5
35135,3
35135,5
35136,9
35137,3
35138,1
35138,5
35139,9
35139,1
35140,9
35140,316
35140,1
35140,4
35140,3
35140,5
35140,17
35140,6
35141,3
35141,5
35142,3
35142,5
35143,3
35143,13
35143,6
35144,3
35144,5
35145,9
35145,5
35146,3
35146,161
35147,3
35148,3
35148,9
35148,5
35148,13
35149,47
35149,29
35149,4
35149,3
35149,6
35150,9
35151,9
35151,5
35152,9
35153,3
35153,5
35154,3
35154,5
35155,1
35155,5
35156,9
35156,316
35156,1
35156,4
35156,3
35156,5
35156,17
35156,6
35157,9
35157,5
35158,3
35158,5
35159,3
35159,5
35160,3
35160,5
35161,3
35161,9
35161,1
35162,1
35162,2
35162,3
35162,4
35162,5
35162,6
35163,3
35163,161
35164,3
35165,3
35166,9
35166,29
35166,1
35166,56
35166,111
35166,17
35167,9
35167,1
35167,5
35168,9
35169,1
35169,5
35170,3
35170,161
35171,3
35172,9
35172,5
35173,9
35173,5
35174,3
35174,5
35175,3
35176,40
35176,9
35176,29
35176,1
35176,17
35176,6
35177,9
35178,9
35178,1
35178,5
35179,29
35179,1
35179,5
35180,9
35180,5
35181,1
35181,5
35182,3
35183,9
35183,1
35184,9
35184,5
35185,3
35185,1
35185,5
35186,3
35186,5
35187,47
35187,29
35187,4
35187,3
35187,6
35188,3
35188,1
35189,3
35189,5
35190,3
35191,40
35191,5
35192,9
35193,29
35193,1
35193,5
35194,3
35194,5
35195,3
35195,5
35196,1
35196,5
35197,9
35197,316
35197,1
35197,4
35197,3
35197,5
35197,17
35197,6
35198,29
35198,1
35198,5
35199,9
35199,5
35200,3
35200,5
35201,3
35201,5
35202,3
35202,5
35203,3
35203,5
35204,29
35204,13
35204,6
35205,3
35205,161
35206,3
35207,3
35208,9
35208,29
35208,1
35208,56
35208,111
35208,17
35209,3
35209,5
35210,3
35210,5
35211,3
35211,161
35212,1
35212,5
35213,9
35213,5
35214,3
35214,9
35214,5
35214,13
35215,3
35216,9
35217,3
35217,5
35218,9
35219,3
35219,5
35220,3
35220,161
35221,2
35221,1
35222,9
35222,316
35222,1
35222,4
35222,3
35222,5
35222,17
35222,6
35223,9
35223,5
35224,3
35224,5
35225,1
35225,2
35225,3
35225,4
35225,5
35225,6
35226,3
35226,5
35227,3
35227,9
35227,1
35228,3
35228,5
35229,3
35229,161
35230,3
35231,3
35232,9
35232,29
35232,1
35232,56
35232,111
35232,17
35233,9
35233,1
35233,5
35234,9
35235,40
35235,9
35235,316
35235,47
35235,29
35235,1
35235,83
35235,317
35235,56
35235,5
35235,74
35235,13
35235,17
35235,318
35235,6
35236,2
35236,1
35237,3
35237,161
35238,9
35238,5
35239,1
35239,2
35239,3
35239,4
35239,5
35239,6
35240,9
35240,5
35241,3
35242,47
35242,29
35242,4
35242,3
35242,6
35243,40
35243,9
35243,29
35243,1
35243,17
35243,6
35244,9
35245,29
35245,1
35245,5
35246,3
35246,5
35247,3
35247,5
35248,9
35248,316
35248,1
35248,4
35248,3
35248,5
35248,17
35248,6
35249,2
35249,1
35250,9
35251,9
35251,5
35252,3
35252,5
35253,1
35253,2
35253,3
35253,4
35253,5
35253,6
35254,3
35254,5
35255,3
35255,5
35256,3
35257,3
35257,9
35257,1
35258,3
35258,161
35259,9
35259,29
35259,1
35259,56
35259,111
35259,17
35260,3
35261,9
35262,3
35262,161
35263,9
35264,3
35264,5
35265,3
35265,5
35266,3
35266,5
35267,3
35267,5
35268,9
35268,316
35268,1
35268,4
35268,3
35268,5
35268,17
35268,6
35269,1
35269,5
35270,9
35270,5
35271,3
35271,5
35272,3
35272,5
35273,3
35273,5
35274,11
35274,3
35275,9
35275,1
35276,3
35277,3
35277,5
35278,3
35278,5
35279,3
35279,161
35280,3
35280,5
35281,3
35282,9
35282,29
35282,1
35282,56
35282,111
35282,17
35283,9
35283,1
35283,5
35284,9
35284,1
35284,5
35285,3
35285,5
35286,1
35286,5
35287,3
35287,5
35288,9
35288,5
35289,9
35289,83
35289,2
35289,3
35289,17
35290,3
35290,9
35290,5
35290,13
35291,3
35292,9
35292,1
35292,5
35293,9
35293,1
35293,5
35294,1
35294,5
35295,3
35295,161
35296,9
35296,83
35296,2
35296,3
35296,17
35297,3
35297,5
35298,3
35298,5
35299,3
35300,9
35300,5
35301,3
35301,9
35301,5
35301,13
35302,9
35302,1
35302,5
35303,9
35303,1
35303,5
35304,9
35304,1
35304,3
35304,5
35304,13
35304,17
35305,1
35305,5
35306,3
35306,161
35307,3
35307,9
35307,1
35308,29
35308,5
35309,9
35309,5
35310,3
35310,9
35310,5
35310,13
35311,3
35312,9
35313,2
35313,1
35314,9
35315,3
35315,5
35316,3
35316,5
35317,9
35317,5
35318,9
35318,316
35318,1
35318,4
35318,3
35318,5
35318,17
35318,6
35319,3
35319,5
35320,3
35320,5
35321,9
35321,1
35322,3
35323,3
35323,5
35324,3
35324,9
35324,1
35325,3
35325,161
35326,9
35326,29
35326,1
35326,56
35326,111
35326,17
35327,3
35328,9
35329,9
35330,3
35330,161
35331,3
35331,161
35332,3
35332,5
35333,3
35333,5
35334,2
35334,1
35335,9
35335,316
35335,1
35335,4
35335,3
35335,5
35335,17
35335,6
35336,3
35336,5
35337,3
35337,9
35337,1
35338,3
35338,5
35339,1
35339,2
35339,3
35339,4
35339,5
35339,6
35340,3
35341,3
35341,161
35342,9
35342,29
35342,1
35342,56
35342,111
35342,17
35343,3
35344,3
35344,5
35345,9
35345,5
35346,1
35346,5
35347,29
35347,1
35348,3
35348,161
35349,3
35350,9
35351,9
35351,83
35351,2
35351,3
35351,17
35352,12
35352,3
35352,56
35352,5
35352,74
35352,17
35353,9
35353,1
35353,5
35354,2
35354,1
35355,9
35356,1
35356,5
35357,9
35357,5
35358,4
35358,1
35358,6
35359,9
35359,83
35359,2
35359,3
35359,17
35360,9
35360,5
35361,5
35362,3
35363,2
35363,1
35364,9
35364,1
35364,5
35365,5
35365,17
35365,13
35366,9
35367,3
35367,161
35368,1
35368,5
35369,9
35369,83
35369,2
35369,3
35369,17
35370,3
35370,9
35370,5
35370,13
35371,3
35371,5
35372,9
35372,5
35373,3
35374,9
35374,1
35374,5
35375,9
35375,1
35375,5
35376,9
35376,1
35376,3
35376,5
35376,13
35376,17
35377,1
35377,5
35378,11
35378,3
35378,5
35379,3
35379,5
35380,3
35381,9
35381,5
35382,9
35382,29
35382,1
35382,56
35382,111
35382,17
35383,3
35383,5
35384,3
35384,5
35385,1
35385,5
35386,3
35386,161
35387,3
35387,161
35388,3
35389,3
35389,9
35389,5
35389,13
35390,3
35390,161
35391,3
35391,1
35391,5
35392,9
35392,5
35393,40
35393,5
35394,3
35394,5
35395,3
35395,5
35396,1
35396,5
35397,9
35397,316
35397,1
35397,4
35397,3
35397,5
35397,17
35397,6
35398,3
35398,5
35399,9
35399,5
35400,11
35400,5
35401,3
35401,5
35402,166
35402,19
35403,3
35403,5
35404,3
35404,161
35405,40
35405,9
35405,29
35405,1
35405,17
35405,6
35406,3
35406,9
35406,5
35406,13
35407,3
35408,3
35408,5
35409,3
35409,5
35410,1
35410,5
35411,3
35411,161
35412,9
35412,5
35413,3
35413,9
35413,5
35413,13
35414,5
35414,3
35414,9
35414,1
35415,3
35415,161
35416,9
35416,1
35417,1
35417,5
35418,29
35418,9
35418,1
35418,5
35419,29
35419,9
35419,1
35419,5
35420,9
35420,83
35420,3
35420,111
35420,13
35420,6
35421,12
35421,3
35421,56
35421,5
35421,74
35421,17
35422,9
35422,5
35423,3
35423,5
35424,1
35424,5
35425,9
35425,1
35425,4
35425,56
35425,6
35426,9
35426,316
35426,1
35426,4
35426,3
35426,5
35426,17
35426,6
35427,3
35428,9
35428,5
35429,2
35429,3
35429,9
35429,5
35430,29
35430,1
35430,5
35431,9
35431,1
35431,5
35432,166
35432,19
35433,1
35433,5
35434,1
35434,2
35434,3
35434,4
35434,5
35434,6
35435,9
35435,5
35436,3
35436,5
35437,11
35437,3
35437,5
35438,3
35439,3
35439,161
35440,1
35440,5
35441,29
35441,6
35441,17
35441,83
35442,3
35442,5
35443,4
35443,1
35443,6
35444,4
35444,9
35444,1
35444,5
35445,9
35445,1
35446,3
35446,5
35447,9
35447,5
35448,29
35448,9
35448,1
35449,29
35449,1
35450,3
35450,13
35451,5
35451,17
35451,13
35452,29
35452,9
35452,1
35452,111
35453,9
35453,5
35454,9
35454,5
35455,5
35455,17
35455,13
35456,9
35456,5
35457,5
35457,17
35457,13
35458,9
35458,5
35459,4
35459,1
35459,6
35460,3
35460,13
35461,9
35461,5
35462,1
35462,5
35463,40
35463,9
35463,29
35463,1
35463,2
35463,4
35463,56
35463,13
35463,6
35464,3
35465,9
35466,3
35466,13
35467,3
35467,5
35468,29
35468,1
35468,5
35469,3
35470,1
35470,5
35471,4
35471,1
35471,6
35472,9
35472,83
35472,2
35472,3
35472,17
35473,9
35473,5
35474,47
35474,83
35474,2
35474,13
35474,17
35474,6
35475,9
35475,5
35476,3
35476,5
35477,5
35477,1
35477,17
35477,13
35478,1
35478,5
35479,1
35479,5
35480,3
35481,9
35481,5
35482,3
35482,161
35483,9
35483,1
35483,5
35484,3
35484,161
35485,9
35486,11
35486,3
35487,9
35487,1
35488,2
35488,1
35489,4
35489,1
35489,6
35490,3
35490,5
35491,12
35491,3
35491,56
35491,5
35491,74
35491,17
35492,1
35492,2
35492,3
35492,4
35492,5
35492,6
35493,1
35493,2
35493,3
35493,4
35493,5
35493,6
35494,3
35495,47
35495,29
35495,4
35495,3
35495,6
35496,3
35496,5
35497,9
35498,29
35498,1
35498,5
35499,2
35499,1
35500,9
35500,1
35501,9
35501,83
35501,2
35501,3
35501,17
35502,9
35502,5
35503,3
35504,3
35505,9
35505,5
35506,47
35506,83
35506,2
35506,13
35506,17
35506,6
35507,3
35507,5
35508,3
35509,9
35509,5
35510,1
35510,5
35511,1
35511,5
35512,29
35512,1
35512,5
35513,5
35513,1
35513,17
35513,13
35514,3
35515,3
35515,5
35516,3
35516,161
35517,3
35517,5
35518,3
35519,1
35519,5
35520,3
35521,9
35521,5
35522,47
35522,83
35522,2
35522,13
35522,17
35522,6
35523,3
35523,5
35524,3
35525,3
35525,161
35526,1
35526,5
35527,29
35527,9
35527,1
35527,111
35528,5
35528,1
35528,17
35528,13
35529,3
35530,11
35530,3
35530,5
35531,47
35531,83
35531,2
35531,13
35531,17
35531,6
35532,3
35532,5
35533,5
35533,1
35533,17
35533,13
35534,3
35534,161
35535,1
35535,5
35536,1
35536,5
35537,3
35538,47
35538,83
35538,2
35538,13
35538,17
35538,6
35539,3
35539,161
35540,3
35540,5
35541,1
35541,5
35542,1
35542,5
35543,5
35543,1
35543,17
35543,13
35544,3
35545,2
35545,1
35546,3
35546,5
35547,9
35548,1
35548,5
35549,9
35549,5
35550,9
35550,83
35550,2
35550,3
35550,17
35551,9
35551,5
35552,9
35552,5
35553,40
35553,1
35553,5
35554,3
35555,3
35555,161
35556,3
35556,1
35556,5
35557,29
35557,9
35557,1
35558,3
35558,5
35559,1
35559,5
35560,9
35560,5
35561,3
35561,5
35562,9
35562,5
35563,9
35563,5
35564,9
35564,83
35564,2
35564,3
35564,17
35565,29
35565,9
35565,1
35566,3
35567,9
35568,3
35568,161
35569,4
35569,9
35569,1
35569,5
35570,3
35570,5
35571,1
35571,5
35572,3
35572,5
35573,9
35573,83
35573,2
35573,3
35573,17
35574,9
35574,5
35575,3
35575,5
35576,40
35576,9
35576,29
35576,1
35576,2
35576,4
35576,56
35576,13
35576,6
35577,3
35577,9
35577,5
35577,13
35578,9
35578,5
35579,3
35580,3
35580,5
35581,9
35581,5
35582,9
35582,5
35583,3
35583,5
35584,29
35584,1
35585,9
35585,5
35586,9
35586,1
35586,83
35586,5
35586,6
35587,3
35587,161
35588,3
35588,9
35588,5
35589,9
35589,5
35590,9
35590,316
35590,1
35590,4
35590,3
35590,5
35590,17
35590,6
35591,3
35591,1
35592,11
35592,3
35592,5
35593,4
35593,1
35593,6
35594,3
35594,5
35595,3
35596,3
35596,5
35597,3
35598,4
35598,1
35598,6
35599,3
35599,5
35600,3
35600,5
35601,4
35601,1
35601,6
35602,3
35603,9
35603,1
35604,3
35605,1
35605,2
35605,3
35605,4
35605,5
35605,6
35606,29
35606,1
35606,5
35607,3
35607,5
35608,1
35608,5
35609,3
35609,5
35610,3
35610,5
35611,3
35611,1
35612,3
35613,9
35613,5
35614,9
35615,29
35615,9
35615,1
35616,3
35616,5
35617,3
35617,161
35618,1
35618,5
35619,4
35619,1
35619,6
35620,9
35620,5
35621,3
35621,5
35622,9
35622,83
35622,2
35622,3
35622,17
35623,4
35623,1
35623,6
35624,29
35624,1
35624,5
35625,9
35625,5
35626,3
35627,3
35627,1
35627,5
35628,3
35628,5
35629,9
35630,3
35630,161
35631,1
35631,5
35632,9
35632,5
35633,9
35633,5
35634,9
35634,83
35634,2
35634,3
35634,17
35635,3
35635,5
35636,4
35636,1
35636,6
35637,29
35637,1
35637,5
35638,3
35639,3
35639,1
35639,5
35640,3
35640,5
35641,1
35641,5
35642,9
35643,3
35643,161
35644,9
35644,5
35645,9
35645,5
35646,3
35646,5
35647,9
35647,83
35647,2
35647,3
35647,17
35648,4
35648,1
35648,6
35649,29
35649,1
35649,5
35650,3
35650,1
35650,5
35651,3
35652,9
35652,5
35653,3
35653,161
35654,3
35654,5
35655,1
35655,5
35656,9
35657,9
35657,5
35658,4
35658,1
35658,6
35659,9
35659,83
35659,2
35659,3
35659,17
35660,3
35660,5
35661,4
35661,1
35661,6
35662,29
35662,1
35662,5
35663,9
35663,5
35664,3
35664,1
35664,5
35665,3
35666,3
35666,161
35667,3
35667,5
35668,9
35669,1
35669,5
35670,4
35670,1
35670,6
35671,9
35671,1
35672,3
35672,5
35673,9
35673,83
35673,2
35673,3
35673,17
35674,4
35674,1
35674,6
35675,3
35675,1
35676,3
35676,1
35676,5
35677,3
35678,9
35679,3
35679,161
35680,9
35680,5
35681,3
35681,5
35682,1
35682,5
35683,9
35683,1
35684,3
35684,5
35685,3
35685,1
35685,5
35686,29
35686,13
35686,6
35687,3
35687,5
35688,9
35688,5
35689,9
35689,5
35690,3
35690,161
35691,29
35691,9
35691,1
35692,3
35692,5
35693,3
35694,3
35695,9
35695,1
35696,9
35697,1
35697,5
35698,3
35698,161
35699,11
35699,3
35700,4
35700,1
35700,6
35701,3
35701,5
35702,12
35702,3
35702,56
35702,5
35702,74
35702,17
35703,9
35703,5
35704,4
35704,1
35704,6
35705,1
35705,2
35705,3
35705,4
35705,5
35705,6
35706,1
35706,2
35706,3
35706,4
35706,5
35706,6
35707,3
35708,9
35709,3
35709,161
35710,3
35710,9
35710,5
35711,3
35711,5
35712,1
35712,5
35713,9
35713,1
35714,47
35714,29
35714,4
35714,3
35714,6
35715,40
35715,9
35715,29
35715,1
35715,2
35715,4
35715,56
35715,13
35715,6
35716,3
35716,9
35716,5
35717,5
35717,9
35717,1
35718,3
35718,1
35718,5
35719,3
35719,161
35720,3
35720,5
35721,5
35721,9
35721,1
35722,3
35722,5
35723,29
35723,9
35723,1
35724,29
35724,9
35724,1
35725,9
35725,5
35726,3
35727,3
35728,9
35729,3
35729,161
35730,3
35730,5
35731,1
35731,5
35732,4
35732,1
35732,6
35733,9
35733,83
35733,2
35733,3
35733,17
35734,47
35734,29
35734,4
35734,3
35734,6
35735,4
35735,3
35735,1
35735,5
35736,9
35736,5
35737,47
35737,29
35737,4
35737,3
35737,6
35738,3
35738,161
35739,9
35739,5
35740,3
35740,5
35741,3
35742,3
35743,29
35743,9
35743,1
35744,3
35744,5
35745,9
35745,5
35746,1
35746,5
35747,3
35747,5
35748,29
35748,1
35748,5
35749,9
35749,83
35749,2
35749,3
35749,17
35750,3
35751,3
35751,161
35752,3
35752,5
35753,9
35753,5
35754,9
35754,5
35755,9
35755,5
35756,3
35757,9
35758,29
35758,1
35758,5
35759,1
35759,5
35760,29
35760,13
35760,6
35761,9
35761,5
35762,3
35762,5
35763,1
35763,5
35764,3
35765,47
35765,83
35765,2
35765,13
35765,17
35765,6
35766,3
35766,161
35767,29
35767,9
35767,1
35768,3
35768,5
35769,40
35769,9
35769,29
35769,1
35769,17
35769,6
35770,9
35770,5
35771,1
35771,5
35772,5
35772,1
35772,17
35772,13
35773,3
35774,3
35774,1
35774,5
35775,3
35775,161
35776,47
35776,83
35776,2
35776,13
35776,17
35776,6
35777,3
35777,5
35778,5
35778,1
35778,17
35778,13
35779,3
35780,1
35780,5
35781,1
35781,5
35782,47
35782,83
35782,2
35782,13
35782,17
35782,6
35783,3
35783,5
35784,1
35784,5
35785,3
35785,161
35786,1
35786,5
35787,5
35787,1
35787,17
35787,13
35788,3
35789,9
35790,9
35790,1
35790,5
35791,1
35791,5
35792,3
35792,161
35793,11
35793,3
35794,9
35794,1
35795,1
35795,2
35795,3
35795,4
35795,5
35795,6
35796,3
35796,5
35797,1
35797,2
35797,3
35797,4
35797,5
35797,6
35798,3
35799,9
35799,5
35800,9
35801,3
35801,5
35802,3
35802,161
35803,1
35803,5
35804,4
35804,1
35804,6
35805,9
35805,83
35805,2
35805,3
35805,17
35806,9
35806,5
35807,3
35808,3
35809,3
35809,13
35810,9
35810,83
35810,2
35810,3
35810,17
35811,3
35811,161
35812,11
35812,3
35812,5
35813,3
35813,5
35814,3
35814,5
35815,1
35815,5
35816,4
35816,5
35817,3
35817,1
35817,5
35818,2
35818,3
35818,1
35818,5
35819,1
35819,5
35820,3
35820,5
35821,3
35821,13
35822,3
35823,3
35823,161
35824,9
35824,5
35825,9
35825,1
35825,6
35826,3
35826,5
35827,9
35827,5
35828,1
35828,5
35829,9
35829,5
35830,12
35830,3
35830,56
35830,5
35830,74
35830,17
35831,3
35832,9
35832,83
35832,2
35832,3
35832,17
35833,166
35833,19
35834,3
35834,5
35835,3
35836,9
35836,5
35837,9
35837,83
35837,2
35837,3
35837,17
35838,9
35838,5
35839,1
35839,4
35839,74
35839,75
35839,17
35840,9
35840,1
35841,2
35841,1
35842,29
35842,1
35842,5
35843,3
35843,5
35844,3
35844,5
35845,4
35845,9
35845,1
35845,5
35846,4
35846,9
35846,1
35846,5
35847,3
35848,9
35848,83
35848,2
35848,3
35848,17
35849,9
35849,83
35849,2
35849,3
35849,17
35850,3
35851,3
35851,5
35852,9
35852,5
35853,29
35853,1
35853,5
35854,3
35854,5
35855,29
35855,1
35855,83
35855,2
35855,5
35855,17
35855,6
35856,3
35856,5
35857,3
35858,3
35858,161
35859,3
35860,3
35860,5
35861,9
35861,1
35862,29
35862,1
35862,5
35863,9
35864,3
35864,5
35865,3
35865,5
35866,1
35866,5
35867,9
35867,5
35868,9
35868,5
35869,3
35870,9
35871,3
35871,5
35872,3
35872,161
35873,1
35873,5
35874,2
35874,9
35874,1
35874,5
35875,3
35876,3
35876,5
35877,40
35877,9
35877,29
35877,1
35877,17
35877,6
35878,9
35878,1
35879,3
35879,5
35880,9
35880,83
35880,2
35880,3
35880,17
35881,9
35881,5
35882,9
35882,5
35883,12
35883,3
35883,56
35883,5
35883,74
35883,17
35884,3
35884,9
35884,1
35885,3
35886,3
35887,9
35887,1
35888,3
35888,5
35889,3
35889,161
35890,1
35890,5
35891,9
35892,3
35892,5
35893,9
35893,5
35894,3
35894,5
35895,3
35896,11
35896,3
35896,5
35897,2
35897,1
35898,3
35898,5
35899,3
35900,3
35900,5
35901,1
35901,5
35902,40
35902,9
35902,29
35902,1
35902,17
35902,6
35903,3
35903,5
35904,9
35904,5
35905,3
35906,9
35906,5
35907,3
35907,161
35908,13
35908,6
35909,3
35909,5
35910,3
35910,5
35911,9
35911,1
35912,1
35912,5
35913,9
35913,5
35914,3
35914,5
35915,3
35915,5
35916,9
35916,83
35916,3
35916,111
35916,13
35916,6
35917,3
35918,2
35918,1
35919,9
35920,3
35920,5
35921,3
35921,5
35922,1
35922,4
35922,74
35922,75
35922,17
35923,1
35923,5
35924,4
35924,9
35924,1
35924,5
35925,4
35925,9
35925,1
35925,5
35926,3
35927,9
35927,5
35928,2
35929,3
35929,5
35930,3
35930,5
35931,9
35931,5
35932,3
35932,5
35933,12
35933,2
35933,3
35933,5
35933,17
35934,3
35934,5
35935,9
35935,5
35936,3
35937,3
35937,161
35938,3
35939,9
35939,1
35940,29
35940,1
35940,5
35941,9
35942,3
35942,5
35943,3
35943,5
35944,2
35944,1
35945,9
35945,5
35946,9
35946,5
35947,3
35947,5
35948,9
35948,83
35948,3
35948,111
35948,13
35948,6
35949,3
35950,2
35950,1
35951,9
35952,9
35952,1
35952,5
35953,9
35953,5
35953,13
35954,1
35954,5
35955,3
35955,9
35955,1
35956,3
35956,5
35957,4
35957,1
35957,6
35958,4
35958,1
35958,6
35959,3
35959,5
35960,9
35960,1
35961,5
35962,3
35963,3
35963,5
35964,3
35964,161
35965,3
35965,5
35966,3
35966,5
35967,9
35968,9
35969,1
35969,5
35970,166
35970,19
35971,166
35971,19
35972,12
35972,3
35972,56
35972,5
35972,74
35972,17
35973,29
35973,1
35973,5
35974,9
35974,5
35975,166
35975,19
35976,3
35976,5
35977,29
35977,1
35977,5
35978,40
35978,9
35978,29
35978,1
35978,17
35978,6
35979,3
35979,5
35980,3
35980,5
35981,3
35981,1
35981,5
35982,1
35983,40
35983,1
35983,5
35984,40
35984,1
35984,3
35984,5
35984,6
35985,3
35985,9
35985,5
35986,9
35986,1
35987,13
35987,6
35988,13
35988,6
35989,3
35989,5
35990,3
35991,29
35991,9
35991,1
35991,111
35992,3
35992,161
35993,9
35994,9
35995,1
35995,5
35996,3
35996,1
35996,5
35997,3
35997,9
35997,5
35998,47
35998,29
35998,4
35998,3
35998,6
35999,40
35999,1
35999,3
35999,5
35999,6
36000,11
36000,3
36001,3
36002,5
36002,3
36002,9
36002,1
36003,3
36003,5
36004,3
36004,5
36005,3
36005,161
36006,4
36006,9
36006,1
36006,5
36007,3
36007,5
36008,9
36009,4
36009,9
36009,1
36009,5
36010,9
36011,2
36011,29
36012,4
36012,11
36012,1
36013,1
36013,5
36014,4
36014,1
36014,6
36015,4
36015,9
36015,1
36015,5
36016,3
36017,29
36017,9
36018,2
36018,1
36019,4
36019,9
36019,1
36019,5
36020,29
36020,9
36021,9
36022,9
36023,9
36024,4
36024,11
36024,1
36025,1
36025,5
36026,4
36026,1
36026,6
36027,2
36027,3
36027,1
36027,5
36028,3
36029,2
36029,1
36030,1
36030,5
36031,1
36031,5
36032,40
36032,9
36032,29
36032,1
36032,2
36032,4
36032,56
36032,13
36032,6
36033,1
36033,5
36034,2
36034,3
36035,4
36035,40
36035,1
36035,75
36036,40
36036,9
36036,29
36036,1
36036,2
36036,4
36036,56
36036,13
36036,6
36037,1
36037,17
36038,9
36039,9
36039,1
36039,5
36040,5
36041,2
36041,29
36042,13
36042,6
36043,9
36043,1
36044,9
36044,1
36045,29
36045,9
36045,1
36046,3
36046,5
36047,3
36047,5
36048,29
36048,9
36048,1
36049,11
36049,3
36050,3
36050,5
36051,2
36051,9
36051,1
36051,5
36052,29
36052,6
36052,17
36052,83
36053,3
36053,5
36054,9
36054,5
36055,3
36055,5
36056,3
36056,1
36056,5
36057,3
36057,5
36058,3
36058,5
36059,3
36060,3
36060,161
36061,3
36062,3
36062,5
36063,3
36064,1
36064,5
36065,2
36065,1
36066,3
36066,1
36066,5
36067,4
36067,3
36067,1
36067,5
36068,29
36068,9
36068,1
36069,9
36069,5
36070,40
36070,5
36071,1
36071,4
36071,74
36071,75
36071,17
36072,9
36072,5
36073,3
36073,5
36074,9
36075,1
36075,4
36075,74
36075,75
36075,17
36076,3
36076,5
36077,1
36077,4
36077,74
36077,75
36077,17
36078,9
36079,9
36079,5
36080,9
36080,5
36081,3
36081,5
36082,9
36083,9
36083,1
36084,9
36084,5
36085,1
36085,5
36086,3
36086,5
36087,9
36087,5
36088,9
36088,5
36089,3
36089,5
36090,1
36090,5
36091,11
36091,5
36092,11
36092,5
36093,40
36093,1
36093,5
36094,3
36094,5
36095,9
36095,1
36095,5
36096,40
36096,9
36096,29
36096,1
36096,2
36096,4
36096,56
36096,13
36096,6
36097,3
36097,5
36098,3
36098,5
36099,9
36099,1
36100,3
36101,9
36102,29
36102,9
36102,1
36103,9
36103,1
36103,5
36104,3
36105,2
36105,3
36105,1
36105,5
36106,2
36106,1
36107,9
36107,5
36108,1
36108,5
36109,3
36109,1
36109,5
36110,3
36111,9
36111,5
36112,3
36112,5
36113,9
36113,5
36114,3
36114,5
36114,6
36115,9
36115,5
36116,2
36116,1
36117,9
36117,5
36118,9
36118,5
36119,1
36119,4
36119,74
36119,75
36119,17
36120,2
36120,3
36120,9
36120,5
36121,1
36121,4
36121,74
36121,75
36121,17
36122,1
36122,4
36122,74
36122,75
36122,17
36123,9
36123,5
36124,1
36124,4
36124,74
36124,75
36124,17
36125,1
36125,4
36125,74
36125,75
36125,17
36126,3
36127,40
36127,5
36128,9
36128,1
36129,9
36129,1
36130,56
36130,5
36130,13
36131,3
36132,3
36132,13
36133,9
36133,5
36134,3
36135,3
36135,5
36136,9
36136,1
36137,3
36137,161
36138,2
36138,1
36139,40
36139,9
36139,29
36139,1
36139,5
36139,13
36140,40
36140,9
36140,29
36140,1
36140,5
36140,13
36141,1
36141,5
36142,2
36142,1
36143,3
36144,1
36144,5
36145,3
36145,1
36145,5
36146,3
36146,5
36147,3
36147,161
36148,3
36148,161
36149,1
36149,5
36150,1
36150,5
36151,2
36151,3
36152,3
36153,40
36153,9
36153,29
36153,1
36153,17
36153,6
36154,40
36154,9
36154,29
36154,1
36154,17
36154,6
36155,11
36155,3
36155,5
36156,166
36156,19
36157,3
36158,3
36158,1
36158,5
36159,2
36159,1
36160,1
36160,5
36161,9
36161,1
36161,83
36161,5
36161,13
36161,17
36162,3
36162,5
36163,1
36163,5
36164,9
36164,1
36165,9
36166,29
36166,9
36167,40
36167,9
36167,29
36167,1
36167,2
36167,4
36167,56
36167,13
36167,6
36168,47
36168,29
36168,4
36168,3
36168,6
36169,3
36170,2
36170,1
36171,9
36171,1
36172,1
36172,2
36172,3
36172,4
36172,5
36172,6
36173,9
36173,1
36174,9
36174,1
36175,3
36175,5
36176,3
36176,1
36177,3
36177,9
36177,1
36178,3
36179,1
36179,5
36180,9
36181,2
36181,1
36182,9
36182,1
36182,83
36182,5
36182,13
36182,17
36183,3
36183,5
36184,1
36184,5
36185,3
36185,1
36185,5
36186,3
36186,1
36186,5
36187,3
36188,2
36188,1
36189,9
36189,1
36189,83
36189,5
36189,13
36189,17
36190,47
36190,29
36190,4
36190,3
36190,6
36191,40
36191,9
36191,29
36191,1
36191,2
36191,4
36191,56
36191,13
36191,6
36192,3
36192,5
36193,1
36193,5
36194,9
36195,3
36196,2
36196,1
36197,40
36197,9
36197,29
36197,1
36197,2
36197,4
36197,56
36197,13
36197,6
36198,3
36199,9
36199,1
36199,83
36199,5
36199,13
36199,17
36200,9
36200,1
36201,3
36201,5
36202,1
36202,5
36203,9
36204,9
36204,1
36205,40
36205,9
36205,29
36205,1
36205,2
36205,4
36205,56
36205,13
36205,6
36206,3
36206,5
36207,3
36208,2
36208,1
36209,9
36209,1
36209,5
36210,2
36210,1
36211,3
36211,1
36211,5
36212,9
36212,5
36213,9
36214,2
36214,3
36215,2
36215,3
36216,5
36216,9
36216,1
36217,1
36217,4
36217,74
36217,75
36217,17
36218,1
36218,4
36218,74
36218,75
36218,17
36219,9
36220,3
36221,2
36221,1
36222,3
36222,1
36222,5
36223,1
36223,5
36224,29
36224,9
36224,1
36224,5
36225,3
36225,5
36225,13
36226,4
36226,1
36226,6
36227,40
36227,9
36227,29
36227,1
36227,17
36227,6
36228,29
36228,1
36229,1
36229,17
36230,29
36230,1
36231,3
36232,11
36232,5
36233,3
36233,1
36233,5
36234,3
36234,1
36234,5
36235,3
36235,1
36235,5
36236,3
36237,3
36237,1
36237,5
36238,4
36238,1
36238,6
36239,4
36239,1
36239,6
36240,4
36240,1
36240,6
36241,4
36241,1
36241,6
36242,4
36242,1
36242,6
36243,1
36243,5
36244,9
36245,3
36245,5
36246,3
36247,2
36247,1
36248,2
36248,3
36249,3
36249,5
36250,3
36250,5
36251,29
36251,9
36251,1
36252,29
36252,6
36252,17
36252,83
36253,3
36253,5
36254,2
36254,1
36255,9
36255,5
36256,3
36256,9
36256,1
36256,5
36257,4
36257,3
36257,1
36257,5
36258,9
36258,1
36258,5
36259,9
36260,2
36260,29
36261,29
36261,9
36261,1
36262,1
36262,4
36262,74
36262,75
36262,17
36263,3
36263,5
36264,29
36264,6
36264,17
36264,83
36265,3
36265,5
36266,3
36266,5
36267,3
36267,5
36268,3
36268,5
36269,3
36269,5
36270,9
36270,1
36270,5
36270,13
36271,9
36271,1
36271,5
36271,13
36272,1
36272,5
36272,13
36273,1
36273,5
36273,13
36274,9
36274,1
36275,9
36275,1
36275,5
36275,13
36276,9
36276,1
36276,5
36276,13
36277,9
36277,1
36277,5
36277,13
36278,3
36279,13
36279,6
36280,3
36281,2
36281,1
36282,13
36282,6
36283,13
36283,6
36284,3
36284,5
36285,9
36285,5
36285,13
36286,1
36286,5
36287,9
36287,5
36288,13
36288,6
36289,13
36289,6
36290,13
36290,6
36291,2
36291,1
36292,3
36292,13
36293,9
36293,1
36294,9
36294,83
36294,2
36294,3
36294,17
36295,9
36295,1
36296,3
36296,161
36297,9
36297,1
36298,47
36298,1
36298,3
36298,56
36298,5
36299,3
36299,5
36300,47
36300,1
36300,3
36300,56
36300,5
36301,9
36301,1
36302,9
36302,1
36303,47
36303,1
36303,3
36303,56
36303,5
36304,9
36304,1
36305,47
36305,1
36305,3
36305,56
36305,5
36306,47
36306,1
36306,3
36306,56
36306,5
36307,47
36307,1
36307,3
36307,56
36307,5
36308,3
36308,5
36309,5
36309,9
36309,1
36310,47
36310,1
36310,3
36310,56
36310,5
36311,2
36311,29
36312,3
36312,1
36312,5
36313,3
36314,29
36314,1
36315,11
36315,5
36316,29
36316,9
36316,1
36316,5
36317,29
36317,9
36317,1
36317,5
36318,29
36318,9
36318,1
36318,5
36319,3
36320,13
36321,9
36321,1
36321,13
36321,83
36322,1
36322,5
36323,3
36323,161
36323,5
36323,83
36324,3
36325,40
36325,9
36325,29
36325,1
36325,17
36325,6
36326,9
36326,5
36327,9
36328,9
36329,3
36329,5
36330,3
36331,1
36331,5
36332,4
36332,1
36332,6
36333,2
36333,1
36334,9
36334,5
36334,13
36335,3
36336,9
36336,5
36336,13
36337,2
36337,29
36338,9
36338,1
36338,83
36338,5
36338,6
36339,9
36339,1
36339,83
36339,5
36339,6
36340,40
36340,9
36340,29
36340,1
36340,2
36340,4
36340,56
36340,13
36340,6
36341,2
36341,1
36342,9
36343,9
36344,3
36344,5
36345,2
36345,1
36346,1
36346,5
36347,29
36347,9
36347,1
36348,9
36348,1
36348,4
36348,56
36348,6
36349,3
36350,3
36351,29
36351,9
36352,3
36352,9
36352,5
36353,1
36353,5
36354,3
36354,1
36354,5
36355,3
36355,5
36356,9
36356,1
36356,5
36357,3
36358,9
36358,1
36358,5
36359,3
36359,5
36360,13
36361,9
36361,1
36361,83
36361,5
36361,13
36361,17
36362,9
36363,40
36363,1
36363,5
36364,29
36364,9
36364,1
36365,1
36365,5
36366,9
36367,9
36367,1
36368,3
36368,5
36369,40
36369,5
36370,1
36370,5
36371,3
36371,5
36372,29
36372,6
36372,17
36372,83
36373,3
36373,5
36374,3
36374,5
36375,1
36375,5
36376,3
36376,5
36377,9
36377,1
36378,3
36378,161
36379,40
36379,1
36379,3
36379,5
36379,6
36380,3
36380,5
36381,9
36381,83
36381,2
36381,3
36381,17
36382,9
36382,83
36382,2
36382,3
36382,17
36383,40
36383,9
36383,29
36383,1
36383,2
36383,4
36383,56
36383,13
36383,6
36384,3
36384,5
36385,5
36386,3
36386,9
36386,5
36386,13
36387,9
36387,316
36387,1
36387,4
36387,3
36387,5
36387,17
36387,6
36388,3
36388,5
36389,1
36390,9
36390,5
36391,1
36391,5
36392,3
36392,9
36392,5
36393,29
36393,1
36394,1
36394,5
36395,3
36395,161
36396,3
36396,161
36397,1
36397,5
36398,1
36398,5
36399,4
36399,1
36399,6
36400,3
36400,1
36400,5
36401,3
36402,3
36402,13
36403,3
36403,161
36404,9
36405,3
36405,5
36406,1
36406,5
36407,3
36408,3
36408,5
36409,3
36410,3
36410,1
36411,4
36411,1
36411,6
36412,3
36413,29
36413,6
36413,17
36413,83
36414,4
36414,11
36414,1
36415,3
36416,47
36416,29
36416,4
36416,3
36416,6
36417,3
36417,5
36418,3
36418,5
36419,9
36419,83
36419,2
36419,3
36419,17
36420,3
36420,5
36421,3
36421,5
36422,9
36422,1
36423,9
36423,83
36423,2
36423,3
36423,17
36424,3
36424,1
36424,5
36425,9
36425,1
36425,83
36425,5
36425,6
36426,40
36426,1
36426,3
36426,5
36426,6
36427,9
36427,83
36427,2
36427,3
36427,17
36428,12
36428,3
36428,56
36428,5
36428,74
36428,17
36429,29
36429,9
36429,1
36430,3
36431,4
36431,1
36431,6
36432,3
36433,1
36433,2
36433,3
36433,4
36433,5
36433,6
36434,3
36434,13
36435,9
36435,5
36436,3
36436,13
36437,4
36437,11
36437,1
36438,3
36438,13
36439,3
36440,9
36440,5
36441,3
36441,161
36442,9
36442,5
36443,29
36443,9
36443,1
36444,3
36444,5
36445,29
36445,6
36445,17
36445,83
36446,11
36446,5
36447,40
36447,9
36447,29
36447,1
36447,2
36447,4
36447,56
36447,13
36447,6
36448,29
36448,13
36448,6
36449,3
36449,13
36450,3
36450,5
36451,3
36451,5
36452,3
36452,5
36453,9
36453,5
36454,1
36455,1
36456,3
36456,13
36457,9
36457,5
36458,3
36458,5
36459,3
36459,13
36460,3
36460,13
36461,3
36461,13
36462,1
36463,3
36463,13
36464,9
36464,5
36465,3
36465,161
36466,3
36466,5
36467,3
36467,5
36467,13
36468,3
36469,3
36469,5
36469,13
36470,3
36470,5
36471,29
36471,1
36472,29
36472,17
36473,9
36474,9
36474,5
36475,9
36475,1
36475,5
36476,11
36476,5
36477,9
36478,1
36478,5
36479,2
36479,1
36480,29
36480,9
36481,3
36482,2
36482,3
36483,4
36483,1
36483,6
36484,3
36484,13
36485,1
36485,5
36486,3
36486,1
36486,5
36487,9
36487,5
36488,2
36488,3
36489,11
36489,3
36489,5
36490,3
36490,11
36490,1
36490,5
36491,3
36491,5
36492,29
36492,9
36492,1
36493,2
36493,3
36494,2
36494,3
36495,3
36495,11
36495,1
36495,5
36496,11
36496,3
36496,5
36497,11
36497,3
36497,5
36498,3
36498,11
36498,1
36498,5
36499,2
36499,3
36500,3
36500,11
36500,1
36500,5
36501,11
36501,3
36501,5
36502,2
36502,3
36503,2
36503,3
36504,3
36504,11
36504,1
36504,5
36505,11
36505,3
36505,5
36506,3
36506,11
36506,1
36506,5
36507,11
36507,3
36507,5
36508,2
36508,3
36509,2
36509,3
36510,2
36510,3
36511,2
36511,3
36512,3
36512,5
36513,2
36513,3
36514,2
36514,3
36514,9
36515,3
36515,11
36515,1
36515,5
36516,2
36516,3
36517,2
36517,1
36518,1
36518,5
36519,3
36519,1
36519,5
36520,3
36520,11
36520,1
36520,5
36521,11
36521,3
36521,5
36522,2
36522,3
36523,3
36523,11
36523,1
36523,5
36524,11
36524,3
36524,5
36525,2
36525,3
36526,2
36526,1
36527,40
36527,9
36527,29
36527,1
36527,17
36527,6
36528,2
36528,3
36529,11
36529,3
36529,5
36530,2
36530,3
36530,9
36531,3
36531,11
36531,1
36531,5
36532,3
36532,11
36532,1
36532,5
36533,11
36533,3
36533,5
36534,11
36534,3
36534,5
36535,11
36535,3
36535,5
36536,2
36536,3
36537,3
36537,11
36537,1
36537,5
36538,2
36538,3
36538,9
36539,11
36539,3
36539,5
36540,11
36540,3
36540,5
36541,2
36541,3
36542,11
36542,3
36542,5
36543,11
36543,3
36543,5
36544,2
36544,3
36545,11
36545,3
36545,5
36546,3
36546,11
36546,1
36546,5
36547,3
36547,11
36547,1
36547,5
36548,11
36548,3
36548,5
36549,11
36549,3
36549,5
36550,2
36550,3
36551,11
36551,3
36551,5
36552,3
36552,11
36552,1
36552,5
36553,11
36553,3
36553,5
36554,11
36554,3
36554,5
36555,11
36555,3
36555,5
36556,2
36556,3
36557,2
36557,3
36557,9
36558,11
36558,3
36558,5
36559,11
36559,3
36559,5
36560,2
36560,3
36561,3
36561,11
36561,1
36561,5
36562,11
36562,3
36562,5
36563,11
36563,3
36563,5
36564,2
36564,3
36565,3
36565,11
36565,1
36565,5
36566,11
36566,3
36566,5
36567,11
36567,3
36567,5
36568,11
36568,3
36568,5
36569,11
36569,3
36569,5
36570,3
36570,11
36570,1
36570,5
36571,2
36571,3
36572,3
36572,11
36572,1
36572,5
36573,11
36573,3
36573,5
36574,11
36574,3
36574,5
36575,11
36575,3
36575,5
36576,2
36576,3
36577,11
36577,3
36577,5
36578,3
36578,11
36578,1
36578,5
36579,11
36579,3
36579,5
36580,2
36580,3
36581,3
36581,11
36581,1
36581,5
36582,9
36583,11
36583,3
36583,5
36584,2
36584,3
36585,11
36585,3
36585,5
36586,11
36586,3
36586,5
36587,3
36587,11
36587,1
36587,5
36588,11
36588,3
36588,5
36589,11
36589,3
36589,5
36590,2
36590,3
36591,11
36591,3
36591,5
36592,3
36592,11
36592,1
36592,5
36593,2
36593,3
36593,9
36594,11
36594,3
36594,5
36595,11
36595,3
36595,5
36596,2
36596,3
36597,3
36597,11
36597,1
36597,5
36598,29
36598,5
36599,11
36599,3
36599,5
36600,11
36600,3
36600,5
36601,2
36601,3
36602,3
36602,11
36602,1
36602,5
36603,11
36603,3
36603,5
36604,2
36604,1
36605,11
36605,3
36605,5
36606,2
36606,3
36607,3
36607,11
36607,1
36607,5
36608,2
36608,3
36608,9
36609,11
36609,3
36609,5
36610,11
36610,3
36610,5
36611,2
36611,3
36612,3
36612,11
36612,1
36612,5
36613,2
36613,1
36614,11
36614,3
36614,5
36615,11
36615,3
36615,5
36616,2
36616,3
36617,3
36617,11
36617,1
36617,5
36618,2
36618,1
36619,11
36619,3
36619,5
36620,11
36620,3
36620,5
36621,2
36621,3
36621,9
36622,2
36622,3
36622,9
36623,2
36623,3
36624,3
36624,11
36624,1
36624,5
36625,2
36625,3
36625,9
36626,11
36626,3
36626,5
36627,11
36627,3
36627,5
36628,2
36628,3
36629,3
36629,11
36629,1
36629,5
36630,2
36630,3
36630,9
36631,11
36631,3
36631,5
36632,2
36632,3
36633,11
36633,3
36633,5
36634,2
36634,3
36635,3
36635,11
36635,1
36635,5
36636,3
36636,11
36636,1
36636,5
36637,11
36637,3
36637,5
36638,2
36638,3
36638,9
36639,9
36639,1
36639,83
36639,5
36639,6
36640,2
36640,3
36641,11
36641,3
36641,5
36642,3
36642,11
36642,1
36642,5
36643,3
36643,5
36644,11
36644,3
36644,5
36645,11
36645,3
36645,5
36646,2
36646,3
36647,3
36647,11
36647,1
36647,5
36648,2
36648,3
36648,9
36649,2
36649,3
36649,9
36650,11
36650,3
36650,5
36651,3
36651,13
36651,6
36652,3
36652,161
36653,3
36654,9
36654,5
36655,2
36655,3
36656,3
36656,11
36656,1
36656,5
36657,1
36657,5
36658,11
36658,3
36658,5
36659,11
36659,3
36659,5
36660,11
36660,3
36660,5
36661,2
36661,3
36662,3
36662,11
36662,1
36662,5
36663,11
36663,3
36663,5
36664,11
36664,3
36664,5
36665,11
36665,3
36665,5
36666,2
36666,3
36666,9
36667,2
36667,3
36668,3
36668,11
36668,1
36668,5
36669,11
36669,3
36669,5
36670,11
36670,3
36670,5
36671,11
36671,3
36671,5
36672,2
36672,3
36673,3
36673,11
36673,1
36673,5
36674,11
36674,3
36674,5
36675,11
36675,3
36675,5
36676,11
36676,3
36676,5
36677,3
36677,11
36677,1
36677,5
36678,11
36678,3
36678,5
36679,11
36679,3
36679,5
36680,2
36680,3
36681,11
36681,3
36681,5
36682,11
36682,3
36682,5
36683,3
36683,11
36683,1
36683,5
36684,11
36684,3
36684,5
36685,11
36685,3
36685,5
36686,11
36686,3
36686,5
36687,11
36687,3
36687,5
36688,3
36688,11
36688,1
36688,5
36689,2
36689,3
36690,11
36690,3
36690,5
36691,11
36691,3
36691,5
36692,3
36692,11
36692,1
36692,5
36693,2
36693,3
36693,9
36694,2
36694,3
36694,9
36695,11
36695,3
36695,5
36696,11
36696,3
36696,5
36697,2
36697,3
36698,9
36699,3
36699,11
36699,1
36699,5
36700,11
36700,3
36700,5
36701,11
36701,3
36701,5
36702,2
36702,3
36703,9
36704,3
36704,11
36704,1
36704,5
36705,11
36705,3
36705,5
36706,11
36706,3
36706,5
36707,11
36707,3
36707,5
36708,2
36708,3
36709,2
36709,3
36709,9
36710,2
36710,3
36710,9
36711,11
36711,3
36711,5
36712,2
36712,3
36713,3
36713,11
36713,1
36713,5
36714,2
36714,3
36714,9
36715,2
36715,3
36715,9
36716,11
36716,3
36716,5
36717,2
36717,3
36717,9
36718,2
36718,3
36718,9
36719,2
36719,3
36720,3
36720,11
36720,1
36720,5
36721,2
36721,3
36721,9
36722,2
36722,3
36722,9
36723,11
36723,3
36723,5
36724,2
36724,3
36724,9
36725,2
36725,3
36726,3
36726,11
36726,1
36726,5
36727,3
36727,11
36727,1
36727,5
36728,11
36728,3
36728,5
36729,11
36729,3
36729,5
36730,11
36730,3
36730,5
36731,2
36731,3
36732,3
36732,11
36732,1
36732,5
36733,2
36733,1
36734,11
36734,3
36734,5
36735,11
36735,3
36735,5
36736,3
36736,11
36736,1
36736,5
36737,11
36737,3
36737,5
36738,11
36738,3
36738,5
36739,11
36739,3
36739,5
36740,11
36740,3
36740,5
36741,3
36741,11
36741,1
36741,5
36742,11
36742,3
36742,5
36743,11
36743,3
36743,5
36744,2
36744,3
36745,11
36745,3
36745,5
36746,3
36746,11
36746,1
36746,5
36747,11
36747,3
36747,5
36748,2
36748,3
36749,9
36750,3
36750,11
36750,1
36750,5
36751,11
36751,3
36751,5
36752,11
36752,3
36752,5
36753,9
36754,2
36754,3
36755,3
36755,11
36755,1
36755,5
36756,11
36756,3
36756,5
36757,11
36757,3
36757,5
36758,11
36758,3
36758,5
36759,2
36759,3
36760,3
36760,11
36760,1
36760,5
36761,11
36761,3
36761,5
36762,11
36762,3
36762,5
36763,11
36763,3
36763,5
36764,2
36764,3
36765,3
36765,11
36765,1
36765,5
36766,11
36766,3
36766,5
36767,11
36767,3
36767,5
36768,11
36768,3
36768,5
36769,2
36769,3
36770,3
36770,11
36770,1
36770,5
36771,3
36771,5
36772,11
36772,3
36772,5
36773,11
36773,3
36773,5
36774,3
36774,11
36774,1
36774,5
36775,3
36775,5
36776,11
36776,3
36776,5
36777,11
36777,3
36777,5
36778,2
36778,3
36779,3
36779,11
36779,1
36779,5
36780,40
36780,9
36780,29
36780,1
36780,2
36780,4
36780,56
36780,13
36780,6
36781,2
36781,3
36781,9
36782,11
36782,3
36782,5
36783,2
36783,3
36783,9
36784,11
36784,3
36784,5
36785,2
36785,3
36785,9
36786,2
36786,3
36786,9
36787,2
36787,3
36788,3
36788,11
36788,1
36788,5
36789,11
36789,3
36789,5
36790,11
36790,3
36790,5
36791,11
36791,3
36791,5
36792,3
36792,1
36792,5
36793,40
36793,5
36794,3
36794,1
36794,5
36795,3
36795,1
36796,3
36796,5
36797,4
36797,11
36797,1
36798,3
36799,3
36800,4
36800,1
36800,6
36801,4
36801,11
36801,1
36802,3
36803,2
36803,3
36804,9
36804,83
36804,3
36804,111
36804,13
36804,6
36805,2
36805,9
36805,1
36805,5
36806,2
36806,3
36807,29
36807,9
36807,1
36807,5
36808,2
36808,9
36808,1
36808,5
36809,9
36809,1
36810,11
36810,3
36810,5
36811,13
36812,2
36812,9
36812,1
36812,5
36813,3
36814,9
36814,5
36815,3
36815,5
36816,3
36816,5
36817,3
36817,13
36818,9
36818,5
36819,40
36819,9
36819,29
36819,1
36819,2
36819,4
36819,56
36819,13
36819,6
36820,9
36820,1
36821,9
36821,1
36822,3
36822,5
36823,3
36823,11
36823,1
36823,5
36824,3
36825,3
36826,3
36827,40
36827,9
36827,29
36827,1
36827,17
36827,6
36828,1
36828,5
36829,3
36830,40
36830,9
36830,29
36830,1
36830,17
36830,6
36831,3
36832,3
36832,5
36833,2
36833,9
36833,1
36833,5
36834,2
36834,1
36835,3
36835,5
36836,9
36836,1
36836,5
36837,9
36837,1
36837,5
36838,2
36838,29
36839,9
36839,5
36840,3
36840,9
36840,1
36841,3
36841,5
36842,5
36842,3
36842,9
36842,1
36843,3
36843,5
36844,3
36844,1
36845,3
36845,9
36845,1
36846,3
36846,9
36846,1
36847,3
36847,13
36848,29
36848,9
36848,1
36848,5
36849,29
36849,1
36850,4
36850,1
36850,6
36851,9
36851,1
36851,4
36851,56
36851,6
36852,9
36853,9
36853,13
36854,9
36855,3
36856,9
36856,1
36856,4
36856,56
36856,6
36857,29
36857,1
36857,5
36858,4
36858,9
36858,1
36858,5
36859,9
36859,1
36859,5
36860,2
36860,1
36861,1
36861,5
36862,1
36862,3
36862,5
36862,13
36862,17
36863,29
36863,1
36863,5
36864,1
36864,5
36865,3
36866,3
36866,5
36867,3
36867,1
36867,5
36868,1
36868,5
36869,3
36870,3
36870,5
36871,29
36871,9
36871,1
36872,3
36873,9
36873,5
36874,1
36874,5
36875,3
36875,1
36875,5
36876,29
36876,9
36876,1
36877,3
36877,5
36877,13
36878,5
36878,9
36878,1
36879,1
36879,2
36879,3
36879,4
36879,5
36879,6
36880,9
36880,1
36880,5
36881,1
36881,5
36882,3
36882,161
36883,9
36883,5
36884,29
36884,1
36884,5
36885,4
36885,1
36885,6
36886,83
36886,3
36886,5
36886,74
36886,13
36887,29
36887,9
36887,1
36887,5
36888,9
36888,83
36888,2
36888,3
36888,17
36889,3
36890,9
36890,5
36891,11
36891,3
36892,3
36893,29
36893,9
36893,1
36894,3
36894,5
36895,3
36895,161
36896,1
36896,5
36897,3
36897,5
36898,3
36899,3
36899,5
36900,29
36900,9
36900,1
36901,3
36901,5
36901,13
36902,3
36902,161
36903,5
36903,9
36903,1
36904,29
36904,9
36904,1
36905,3
36905,5
36906,3
36907,1
36907,5
36908,9
36908,5
36909,3
36909,5
36909,13
36910,29
36910,9
36910,1
36911,5
36911,9
36911,1
36912,29
36912,6
36912,17
36912,83
36913,3
36913,161
36914,29
36914,6
36914,17
36914,83
36915,1
36915,4
36915,74
36915,75
36915,17
36916,9
36917,9
36917,5
36918,2
36918,1
36919,3
36919,5
36920,3
36920,5
36921,29
36921,13
36921,6
36922,3
36923,1
36923,2
36923,3
36923,4
36923,5
36923,6
36924,3
36924,5
36925,3
36925,5
36926,5
36927,4
36927,1
36927,6
36928,11
36928,3
36929,3
36929,161
36930,83
36930,3
36930,5
36930,74
36930,13
36931,3
36932,3
36932,5
36933,9
36934,3
36934,5
36935,3
36935,5
36936,3
36936,161
36937,2
36937,1
36938,3
36938,1
36938,5
36939,3
36939,5
36940,9
36940,83
36940,3
36940,111
36940,13
36940,6
36941,3
36941,5
36942,29
36942,1
36942,5
36943,3
36943,5
36944,3
36944,5
36945,3
36945,161
36946,11
36946,5
36947,3
36948,3
36948,1
36949,9
36949,1
36950,3
36951,9
36951,83
36951,3
36951,111
36951,13
36951,6
36952,9
36953,9
36954,3
36954,5
36955,3
36955,5
36956,1
36956,5
36957,3
36958,29
36958,13
36958,6
36959,4
36959,1
36959,6
36960,9
36960,5
36961,1
36961,2
36961,3
36961,4
36961,5
36961,6
36962,3
36962,5
36963,5
36964,3
36964,5
36965,3
36965,161
36966,9
36966,1
36966,5
36966,13
36967,29
36967,1
36968,3
36969,3
36969,13
36970,9
36970,5
36971,3
36971,161
36972,4
36972,9
36972,1
36972,5
36973,3
36973,1
36973,5
36974,3
36974,1
36974,5
36975,3
36975,161
36976,9
36977,40
36977,5
36978,3
36978,5
36979,2
36979,1
36980,3
36980,5
36981,9
36981,1
36982,9
36982,83
36982,2
36982,3
36982,17
36983,3
36984,3
36985,11
36985,3
36985,5
36986,3
36986,5
36987,3
36987,5
36988,3
36989,9
36989,5
36990,2
36990,3
36991,9
36991,1
36991,4
36991,56
36991,6
36992,3
36993,40
36993,9
36993,29
36993,1
36993,17
36993,6
36994,3
36995,2
36995,3
36996,9
36996,5
36997,9
36997,1
36997,4
36997,56
36997,6
36998,3
36998,13
36999,3
37000,3
37001,3
37001,13
37002,2
37002,3
37003,3
37004,9
37004,5
37005,3
37005,9
37005,5
37005,13
37006,3
37007,2
37007,3
37008,3
37008,13
37009,3
37009,5
37010,3
37010,5
37011,3
37012,3
37013,2
37013,3
37014,3
37014,5
37015,3
37016,3
37016,13
37017,40
37017,9
37017,29
37017,1
37017,17
37017,6
37018,40
37018,9
37018,29
37018,1
37018,17
37018,6
37019,3
37020,3
37020,13
37021,9
37021,5
37022,3
37022,5
37023,1
37023,5
37024,3
37024,5
37025,3
37025,5
37026,3
37026,161
37027,3
37028,29
37028,1
37029,3
37029,13
37030,3
37030,13
37031,3
37031,5
37032,9
37032,5
37033,29
37033,9
37033,1
37034,4
37034,9
37034,1
37034,5
37035,5
37035,1
37035,17
37035,13
37036,2
37036,3
37037,2
37037,1
37038,9
37038,83
37038,3
37038,111
37038,13
37038,6
37039,2
37039,3
37040,9
37040,83
37040,3
37040,111
37040,13
37040,6
37041,9
37042,29
37042,1
37042,5
37043,9
37043,83
37043,3
37043,111
37043,13
37043,6
37044,3
37044,5
37045,2
37045,3
37046,9
37046,83
37046,3
37046,111
37046,13
37046,6
37047,9
37047,5
37048,9
37048,83
37048,3
37048,111
37048,13
37048,6
37049,9
37049,83
37049,3
37049,111
37049,13
37049,6
37050,40
37050,5
37051,9
37051,1
37051,3
37051,5
37051,13
37051,17
37052,9
37052,5
37053,1
37053,5
37054,9
37054,5
37055,3
37056,9
37056,1
37056,5
37057,9
37057,83
37057,2
37057,3
37057,17
37058,3
37058,5
37059,40
37059,9
37059,29
37059,1
37059,2
37059,4
37059,56
37059,13
37059,6
37060,9
37061,40
37061,5
37062,9
37062,5
37063,3
37063,5
37064,3
37064,5
37065,4
37065,9
37065,1
37065,5
37066,1
37066,5
37067,9
37067,5
37068,3
37068,5
37069,3
37069,5
37070,12
37070,3
37070,56
37070,5
37070,74
37070,17
37071,3
37072,3
37072,161
37073,9
37073,5
37074,3
37075,9
37075,13
37076,9
37076,5
37077,1
37077,17
37078,9
37079,40
37079,5
37080,2
37080,1
37081,9
37081,5
37082,3
37082,5
37083,3
37083,5
37084,9
37084,5
37085,9
37085,83
37085,2
37085,3
37085,17
37086,9
37086,5
37087,3
37087,5
37088,3
37088,5
37089,9
37089,5
37090,3
37090,5
37091,9
37091,5
37092,166
37092,19
37093,3
37093,161
37094,3
37095,9
37095,1
37096,9
37097,4
37097,1
37097,6
37098,12
37098,3
37098,56
37098,5
37098,74
37098,17
37099,29
37099,1
37099,5
37100,9
37100,83
37100,2
37100,3
37100,17
37101,12
37101,3
37101,56
37101,5
37101,74
37101,17
37102,4
37102,1
37102,6
37103,4
37103,1
37103,6
37104,4
37104,1
37104,6
37105,3
37105,161
37106,4
37106,1
37106,6
37107,4
37107,1
37107,6
37108,4
37108,1
37108,6
37109,9
37109,5
37110,3
37111,4
37111,1
37111,6
37112,9
37112,1
37112,5
37113,29
37113,1
37113,5
37114,9
37114,1
37114,5
37115,3
37115,5
37116,19
37117,2
37117,1
37118,3
37119,40
37119,9
37119,29
37119,1
37119,2
37119,4
37119,56
37119,13
37119,6
37120,9
37121,9
37121,1
37122,40
37122,9
37122,29
37122,1
37122,2
37122,4
37122,56
37122,13
37122,6
37123,47
37123,29
37123,4
37123,3
37123,6
37124,166
37124,19
37125,9
37125,5
37126,3
37127,3
37127,161
37127,5
37127,83
37128,9
37128,29
37128,1
37128,56
37128,111
37128,17
37129,3
37129,1
37129,5
37130,3
37130,9
37130,1
37131,29
37131,1
37131,5
37132,29
37132,17
37133,9
37133,1
37133,5
37134,9
37134,1
37134,5
37135,3
37135,5
37136,29
37136,1
37136,5
37137,2
37137,1
37138,9
37138,5
37139,3
37139,5
37140,40
37140,9
37140,29
37140,1
37140,17
37140,6
37141,9
37141,5
37142,4
37142,9
37142,1
37142,5
37143,3
37144,2
37144,9
37144,1
37144,5
37145,3
37146,3
37146,5
37147,3
37147,5
37148,29
37148,9
37148,1
37148,13
37149,3
37149,5
37150,29
37150,1
37150,5
37151,3
37151,5
37152,11
37152,3
37152,5
37153,3
37153,1
37153,5
37154,29
37154,1
37155,3
37155,5
37156,3
37156,5
37157,1
37157,5
37158,3
37159,3
37159,5
37160,3
37161,9
37161,83
37161,3
37161,111
37161,13
37161,6
37162,9
37162,83
37162,3
37162,111
37162,13
37162,6
37163,4
37163,9
37163,1
37163,5
37164,9
37164,5
37165,9
37165,83
37165,3
37165,111
37165,13
37165,6
37166,9
37166,83
37166,3
37166,111
37166,13
37166,6
37167,9
37167,83
37167,3
37167,111
37167,13
37167,6
37168,47
37168,1
37168,3
37168,56
37168,5
37169,2
37169,3
37170,47
37170,1
37170,3
37170,56
37170,5
37171,2
37171,3
37172,2
37172,3
37173,9
37173,83
37173,3
37173,111
37173,13
37173,6
37174,1
37174,17
37175,29
37175,17
37176,9
37176,83
37176,3
37176,111
37176,13
37176,6
37177,9
37177,83
37177,3
37177,111
37177,13
37177,6
37178,9
37178,83
37178,3
37178,111
37178,13
37178,6
37179,3
37179,13
37180,9
37180,83
37180,3
37180,111
37180,13
37180,6
37181,47
37181,1
37181,3
37181,56
37181,5
37182,47
37182,1
37182,3
37182,56
37182,5
37183,9
37183,83
37183,3
37183,111
37183,13
37183,6
37184,9
37184,83
37184,3
37184,111
37184,13
37184,6
37185,9
37185,83
37185,3
37185,111
37185,13
37185,6
37186,9
37186,83
37186,3
37186,111
37186,13
37186,6
37187,9
37187,83
37187,3
37187,111
37187,13
37187,6
37188,11
37188,3
37188,5
37189,4
37189,9
37189,1
37189,5
37190,2
37190,1
37191,3
37191,5
37192,3
37192,5
37193,9
37194,9
37194,1
37195,40
37195,9
37195,29
37195,1
37195,2
37195,4
37195,56
37195,13
37195,6
37196,9
37196,5
37197,40
37197,9
37197,29
37197,1
37197,2
37197,4
37197,56
37197,13
37197,6
37198,40
37198,9
37198,29
37198,1
37198,2
37198,4
37198,56
37198,13
37198,6
37199,40
37199,9
37199,29
37199,1
37199,2
37199,4
37199,56
37199,13
37199,6
37200,3
37200,5
37201,3
37202,9
37202,5
37203,3
37203,13
37204,3
37204,5
37205,9
37205,5
37206,3
37206,161
37207,3
37207,5
37208,5
37208,9
37208,1
37209,9
37209,1
37209,83
37209,5
37209,6
37210,9
37210,316
37210,1
37210,4
37210,3
37210,5
37210,17
37210,6
37211,3
37211,1
37212,40
37212,1
37212,3
37212,5
37212,6
37213,3
37213,1
37213,5
37214,4
37214,1
37214,6
37215,9
37215,5
37216,3
37216,1
37216,5
37217,3
37218,3
37218,5
37219,3
37220,29
37220,1
37220,5
37221,3
37221,5
37222,9
37223,1
37223,5
37224,9
37224,5
37225,3
37226,9
37226,83
37226,2
37226,3
37226,17
37227,9
37227,5
37228,40
37228,1
37228,3
37228,5
37228,6
37229,29
37229,9
37229,1
37229,5
37230,3
37230,5
37231,9
37231,5
37232,40
37232,9
37232,29
37232,1
37232,2
37232,4
37232,56
37232,13
37232,6
37233,3
37233,5
37234,3
37234,5
37235,3
37235,5
37236,4
37236,9
37236,1
37236,5
37237,40
37237,5
37238,1
37238,5
37239,3
37239,5
37240,3
37240,5
37241,3
37241,161
37242,3
37242,1
37242,5
37243,3
37243,5
37244,3
37244,5
37245,9
37245,5
37246,3
37247,3
37247,161
37248,3
37248,161
37249,3
37249,9
37249,5
37250,40
37250,9
37250,29
37250,1
37250,2
37250,4
37250,56
37250,13
37250,6
37251,40
37251,9
37251,29
37251,1
37251,2
37251,4
37251,56
37251,13
37251,6
37252,40
37252,9
37252,29
37252,1
37252,2
37252,4
37252,56
37252,13
37252,6
37253,40
37253,9
37253,29
37253,1
37253,2
37253,4
37253,56
37253,13
37253,6
37254,40
37254,9
37254,29
37254,1
37254,2
37254,4
37254,56
37254,13
37254,6
37255,3
37256,40
37256,1
37256,3
37256,5
37256,6
37257,3
37257,5
37258,3
37258,161
37259,1
37259,5
37260,9
37261,9
37261,5
37262,3
37263,9
37263,83
37263,2
37263,3
37263,17
37264,9
37264,5
37265,40
37265,1
37265,3
37265,5
37265,6
37266,29
37266,9
37266,1
37266,5
37267,40
37267,9
37267,29
37267,1
37267,2
37267,4
37267,56
37267,13
37267,6
37268,3
37268,5
37269,3
37270,9
37270,5
37271,3
37271,5
37272,3
37272,5
37273,3
37273,5
37274,3
37274,5
37275,1
37275,5
37276,3
37276,161
37277,1
37277,5
37278,1
37278,5
37279,1
37279,5
37280,1
37280,5
37281,1
37281,5
37282,19
37283,29
37283,13
37283,6
37284,40
37284,9
37284,29
37284,1
37284,2
37284,4
37284,56
37284,13
37284,6
37285,29
37285,9
37286,3
37287,47
37287,83
37287,2
37287,13
37287,17
37287,6
37288,2
37288,1
37289,3
37289,5
37290,2
37290,29
37291,166
37291,19
37292,166
37292,19
37293,29
37293,1
37293,5
37293,13
37293,17
37294,3
37294,5
37295,3
37295,5
37296,3
37296,9
37296,5
37297,3
37298,40
37298,9
37298,29
37298,1
37298,2
37298,4
37298,56
37298,13
37298,6
37299,40
37299,9
37299,29
37299,1
37299,2
37299,4
37299,56
37299,13
37299,6
37300,9
37300,5
37301,40
37301,9
37301,29
37301,1
37301,2
37301,4
37301,56
37301,13
37301,6
37302,40
37302,9
37302,29
37302,1
37302,2
37302,4
37302,56
37302,13
37302,6
37303,3
37303,5
37304,40
37304,9
37304,29
37304,1
37304,2
37304,4
37304,56
37304,13
37304,6
37305,9
37305,5
37306,3
37306,1
37306,5
37307,29
37307,1
37307,5
37307,13
37307,17
37308,29
37308,1
37308,5
37308,13
37308,17
37309,3
37309,1
37309,5
37310,4
37310,3
37310,1
37310,5
37311,83
37311,4
37311,56
37311,13
37311,17
37312,3
37313,3
37313,5
37314,47
37314,29
37314,4
37314,3
37314,6
37315,29
37315,9
37315,1
37315,13
37316,29
37316,1
37316,5
37317,4
37317,11
37317,1
37318,29
37318,4
37319,40
37319,9
37319,29
37319,1
37319,2
37319,4
37319,56
37319,13
37319,6
37320,3
37320,5
37320,6
37321,29
37321,5
37322,29
37322,5
37323,9
37323,1
37324,3
37324,9
37324,1
37324,5
37325,29
37325,9
37325,1
37326,9
37326,5
37327,3
37327,13
37327,6
37328,3
37328,5
37328,6
37329,3
37329,11
37329,1
37329,5
37330,40
37330,9
37330,29
37330,1
37330,2
37330,4
37330,56
37330,13
37330,6
37331,166
37331,19
37332,3
37332,13
37332,6
37333,40
37333,9
37333,29
37333,1
37333,2
37333,4
37333,56
37333,13
37333,6
37334,1
37334,5
37335,3
37336,3
37337,9
37337,1
37338,9
37338,5
37339,3
37339,161
37340,9
37341,3
37341,5
37342,29
37342,1
37342,5
37343,3
37343,5
37344,2
37344,1
37345,3
37346,19
37347,2
37347,1
37348,3
37349,3
37350,3
37351,9
37351,83
37351,2
37351,3
37351,17
37352,29
37352,1
37352,5
37353,1
37353,5
37354,3
37354,5
37355,9
37355,1
37356,2
37356,1
37357,9
37358,3
37358,5
37359,47
37359,83
37359,2
37359,13
37359,17
37359,6
37360,317
37360,2
37360,5
37360,4
37361,29
37361,9
37361,1
37362,9
37363,9
37364,9
37364,1
37364,5
37365,9
37365,1
37365,83
37365,5
37365,13
37365,17
37366,3
37366,5
37367,5
37367,17
37367,13
37368,9
37368,5
37369,2
37369,1
37370,2
37370,1
37371,3
37371,5
37372,3
37372,5
37373,9
37373,1
37373,5
37374,9
37374,1
37374,5
37375,1
37375,5
37376,3
37377,2
37377,1
37378,3
37378,5
37379,3
37379,5
37380,2
37380,1
37381,3
37382,17
37382,12
37382,9
37382,5
37383,2
37383,11
37383,5
37383,13
37384,3
37384,11
37384,1
37384,5
37385,17
37385,12
37385,9
37385,5
37386,166
37386,19
37387,3
37387,9
37387,1
37388,166
37388,19
37389,9
37389,1
37390,9
37390,5
37391,9
37391,1
37392,47
37392,29
37392,4
37392,3
37392,6
37393,166
37393,19
37394,3
37395,3
37395,13
37396,3
37397,9
37398,9
37398,5
37399,3
37399,161
37400,4
37400,9
37400,1
37400,5
37401,4
37401,9
37401,1
37401,5
37402,3
37402,9
37402,5
37403,9
37403,5
37404,29
37404,9
37404,1
37404,5
37405,3
37405,5
37406,3
37406,5
37407,1
37407,5
37408,2
37408,1
37409,40
37409,9
37409,29
37409,1
37409,2
37409,4
37409,56
37409,13
37409,6
37410,3
37410,5
37411,3
37411,5
37412,3
37412,5
37413,1
37413,17
37414,40
37414,9
37414,29
37414,1
37414,2
37414,4
37414,56
37414,13
37414,6
37415,3
37415,1
37415,5
37416,40
37416,9
37416,29
37416,1
37416,2
37416,4
37416,56
37416,13
37416,6
37417,3
37417,9
37417,1
37418,83
37418,3
37418,5
37418,74
37418,13
37419,3
37420,3
37420,5
37421,1
37421,5
37422,3
37422,1
37422,5
37423,3
37424,11
37424,3
37424,5
37425,3
37425,9
37425,5
37426,3
37427,2
37427,1
37428,29
37428,9
37428,1
37428,111
37429,3
37429,9
37429,13
37430,3
37431,3
37432,3
37433,11
37433,3
37433,5
37434,11
37434,3
37434,5
37435,3
37436,3
37437,3
37437,1
37437,5
37438,4
37438,1
37438,6
37439,4
37439,1
37439,6
37440,11
37440,9
37440,12
37440,1
37440,2
37440,5
37440,13
37441,9
37441,1
37442,1
37442,5
37443,3
37443,5
37444,4
37444,1
37444,6
37445,40
37445,9
37445,29
37445,1
37445,2
37445,4
37445,56
37445,13
37445,6
37446,3
37447,11
37447,3
37447,5
37448,9
37448,5
37449,9
37450,3
37450,9
37450,5
37451,3
37451,5
37452,40
37452,1
37452,5
37453,3
37453,9
37453,5
37454,9
37455,40
37455,1
37455,5
37456,3
37456,161
37457,40
37457,1
37457,5
37458,29
37458,1
37458,5
37459,9
37459,5
37460,3
37460,9
37460,13
37461,2
37461,1
37462,29
37462,9
37462,1
37462,111
37463,11
37463,3
37463,5
37464,3
37465,3
37466,3
37467,11
37467,3
37467,5
37468,3
37468,13
37469,3
37470,11
37470,3
37470,5
37471,3
37472,3
37473,4
37473,1
37473,6
37474,4
37474,1
37474,6
37475,3
37475,1
37475,5
37476,11
37476,3
37476,5
37477,3
37477,13
37478,3
37479,3
37479,1
37479,5
37480,3
37480,1
37481,3
37481,1
37481,5
37482,3
37483,4
37483,1
37483,6
37484,3
37484,5
37485,3
37486,11
37486,3
37486,5
37487,3
37488,4
37488,9
37488,1
37488,5
37489,3
37489,5
37490,2
37490,3
37490,1
37490,5
37491,3
37492,3
37492,1
37492,5
37493,40
37493,1
37493,5
37494,3
37495,9
37495,1
37495,5
37495,13
37496,3
37496,5
37497,2
37497,3
37498,2
37498,3
37499,29
37499,1
37499,5
37500,3
37500,5
37501,9
37501,5
37502,9
37502,5
37503,9
37503,5
37504,3
37504,9
37504,5
37504,13
37505,9
37505,5
37506,9
37506,5
37507,9
37507,5
37508,3
37509,3
37509,1
37509,5
37510,3
37510,161
37511,3
37511,9
37511,5
37512,2
37512,1
37513,1
37513,4
37513,74
37513,75
37513,17
37514,2
37514,3
37515,4
37515,9
37515,1
37515,5
37516,4
37516,1
37516,6
37517,3
37518,3
37518,13
37519,4
37519,9
37519,1
37519,5
37520,3
37521,9
37522,3
37522,1
37523,3
37523,13
37524,2
37525,3
37525,5
37526,3
37526,5
37527,3
37527,9
37527,1
37527,5
37528,3
37528,9
37528,1
37528,5
37529,3
37529,1
37530,3
37530,5
37531,3
37531,5
37532,3
37532,1
37532,5
37533,3
37533,13
37534,29
37534,1
37534,5
37535,47
37535,83
37535,2
37535,13
37535,17
37535,6
37536,3
37536,5
37537,1
37537,5
37538,3
37539,3
37539,161
37540,29
37540,13
37540,6
37541,3
37542,9
37542,5
37543,9
37543,1
37543,5
37544,1
37544,4
37544,74
37544,75
37544,17
37545,2
37545,29
37546,40
37546,1
37546,5
37547,9
37547,5
37548,3
37549,9
37549,1
37550,3
37551,1
37552,1
37553,3
37553,5
37554,9
37554,83
37554,2
37554,3
37554,17
37555,3
37555,1
37555,5
37556,3
37556,13
37557,3
37557,5
37558,9
37558,83
37558,2
37558,3
37558,17
37559,11
37559,3
37559,5
37560,3
37560,161
37561,3
37561,1
37561,5
37562,2
37562,3
37563,2
37563,3
37564,2
37564,3
37565,2
37565,3
37566,2
37566,3
37567,2
37567,3
37568,3
37568,1
37568,5
37569,11
37569,3
37570,3
37570,5
37571,9
37572,2
37572,29
37573,5
37573,9
37573,1
37574,47
37574,29
37574,4
37574,3
37574,6
37575,3
37575,5
37576,166
37576,19
37577,9
37577,1
37577,5
37578,3
37578,9
37578,1
37579,166
37579,19
37580,29
37580,13
37580,6
37581,29
37581,13
37581,6
37582,47
37582,29
37582,4
37582,3
37582,6
37583,3
37584,47
37584,83
37584,2
37584,13
37584,17
37584,6
37585,3
37585,5
37586,3
37586,9
37586,5
37587,3
37587,161
37588,2
37588,29
37589,166
37589,19
37590,3
37591,9
37591,5
37592,9
37592,83
37592,2
37592,3
37592,17
37593,3
37593,9
37593,5
37594,29
37594,9
37594,1
37595,3
37595,161
37596,4
37596,9
37596,1
37596,5
37597,2
37597,3
37597,9
37597,5
37598,2
37598,29
37599,166
37599,19
37600,9
37600,5
37601,9
37601,5
37602,3
37603,40
37603,9
37603,29
37603,1
37603,2
37603,4
37603,56
37603,13
37603,6
37604,9
37605,3
37605,1
37605,5
37606,3
37606,1
37606,5
37607,166
37607,19
37608,3
37609,4
37609,1
37609,6
37610,9
37610,1
37610,5
37611,1
37611,5
37612,2
37612,1
37613,3
37614,3
37614,1
37614,5
37615,1
37615,5
37616,9
37616,13
37617,3
37617,5
37618,1
37618,5
37619,1
37619,17
37620,3
37620,5
37620,6
37621,3
37621,5
37621,6
37622,9
37622,5
37622,13
37623,3
37624,47
37624,83
37624,2
37624,13
37624,17
37624,6
37625,2
37625,1
37626,3
37626,5
37627,3
37628,9
37628,5
37629,11
37629,3
37629,5
37630,3
37630,5
37631,3
37632,2
37632,29
37633,3
37634,3
37634,161
37635,4
37635,9
37635,1
37635,5
37636,40
37636,5
37637,3
37637,5
37638,3
37638,5
37639,2
37639,29
37640,1
37640,2
37640,3
37640,4
37640,5
37640,6
37641,3
37641,161
37642,9
37642,1
37642,83
37642,5
37642,6
37643,9
37643,316
37643,1
37643,4
37643,3
37643,5
37643,17
37643,6
37644,5
37644,17
37644,13
37645,3
37645,1
37646,9
37646,316
37646,1
37646,4
37646,3
37646,5
37646,17
37646,6
37647,3
37648,47
37648,29
37648,4
37648,3
37648,6
37649,2
37649,1
37650,3
37650,5
37651,3
37651,5
37652,9
37653,2
37653,29
37654,9
37654,1
37655,9
37655,5
37656,9
37656,5
37657,3
37657,161
37658,3
37658,161
37659,29
37659,9
37660,9
37660,5
37661,40
37661,9
37661,29
37661,1
37661,17
37661,6
37662,9
37663,3
37663,5
37664,5
37664,17
37664,13
37665,9
37665,316
37665,1
37665,4
37665,3
37665,5
37665,17
37665,6
37666,3
37666,9
37666,1
37667,3
37667,5
37668,3
37668,1
37669,4
37669,1
37669,6
37670,3
37671,29
37671,1
37671,5
37672,40
37672,9
37672,29
37672,1
37672,17
37672,6
37673,29
37673,1
37673,5
37674,9
37674,1
37675,9
37676,3
37676,5
37677,2
37677,29
37678,3
37678,5
37679,1
37679,2
37679,3
37679,4
37679,5
37679,6
37680,3
37681,3
37681,161
37682,4
37682,1
37682,6
37683,3
37683,161
37684,3
37684,9
37684,5
37685,9
37685,1
37686,3
37686,13
37687,9
37687,316
37687,1
37687,4
37687,3
37687,5
37687,17
37687,6
37688,29
37688,9
37689,5
37689,17
37689,13
37690,11
37690,3
37690,5
37691,9
37691,316
37691,1
37691,4
37691,3
37691,5
37691,17
37691,6
37692,3
37692,1
37693,9
37693,5
37694,3
37694,5
37695,29
37695,9
37696,3
37696,13
37696,6
37697,1
37697,5
37698,47
37698,83
37698,2
37698,13
37698,17
37698,6
37699,3
37699,5
37700,2
37700,29
37701,11
37701,3
37701,5
37702,12
37702,2
37702,3
37702,5
37702,17
37703,3
37703,1
37703,5
37704,29
37704,9
37704,1
37705,3
37706,9
37706,5
37707,9
37707,5
37708,9
37708,5
37709,47
37709,29
37709,4
37709,3
37709,6
37710,29
37710,9
37710,1
37710,111
37711,9
37712,2
37712,29
37713,9
37713,5
37714,3
37714,161
37715,9
37715,5
37716,3
37717,3
37717,1
37717,5
37718,9
37718,5
37719,3
37719,5
37720,9
37720,5
37721,40
37721,9
37721,29
37721,1
37721,2
37721,4
37721,56
37721,13
37721,6
37722,2
37722,1
37723,3
37723,5
37724,9
37724,1
37725,3
37725,5
37726,2
37726,29
37727,9
37728,3
37728,5
37729,9
37729,1
37730,3
37730,161
37731,9
37731,316
37731,1
37731,4
37731,3
37731,5
37731,17
37731,6
37732,3
37732,1
37732,5
37733,9
37733,316
37733,1
37733,4
37733,3
37733,5
37733,17
37733,6
37734,5
37734,17
37734,13
37735,9
37735,316
37735,1
37735,4
37735,3
37735,5
37735,17
37735,6
37736,3
37736,9
37736,5
37737,3
37737,1
37738,4
37738,1
37738,6
37739,166
37739,19
37740,3
37741,2
37741,1
37742,4
37742,9
37742,1
37742,5
37743,2
37743,1
37744,1
37744,5
37745,9
37745,5
37746,3
37746,9
37746,1
37746,5
37747,4
37747,1
37747,6
37748,9
37748,83
37748,2
37748,3
37748,17
37749,3
37749,5
37750,5
37750,9
37750,1
37751,3
37752,3
37752,1
37752,5
37753,29
37753,1
37753,5
37754,3
37754,5
37755,29
37755,9
37755,1
37756,1
37756,5
37757,9
37757,5
37758,3
37759,47
37759,29
37759,4
37759,3
37759,6
37760,3
37760,161
37761,4
37761,9
37761,1
37761,5
37762,3
37762,9
37762,1
37762,5
37763,2
37763,1
37764,9
37764,1
37765,3
37766,1
37766,5
37767,9
37767,1
37768,5
37768,17
37768,13
37769,29
37769,1
37769,5
37769,13
37769,17
37770,29
37770,1
37770,5
37771,3
37771,5
37772,29
37772,9
37773,1
37773,5
37774,3
37774,13
37775,3
37776,29
37776,9
37776,1
37777,3
37777,1
37777,5
37778,9
37778,5
37779,3
37779,161
37780,3
37780,5
37781,1
37781,5
37782,3
37783,47
37783,29
37783,4
37783,3
37783,6
37784,9
37784,5
37785,3
37785,5
37786,29
37786,9
37787,1
37787,5
37788,3
37788,161
37789,9
37789,5
37790,3
37791,9
37791,13
37792,3
37792,161
37793,3
37793,5
37794,1
37794,5
37795,3
37796,47
37796,29
37796,4
37796,3
37796,6
37797,3
37797,1
37797,5
37798,3
37798,161
37799,9
37799,5
37800,9
37800,13
37801,3
37801,5
37802,1
37802,5
37803,9
37803,5
37804,3
37805,9
37805,13
37806,47
37806,29
37806,4
37806,3
37806,6
37807,3
37807,161
37808,3
37808,5
37809,1
37809,5
37810,9
37810,5
37811,3
37812,47
37812,29
37812,4
37812,3
37812,6
37813,3
37813,161
37814,9
37814,13
37815,3
37815,5
37816,1
37816,5
37817,9
37817,5
37818,3
37819,47
37819,29
37819,4
37819,3
37819,6
37820,9
37821,3
37821,161
37822,3
37822,5
37823,1
37823,5
37824,3
37825,3
37825,161
37826,9
37826,5
37827,3
37827,5
37828,9
37829,1
37829,5
37830,3
37830,1
37830,5
37831,3
37832,3
37832,161
37833,3
37834,9
37834,5
37835,3
37835,5
37836,9
37837,1
37837,5
37838,3
37839,3
37839,161
37840,3
37840,1
37840,5
37841,3
37841,5
37842,3
37842,5
37843,2
37843,29
37844,3
37845,3
37846,9
37846,5
37847,3
37847,1
37847,5
37848,9
37848,5
37849,3
37849,5
37850,40
37850,5
37851,3
37851,5
37852,2
37852,3
37852,1
37852,5
37853,3
37853,13
37854,2
37854,29
37855,3
37855,5
37856,3
37856,5
37857,9
37857,1
37858,3
37858,1
37858,5
37859,3
37859,5
37860,3
37860,5
37861,29
37861,1
37861,5
37862,29
37862,9
37862,1
37863,3
37864,3
37864,161
37865,9
37866,3
37866,161
37867,2
37867,3
37867,9
37867,5
37868,13
37868,6
37869,9
37869,83
37869,2
37869,3
37869,17
37870,2
37870,1
37871,1
37871,5
37872,3
37873,3
37874,3
37875,3
37875,1
37875,5
37876,3
37876,5
37877,3
37877,1
37878,9
37878,5
37879,40
37879,9
37879,29
37879,1
37879,2
37879,4
37879,56
37879,13
37879,6
37880,3
37881,3
37881,5
37882,1
37882,5
37883,3
37883,1
37883,5
37884,4
37884,9
37884,1
37884,5
37885,4
37885,3
37885,1
37885,5
37886,9
37886,316
37886,1
37886,4
37886,3
37886,5
37886,17
37886,6
37887,3
37887,5
37888,3
37888,5
37889,166
37889,19
37890,29
37890,9
37891,2
37891,29
37892,5
37892,17
37892,13
37893,3
37893,1
37894,3
37894,1
37894,5
37895,9
37895,316
37895,1
37895,4
37895,3
37895,5
37895,17
37895,6
37896,3
37897,29
37897,1
37898,9
37898,5
37899,2
37899,1
37900,47
37900,83
37900,2
37900,13
37900,17
37900,6
37901,3
37901,5
37902,1
37902,5
37903,3
37904,2
37904,1
37905,9
37905,1
37905,5
37906,2
37906,29
37907,9
37907,1
37908,9
37909,12
37909,3
37909,56
37909,5
37909,74
37909,17
37910,3
37911,3
37912,9
37912,83
37912,2
37912,3
37912,17
37913,3
37913,5
37914,3
37914,5
37915,3
37916,3
37917,3
37917,5
37918,9
37919,2
37919,29
37920,29
37920,1
37920,5
37921,9
37921,5
37922,3
37923,29
37923,1
37923,5
37924,3
37924,13
37925,9
37925,83
37925,2
37925,3
37925,17
37926,9
37926,5
37927,9
37927,83
37927,2
37927,3
37927,17
37928,47
37928,83
37928,2
37928,13
37928,17
37928,6
37929,29
37929,1
37929,5
37930,3
37930,5
37931,9
37931,5
37932,3
37932,5
37933,1
37933,5
37934,9
37934,5
37935,3
37936,3
37937,47
37937,83
37937,2
37937,13
37937,17
37937,6
37938,2
37938,1
37939,3
37939,5
37940,1
37940,5
37941,3
37942,2
37942,1
37943,47
37943,83
37943,2
37943,13
37943,17
37943,6
37944,3
37944,5
37945,3
37946,1
37946,5
37947,9
37947,5
37948,9
37948,5
37949,5
37949,9
37949,1
37950,3
37951,2
37951,1
37952,9
37953,1
37953,5
37954,3
37955,9
37955,5
37956,3
37956,5
37957,3
37958,2
37958,1
37959,3
37959,5
37960,9
37961,2
37961,29
37962,9
37962,5
37963,9
37964,3
37965,9
37965,5
37966,3
37967,3
37967,5
37968,3
37968,161
37969,9
37969,1
37969,5
37970,9
37971,2
37971,29
37972,29
37972,9
37972,1
37973,9
37973,5
37974,3
37975,9
37976,3
37976,5
37977,9
37977,83
37977,2
37977,3
37977,17
37978,3
37978,161
37979,9
37979,5
37980,9
37980,1
37980,5
37981,3
37981,9
37981,5
37981,13
37982,1
37982,5
37983,3
37984,2
37984,1
37985,3
37986,3
37986,5
37987,47
37987,83
37987,2
37987,13
37987,17
37987,6
37988,1
37988,5
37989,9
37989,5
37990,3
37991,2
37991,1
37992,9
37993,3
37994,29
37994,6
37994,17
37994,83
37995,9
37995,5
37996,1
37996,5
37997,3
37998,2
37998,1
37999,3
37999,5
38000,29
38000,9
38001,2
38001,29
38002,9
38002,5
38003,4
38003,1
38003,6
38004,3
38005,9
38005,5
38006,9
38006,83
38006,2
38006,3
38006,17
38007,3
38008,3
38008,5
38009,29
38009,9
38009,1
38010,9
38010,5
38011,3
38011,5
38012,3
38013,2
38013,29
38014,3
38014,161
38015,9
38015,5
38016,9
38016,5
38017,9
38017,5
38018,9
38018,83
38018,2
38018,3
38018,17
38019,9
38019,1
38019,4
38019,56
38019,6
38020,3
38020,5
38021,1
38021,5
38022,317
38022,2
38022,5
38022,4
38023,2
38023,29
38024,3
38024,161
38025,3
38026,29
38026,5
38027,12
38027,3
38027,56
38027,5
38027,74
38027,17
38028,2
38028,1
38029,1
38029,5
38029,13
38030,9
38030,5
38031,3
38031,5
38032,3
38032,5
38033,40
38033,5
38034,2
38034,29
38035,1
38035,5
38036,4
38036,9
38036,1
38036,5
38037,4
38037,9
38037,1
38037,5
38038,9
38038,5
38039,3
38039,5
38040,3
38040,5
38041,3
38041,9
38041,1
38042,1
38042,2
38042,3
38042,4
38042,5
38042,6
38043,4
38043,5
38044,3
38045,3
38045,161
38046,3
38047,3
38047,5
38048,3
38048,5
38049,3
38049,5
38050,1
38050,4
38050,74
38050,75
38050,17
38051,3
38052,3
38052,161
38053,2
38053,29
38054,9
38054,1
38055,9
38055,5
38056,9
38056,5
38057,9
38057,5
38058,3
38058,161
38059,9
38059,5
38060,3
38060,5
38061,9
38061,5
38062,9
38062,5
38063,9
38063,5
38064,9
38064,5
38065,9
38065,5
38066,9
38066,1
38067,40
38067,9
38067,29
38067,1
38067,17
38067,6
38068,29
38068,9
38068,1
38069,3
38069,5
38070,3
38070,5
38071,9
38071,83
38071,2
38071,3
38071,17
38072,3
38072,5
38073,29
38073,9
38073,1
38073,111
38074,1
38074,5
38075,3
38075,9
38075,1
38076,3
38076,161
38077,3
38077,5
38078,29
38078,1
38078,5
38079,29
38079,9
38079,1
38080,2
38080,29
38081,12
38081,2
38081,3
38081,5
38081,17
38082,3
38082,9
38082,1
38083,3
38083,5
38083,13
38084,3
38085,40
38085,1
38085,5
38086,3
38086,5
38087,29
38087,9
38087,1
38088,3
38088,5
38089,2
38089,3
38089,1
38089,5
38090,2
38090,29
38091,3
38091,161
38092,40
38092,9
38092,29
38092,1
38092,17
38092,6
38093,29
38093,9
38093,1
38094,3
38095,3
38095,13
38096,3
38097,11
38097,3
38097,5
38098,29
38098,9
38098,1
38099,3
38099,161
38100,3
38101,3
38101,5
38102,2
38102,29
38103,3
38103,5
38104,1
38104,2
38104,3
38104,4
38104,5
38104,6
38105,3
38106,3
38106,5
38107,2
38107,1
38108,9
38108,1
38108,5
38109,4
38109,9
38109,1
38109,5
38110,2
38110,29
38111,3
38111,5
38112,3
38112,5
38112,13
38113,9
38113,83
38113,2
38113,3
38113,17
38114,9
38114,5
38115,3
38116,2
38116,1
38117,2
38117,11
38117,5
38117,13
38118,9
38119,9
38119,1
38120,2
38120,1
38121,1
38121,5
38122,3
38122,5
38123,3
38123,5
38124,3
38125,3
38125,1
38125,5
38126,29
38126,9
38126,1
38126,5
38127,29
38127,1
38127,5
38128,40
38128,9
38128,29
38128,1
38128,2
38128,4
38128,56
38128,13
38128,6
38129,3
38129,5
38130,3
38130,5
38131,1
38131,4
38131,74
38131,75
38131,17
38132,4
38132,1
38132,6
38133,4
38133,9
38133,1
38133,5
38134,2
38134,3
38135,3
38136,4
38136,1
38136,6
38137,3
38138,4
38138,9
38138,1
38138,5
38139,3
38139,13
38140,3
38140,5
38141,3
38141,1
38141,5
38142,4
38142,9
38142,1
38142,5
38143,3
38143,5
38144,3
38144,5
38145,3
38145,5
38146,3
38146,5
38147,3
38147,5
38148,3
38148,1
38148,5
38149,3
38149,5
38150,9
38151,3
38151,161
38152,2
38152,3
38153,2
38153,3
38154,9
38154,5
38155,9
38155,5
38156,29
38156,1
38157,29
38157,1
38158,9
38158,5
38159,3
38160,9
38160,5
38161,29
38161,9
38161,1
38162,3
38162,5
38163,3
38163,161
38164,3
38164,5
38165,40
38165,5
38166,3
38166,5
38167,3
38168,2
38168,29
38169,9
38169,83
38169,3
38169,111
38169,13
38169,6
38170,3
38170,5
38171,3
38171,5
38172,3
38172,5
38173,3
38173,161
38174,3
38175,3
38176,2
38176,1
38177,9
38177,1
38177,5
38178,1
38178,4
38178,74
38178,75
38178,17
38179,3
38179,161
38180,9
38181,2
38181,29
38182,9
38182,5
38183,3
38183,5
38184,3
38185,9
38185,83
38185,2
38185,3
38185,17
38186,29
38186,1
38186,5
38187,3
38187,5
38188,3
38188,5
38189,9
38189,83
38189,2
38189,3
38189,17
38190,47
38190,29
38190,4
38190,3
38190,6
38191,3
38191,9
38191,5
38191,13
38192,29
38192,9
38192,1
38193,3
38193,161
38194,9
38195,3
38195,5
38196,9
38196,1
38196,4
38196,56
38196,6
38197,2
38197,3
38197,1
38197,5
38198,2
38198,29
38199,47
38199,29
38199,4
38199,3
38199,6
38200,5
38200,9
38200,1
38201,3
38201,5
38202,166
38202,19
38203,9
38203,1
38203,5
38204,29
38204,13
38204,6
38205,3
38205,9
38205,1
38206,29
38206,13
38206,6
38207,166
38207,19
38208,3
38209,3
38210,47
38210,29
38210,4
38210,3
38210,6
38211,3
38211,161
38212,9
38213,9
38214,2
38214,29
38215,4
38215,1
38215,6
38216,4
38216,40
38216,1
38216,75
38217,4
38217,40
38217,1
38217,75
38218,3
38218,5
38219,3
38219,11
38219,1
38219,5
38220,3
38220,11
38220,1
38220,5
38221,29
38221,6
38221,17
38221,83
38222,40
38222,9
38222,29
38222,1
38222,2
38222,4
38222,56
38222,13
38222,6
38223,40
38223,9
38223,29
38223,1
38223,2
38223,4
38223,56
38223,13
38223,6
38224,40
38224,9
38224,29
38224,1
38224,2
38224,4
38224,56
38224,13
38224,6
38225,40
38225,9
38225,29
38225,1
38225,2
38225,4
38225,56
38225,13
38225,6
38226,40
38226,9
38226,29
38226,1
38226,2
38226,4
38226,56
38226,13
38226,6
38227,40
38227,9
38227,29
38227,1
38227,2
38227,4
38227,56
38227,13
38227,6
38228,40
38228,9
38228,29
38228,1
38228,2
38228,4
38228,56
38228,13
38228,6
38229,40
38229,9
38229,29
38229,1
38229,2
38229,4
38229,56
38229,13
38229,6
38230,11
38230,3
38230,5
38231,40
38231,9
38231,29
38231,1
38231,2
38231,4
38231,56
38231,13
38231,6
38232,3
38233,2
38233,1
38234,3
38235,40
38235,9
38235,29
38235,1
38235,2
38235,4
38235,56
38235,13
38235,6
38236,3
38237,40
38237,1
38237,5
38238,11
38238,3
38238,5
38239,12
38239,3
38239,56
38239,5
38239,74
38239,17
38240,29
38240,9
38241,9
38241,5
38242,2
38242,11
38242,5
38242,13
38243,47
38243,29
38243,4
38243,3
38243,6
38244,12
38244,3
38244,56
38244,5
38244,74
38244,17
38245,29
38245,1
38245,5
38246,29
38246,9
38246,1
38247,3
38248,29
38248,1
38248,5
38249,1
38249,5
38249,13
38250,4
38250,3
38250,1
38250,5
38251,9
38251,5
38252,29
38252,1
38252,5
38253,9
38254,5
38254,3
38254,9
38254,1
38255,29
38255,1
38256,2
38257,47
38257,29
38257,4
38257,3
38257,6
38258,3
38258,161
38259,3
38260,1
38260,5
38261,3
38261,5
38262,2
38262,1
38263,1
38263,5
38264,3
38265,3
38265,1
38265,5
38266,3
38266,5
38267,1
38267,5
38268,2
38268,1
38269,1
38269,5
38270,3
38271,1
38271,5
38272,9
38272,5
38273,3
38273,1
38273,5
38274,3
38274,5
38275,1
38275,5
38276,1
38276,5
38277,2
38277,1
38278,1
38278,5
38279,3
38280,3
38280,1
38280,5
38281,1
38281,5
38282,3
38282,5
38283,1
38283,5
38284,2
38284,1
38285,3
38285,5
38286,1
38286,5
38287,3
38288,1
38288,5
38289,3
38289,5
38290,1
38290,5
38291,3
38291,1
38291,5
38292,9
38292,5
38293,3
38294,2
38294,1
38295,1
38295,5
38296,1
38296,5
38297,1
38297,5
38298,3
38298,5
38299,29
38299,6
38299,17
38299,83
38300,3
38300,1
38300,5
38301,2
38301,1
38302,1
38302,5
38303,3
38303,5
38304,3
38305,3
38305,5
38306,3
38307,1
38307,5
38308,11
38308,3
38308,5
38309,3
38309,1
38309,5
38310,9
38311,9
38312,9
38313,9
38314,9
38314,1
38314,13
38314,83
38315,3
38316,4
38316,3
38316,1
38316,5
38317,29
38317,1
38317,5
38318,1
38318,5
38319,3
38319,9
38319,5
38319,13
38320,2
38320,29
38321,3
38321,161
38322,3
38322,9
38322,5
38322,13
38323,3
38323,161
38324,3
38324,9
38324,5
38324,13
38325,3
38325,9
38325,5
38325,13
38326,3
38326,161
38327,3
38327,9
38327,5
38327,13
38328,3
38328,161
38329,3
38329,9
38329,5
38329,13
38330,3
38330,161
38331,2
38331,1
38332,3
38333,2
38333,1
38334,3
38334,1
38334,5
38335,3
38335,161
38336,83
38336,3
38336,5
38336,74
38336,13
38337,1
38337,5
38338,3
38339,29
38339,13
38339,6
38340,3
38341,3
38341,9
38341,1
38342,9
38343,3
38343,9
38343,1
38344,40
38344,9
38344,29
38344,1
38344,2
38344,4
38344,56
38344,13
38344,6
38345,316
38345,29
38345,1
38345,4
38345,17
38346,11
38346,5
38347,4
38347,11
38347,1
38348,29
38348,1
38348,5
38349,3
38349,9
38349,5
38350,11
38350,5
38351,9
38351,5
38352,4
38352,5
38353,1
38353,5
38354,9
38354,1
38354,5
38354,13
38355,9
38355,5
38356,29
38356,1
38357,9
38357,5
38358,29
38358,1
38359,3
38359,1
38359,5
38360,5
38360,9
38360,1
38361,3
38361,5
38362,9
38362,1
38362,4
38362,56
38362,6
38363,9
38363,5
38364,3
38365,3
38366,2
38366,1
38367,29
38367,9
38367,1
38368,9
38368,5
38369,3
38369,5
38370,2
38370,1
38371,1
38371,5
38372,3
38372,9
38372,5
38373,3
38373,9
38373,1
38374,9
38375,2
38375,3
38375,5
38376,29
38376,9
38376,1
38376,111
38377,29
38377,5
38378,1
38378,5
38379,3
38380,3
38381,3
38382,9
38382,5
38383,3
38384,3
38385,3
38386,3
38387,3
38388,9
38389,3
38390,9
38390,5
38391,11
38391,3
38391,5
38392,3
38392,161
38393,4
38393,1
38393,6
38394,9
38394,1
38394,5
38395,4
38395,1
38396,9
38396,1
38396,4
38396,56
38396,6
38397,2
38397,1
38398,2
38398,1
38399,13
38400,3
38400,13
38401,4
38401,11
38401,1
38402,29
38402,1
38403,29
38403,9
38403,1
38403,13
38404,4
38404,1
38404,6
38405,3
38406,3
38407,3
38407,9
38407,1
38407,5
38408,9
38408,1
38408,5
38409,3
38409,5
38410,3
38410,1
38410,5
38411,9
38411,1
38411,5
38412,3
38412,5
38413,9
38413,1
38413,5
38414,29
38414,9
38414,1
38415,2
38415,1
38416,40
38416,1
38416,5
38417,9
38418,3
38419,9
38419,1
38419,83
38419,5
38419,13
38419,17
38420,9
38420,1
38420,5
38421,9
38422,2
38422,3
38423,13
38424,3
38424,161
38425,9
38425,1
38425,5
38425,13
38426,47
38426,1
38426,3
38426,56
38426,5
38427,9
38427,83
38427,3
38427,111
38427,13
38427,6
38428,47
38428,1
38428,3
38428,56
38428,5
38429,9
38429,83
38429,3
38429,111
38429,13
38429,6
38430,3
38431,3
38432,1
38432,17
38433,3
38433,5
38434,47
38434,1
38434,3
38434,56
38434,5
38435,1
38435,17
38436,3
38437,3
38438,3
38438,5
38439,3
38440,3
38441,166
38441,19
38442,166
38442,19
38443,3
38444,3
38444,5
38445,2
38445,9
38445,1
38445,5
38446,2
38446,9
38446,1
38446,5
38447,3
38447,1
38447,5
38448,3
38448,5
38449,3
38449,1
38449,5
38450,3
38451,9
38451,5
38452,3
38452,11
38452,1
38452,5
38453,9
38453,5
38454,11
38454,3
38454,5
38455,166
38455,19
38456,3
38456,13
38457,3
38457,13
38458,29
38458,9
38458,1
38458,5
38459,2
38459,3
38460,9
38460,5
38461,2
38461,3
38462,317
38462,2
38462,5
38462,4
38463,3
38463,9
38463,5
38463,13
38464,3
38465,29
38465,1
38466,2
38466,3
38467,317
38467,2
38467,5
38467,4
38468,2
38468,3
38469,2
38469,3
38470,2
38470,3
38471,2
38471,3
38472,9
38472,1
38472,83
38472,5
38472,13
38472,17
38473,317
38473,2
38473,5
38473,4
38474,317
38474,2
38474,5
38474,4
38475,11
38475,5
38476,317
38476,2
38476,5
38476,4
38477,317
38477,2
38477,5
38477,4
38478,3
38478,5
38479,3
38479,9
38479,5
38479,13
38480,29
38480,1
38481,317
38481,2
38481,5
38481,4
38482,3
38482,9
38482,5
38482,13
38483,4
38483,9
38483,1
38483,5
38484,4
38484,40
38484,1
38484,75
38485,4
38485,9
38485,1
38485,5
38486,5
38487,9
38487,1
38487,5
38488,9
38488,1
38488,5
38489,3
38489,161
38490,9
38491,9
38492,9
38493,3
38494,4
38494,1
38494,6
38495,2
38495,3
38495,1
38495,5
38496,3
38496,1
38496,5
38497,2
38497,1
38498,1
38498,5
38499,1
38499,5
38500,9
38500,5
38501,9
38501,1
38502,9
38502,5
38502,13
38503,9
38503,1
38504,9
38504,1
38505,9
38505,5
38505,13
38506,2
38506,1
38507,9
38507,1
38508,9
38508,5
38509,11
38509,3
38509,5
38510,9
38510,1
38510,5
38511,3
38511,161
38512,3
38513,3
38513,13
38513,6
38514,2
38514,1
38515,2
38515,9
38515,1
38515,5
38516,1
38516,4
38516,74
38516,75
38516,17
38517,3
38518,9
38518,1
38519,9
38519,5
38520,2
38520,3
38521,9
38521,5
38521,13
38522,9
38522,5
38523,29
38523,1
38523,5
38524,9
38524,1
38524,83
38524,5
38524,13
38524,17
38525,47
38525,29
38525,4
38525,3
38525,6
38526,4
38526,1
38526,6
38527,29
38527,9
38527,1
38528,9
38528,5
38529,3
38530,29
38530,1
38530,5
38531,2
38531,3
38531,5
38532,3
38533,3
38533,5
38534,3
38534,5
38535,9
38535,5
38536,3
38536,5
38537,29
38537,1
38537,5
38538,9
38538,1
38539,9
38539,5
38540,3
38540,5
38541,9
38541,1
38542,5
38542,1
38542,17
38542,13
38543,3
38543,9
38543,1
38543,5
38544,3
38544,5
38545,9
38546,3
38546,5
38547,3
38547,5
38548,47
38548,29
38548,4
38548,3
38548,6
38549,9
38549,5
38550,3
38550,9
38550,5
38550,13
38551,9
38551,83
38551,2
38551,3
38551,17
38552,3
38552,5
38553,3
38553,5
38554,40
38554,9
38554,29
38554,1
38554,2
38554,4
38554,56
38554,13
38554,6
38555,3
38555,1
38556,3
38557,4
38557,40
38557,1
38557,75
38558,3
38559,3
38559,1
38560,9
38560,83
38560,3
38560,111
38560,13
38560,6
38561,29
38561,1
38561,5
38562,29
38562,1
38562,5
38563,1
38563,2
38563,3
38563,4
38563,5
38563,6
38564,4
38564,9
38564,1
38564,5
38565,3
38565,161
38566,2
38566,1
38567,1
38567,5
38568,9
38568,5
38568,13
38569,3
38570,3
38570,5
38571,3
38572,2
38572,29
38573,29
38573,6
38573,17
38573,83
38574,2
38574,3
38574,1
38574,5
38575,29
38575,6
38575,17
38575,83
38576,9
38576,5
38577,3
38577,13
38578,3
38578,5
38579,9
38579,5
38580,9
38580,5
38581,3
38581,5
38582,29
38582,1
38583,29
38583,1
38583,5
38584,9
38584,83
38584,2
38584,3
38584,17
38585,2
38585,1
38586,9
38586,1
38587,3
38587,5
38588,9
38588,5
38589,3
38589,9
38589,5
38590,9
38590,5
38591,2
38591,1
38592,1
38592,5
38593,40
38593,9
38593,29
38593,1
38593,17
38593,6
38594,9
38595,3
38596,2
38596,29
38597,1
38597,4
38597,74
38597,75
38597,17
38598,4
38598,1
38598,6
38599,3
38600,9
38600,5
38601,3
38601,9
38601,5
38602,3
38602,1
38603,9
38603,5
38604,9
38604,5
38605,4
38605,1
38605,6
38606,4
38606,1
38606,6
38607,9
38607,1
38608,9
38608,5
38609,29
38609,1
38609,5
38610,3
38610,5
38611,9
38611,1
38612,3
38612,5
38613,3
38613,5
38614,9
38614,5
38615,9
38615,5
38616,3
38616,5
38617,3
38617,5
38618,3
38618,5
38619,9
38619,5
38620,29
38620,13
38620,6
38621,3
38621,5
38622,3
38622,1
38622,5
38623,3
38623,5
38624,1
38624,17
38625,3
38625,5
38626,4
38626,1
38626,6
38627,4
38627,1
38627,6
38628,3
38628,9
38628,5
38629,4
38629,1
38629,6
38630,3
38630,9
38630,5
38631,166
38631,19
38632,4
38632,1
38632,6
38633,3
38633,9
38633,5
38634,1
38634,5
38635,40
38635,9
38635,29
38635,1
38635,17
38635,6
38636,3
38636,161
38637,3
38637,1
38637,5
38638,9
38638,5
38639,9
38639,5
38640,9
38640,5
38641,9
38641,5
38642,2
38642,29
38643,4
38643,9
38643,1
38643,5
38644,3
38644,5
38645,3
38645,5
38646,3
38646,5
38647,3
38647,5
38648,3
38648,5
38648,13
38649,9
38649,5
38650,9
38650,5
38651,4
38651,1
38651,6
38652,9
38652,5
38653,3
38654,3
38655,3
38655,5
38656,3
38656,1
38657,9
38657,1
38658,11
38658,3
38658,5
38659,29
38659,9
38659,1
38660,40
38660,9
38660,29
38660,1
38660,17
38660,6
38661,9
38661,5
38661,13
38662,9
38662,316
38662,1
38662,4
38662,3
38662,5
38662,17
38662,6
38663,9
38663,5
38664,9
38664,5
38665,1
38665,5
38666,40
38666,9
38666,29
38666,1
38666,17
38666,6
38667,29
38667,1
38667,5
38668,3
38668,5
38669,2
38669,1
38670,1
38670,5
38671,11
38671,3
38671,5
38672,3
38672,5
38673,3
38673,161
38674,29
38674,1
38674,5
38675,3
38676,47
38676,29
38676,4
38676,3
38676,6
38677,3
38677,5
38678,3
38678,5
38679,3
38679,13
38680,3
38680,5
38681,9
38681,5
38682,9
38682,5
38683,3
38683,5
38684,29
38684,9
38684,1
38684,5
38685,9
38685,5
38686,9
38686,5
38687,1
38687,5
38688,9
38688,1
38689,9
38690,9
38690,5
38691,9
38691,29
38691,1
38691,317
38691,5
38692,2
38692,3
38693,29
38693,1
38693,5
38694,3
38694,9
38694,5
38695,9
38695,1
38696,4
38696,11
38696,1
38697,2
38697,1
38698,9
38698,1
38698,5
38699,4
38699,9
38699,1
38699,5
38700,4
38700,1
38700,6
38701,4
38701,40
38701,1
38701,75
38702,3
38702,19
38703,40
38703,9
38703,29
38703,1
38703,2
38703,4
38703,56
38703,13
38703,6
38704,29
38704,1
38705,2
38705,1
38706,2
38706,1
38707,40
38707,9
38707,29
38707,1
38707,2
38707,4
38707,56
38707,13
38707,6
38708,29
38708,1
38709,47
38709,1
38709,3
38709,56
38709,5
38710,9
38710,1
38711,3
38711,5
38712,3
38712,5
38713,11
38713,5
38714,2
38714,29
38715,9
38716,9
38716,1
38716,5
38716,13
38717,3
38717,161
38718,166
38718,19
38719,11
38719,5
38720,3
38720,5
38721,3
38721,5
38722,3
38723,9
38723,5
38724,3
38724,5
38725,3
38726,3
38726,5
38727,5
38727,9
38727,1
38728,3
38728,5
38729,3
38729,5
38730,9
38730,5
38731,9
38731,1
38731,4
38731,56
38731,6
38732,3
38732,5
38733,3
38734,9
38734,1
38735,9
38735,5
38736,9
38736,1
38737,29
38737,1
38738,29
38738,1
38739,3
38739,5
38740,29
38740,1
38740,5
38741,29
38741,1
38741,5
38742,29
38742,9
38742,1
38742,5
38743,5
38743,9
38743,1
38744,3
38745,5
38745,9
38745,1
38746,3
38746,5
38747,9
38747,1
38748,4
38748,9
38748,1
38748,5
38749,9
38749,5
38750,1
38750,5
38751,3
38751,5
38752,3
38752,5
38753,1
38753,5
38754,29
38754,9
38754,1
38754,111
38755,9
38755,83
38755,3
38755,111
38755,13
38755,6
38756,9
38756,1
38756,5
38757,3
38758,3
38758,5
38759,3
38759,161
38760,3
38760,5
38761,9
38761,1
38762,4
38762,9
38762,1
38762,5
38763,1
38763,5
38764,3
38764,5
38765,9
38765,1
38765,4
38765,56
38765,6
38766,9
38766,1
38766,5
38767,3
38768,4
38768,1
38768,6
38769,3
38769,5
38770,3
38770,5
38771,3
38771,5
38772,9
38772,1
38773,4
38773,9
38773,1
38773,5
38774,3
38774,161
38775,1
38775,5
38776,29
38776,9
38776,1
38776,111
38777,3
38778,3
38778,5
38779,29
38779,1
38779,5
38780,9
38780,83
38780,3
38780,111
38780,13
38780,6
38781,3
38781,161
38782,9
38782,1
38783,4
38783,9
38783,1
38783,5
38784,1
38784,5
38785,3
38785,5
38786,3
38786,5
38787,9
38787,1
38787,5
38788,1
38788,5
38789,29
38789,9
38789,1
38789,111
38790,3
38791,3
38791,5
38792,3
38792,161
38793,9
38793,1
38794,4
38794,9
38794,1
38794,5
38795,3
38795,5
38796,1
38796,5
38797,3
38797,5
38798,4
38798,1
38798,6
38799,9
38799,1
38799,4
38799,56
38799,6
38800,3
38801,9
38801,1
38801,5
38802,3
38802,161
38803,4
38803,9
38803,1
38803,5
38804,1
38804,5
38805,3
38805,9
38805,1
38805,5
38806,9
38806,5
38807,3
38807,5
38807,13
38808,29
38808,1
38809,29
38809,1
38809,5
38810,3
38811,4
38811,1
38811,6
38812,9
38812,1
38812,4
38812,56
38812,6
38813,3
38814,3
38814,13
38815,9
38815,5
38816,9
38816,5
38817,29
38817,9
38817,1
38818,9
38818,5
38819,5
38819,17
38819,13
38820,5
38820,17
38820,13
38821,9
38821,1
38822,3
38822,13
38823,3
38823,13
38824,9
38824,5
38825,9
38825,5
38826,5
38826,17
38826,13
38827,4
38827,9
38827,1
38827,5
38828,9
38828,5
38829,5
38829,17
38829,13
38830,5
38830,17
38830,13
38831,4
38831,1
38831,6
38832,5
38832,17
38832,13
38833,4
38833,1
38833,6
38834,9
38834,5
38835,29
38835,9
38835,1
38835,111
38836,3
38836,13
38837,3
38838,3
38838,5
38839,9
38839,5
38839,13
38840,19
38841,29
38841,1
38841,5
38842,2
38842,29
38843,3
38844,9
38844,1
38844,5
38845,19
38846,2
38846,1
38847,9
38848,2
38848,1
38849,5
38849,9
38849,1
38850,3
38851,5
38851,9
38851,1
38852,1
38852,5
38853,12
38853,3
38853,56
38853,5
38853,74
38853,17
38854,1
38854,5
38855,3
38855,1
38855,5
38856,3
38857,2
38857,1
38858,3
38858,1
38858,5
38859,1
38859,5
38860,1
38860,5
38861,9
38861,1
38861,5
38862,2
38862,29
38863,4
38863,9
38863,1
38863,5
38864,9
38864,83
38864,2
38864,3
38864,17
38865,3
38866,2
38866,3
38866,5
38867,3
38867,161
38868,9
38868,1
38869,3
38869,5
38870,40
38870,1
38870,5
38871,3
38871,1
38871,5
38872,3
38872,161
38873,47
38873,29
38873,4
38873,3
38873,6
38874,3
38875,3
38876,29
38876,1
38876,5
38877,3
38877,5
38878,3
38879,2
38879,1
38880,3
38880,1
38881,9
38881,1
38882,3
38883,2
38883,3
38883,9
38883,5
38884,2
38884,29
38885,12
38885,3
38885,56
38885,5
38885,74
38885,17
38886,9
38886,5
38887,3
38887,13
38888,9
38888,83
38888,2
38888,3
38888,17
38889,29
38889,1
38889,5
38890,3
38890,5
38891,3
38891,19
38892,3
38893,2
38893,1
38894,3
38894,1
38894,5
38895,3
38895,5
38896,3
38896,5
38897,40
38897,1
38897,3
38897,5
38897,6
38898,3
38898,5
38899,3
38899,5
38900,47
38900,29
38900,4
38900,3
38900,6
38901,3
38901,5
38902,3
38902,1
38902,5
38903,4
38903,1
38903,6
38904,9
38904,1
38904,6
38905,2
38905,3
38905,5
38906,1
38906,5
38907,9
38908,3
38909,1
38909,5
38910,4
38910,1
38910,6
38911,29
38911,6
38911,17
38911,83
38912,4
38912,11
38912,1
38913,3
38913,13
38914,9
38914,1
38915,3
38916,9
38916,5
38917,3
38918,29
38918,5
38919,29
38919,1
38919,5
38920,3
38920,13
38921,3
38921,5
38922,9
38922,5
38923,2
38923,1
38924,3
38924,5
38925,3
38926,3
38927,47
38927,1
38927,3
38927,56
38927,5
38928,47
38928,83
38928,2
38928,13
38928,17
38928,6
38929,3
38929,5
38930,3
38930,5
38931,1
38931,5
38932,47
38932,316
38932,1
38932,83
38932,6
38933,5
38933,1
38933,17
38933,13
38934,9
38935,3
38936,3
38936,5
38937,9
38937,1
38938,29
38938,9
38938,1
38939,3
38939,5
38940,3
38941,1
38941,5
38942,3
38942,161
38943,3
38944,9
38945,9
38945,1
38945,5
38946,1
38946,5
38947,29
38947,9
38947,1
38948,13
38948,6
38949,9
38949,1
38950,11
38950,3
38950,5
38951,3
38951,161
38952,83
38952,3
38952,5
38952,74
38952,13
38953,4
38953,1
38953,6
38954,29
38954,13
38954,6
38955,3
38956,3
38956,5
38957,3
38957,161
38958,9
38958,5
38959,29
38959,9
38959,1
38960,3
38960,5
38961,3
38962,1
38962,5
38963,29
38963,9
38963,1
38964,5
38964,9
38964,1
38965,3
38965,5
38965,13
38966,3
38967,2
38967,3
38967,9
38967,5
38968,3
38968,161
38969,2
38969,29
38970,9
38970,1
38971,9
38971,5
38972,3
38972,13
38973,12
38973,3
38973,56
38973,5
38973,74
38973,17
38974,9
38974,5
38975,9
38975,83
38975,2
38975,3
38975,17
38976,9
38976,1
38976,5
38977,9
38978,29
38978,1
38978,5
38979,40
38979,1
38979,3
38979,5
38979,6
38980,1
38980,5
38981,29
38981,1
38981,5
38982,83
38982,3
38982,5
38982,74
38982,13
38983,4
38983,1
38983,6
38984,3
38985,40
38985,9
38985,29
38985,1
38985,2
38985,4
38985,56
38985,13
38985,6
38986,3
38987,9
38987,5
38988,9
38988,83
38988,2
38988,3
38988,17
38989,9
38990,1
38990,5
38991,3
38991,5
38991,13
38992,3
38993,4
38993,1
38993,6
38994,3
38994,5
38995,29
38995,6
38995,17
38995,83
38996,3
38996,161
38997,3
38997,5
38998,9
38998,5
38999,9
38999,1
39000,9
39000,5
39001,9
39001,5
39002,9
39002,5
39003,29
39003,13
39003,6
39004,3
39004,5
39005,3
39005,5
39006,29
39006,1
39006,5
39007,9
39007,5
39008,9
39008,5
39009,9
39009,5
39010,9
39010,5
39011,3
39011,13
39012,9
39012,5
39013,9
39013,1
39013,6
39014,9
39014,5
39015,40
39015,9
39015,29
39015,1
39015,2
39015,4
39015,56
39015,13
39015,6
39016,5
39016,17
39016,13
39017,9
39017,1
39017,6
39018,29
39018,9
39018,1
39019,9
39019,5
39020,3
39020,5
39020,6
39021,3
39021,5
39022,29
39022,13
39022,6
39023,29
39023,13
39023,6
39024,3
39024,5
39025,3
39026,9
39026,1
39026,5
39027,9
39027,1
39027,5
39028,9
39028,5
39029,9
39029,1
39029,5
39030,3
39030,5
39031,3
39031,5
39032,3
39032,9
39032,5
39033,9
39033,5
39034,9
39034,1
39034,5
39035,9
39035,5
39036,3
39036,1
39037,9
39037,1
39037,5
39038,9
39038,5
39039,9
39039,1
39039,5
39040,9
39040,1
39040,5
39041,9
39041,5
39042,9
39042,1
39042,5
39043,9
39043,5
39044,9
39044,5
39045,9
39045,1
39045,5
39046,9
39046,1
39047,9
39047,1
39047,5
39048,9
39048,5
39049,9
39049,1
39049,5
39050,9
39050,5
39051,9
39051,5
39052,9
39052,1
39052,13
39052,83
39053,5
39053,9
39053,1
39054,3
39054,5
39055,2
39055,1
39056,1
39056,5
39057,9
39057,5
39058,3
39059,9
39059,1
39059,5
39060,1
39060,5
39061,9
39062,4
39062,9
39062,1
39062,5
39063,3
39063,9
39063,5
39064,9
39064,5
39065,9
39065,1
39066,3
39066,9
39066,5
39067,9
39067,1
39068,9
39068,1
39069,9
39069,1
39070,1
39070,4
39070,74
39070,75
39070,17
39071,9
39071,5
39072,9
39072,5
39073,4
39073,9
39073,1
39073,5
39074,9
39074,5
39075,3
39075,5
39075,13
39076,2
39076,3
39076,1
39076,5
39077,3
39077,5
39077,13
39078,9
39078,5
39079,3
39080,2
39080,1
39081,9
39081,1
39081,5
39082,9
39083,1
39083,5
39084,3
39084,9
39084,1
39085,3
39085,9
39085,1
39086,3
39086,1
39087,3
39087,5
39088,4
39088,1
39088,6
39089,4
39089,1
39089,6
39090,3
39091,3
39092,3
39092,161
39093,3
39093,5
39094,3
39094,5
39095,9
39095,1
39095,13
39095,83
39096,1
39096,5
39097,2
39097,29
39098,3
39098,5
39099,29
39099,1
39100,3
39100,5
39101,29
39101,1
39102,3
39103,4
39103,9
39103,1
39103,5
39104,3
39104,161
39105,9
39105,1
39105,13
39105,83
39106,3
39107,3
39107,161
39108,2
39108,29
39109,3
39110,5
39110,17
39110,13
39111,5
39111,17
39111,13
39112,1
39112,5
39113,2
39113,1
39114,9
39115,2
39115,29
39116,9
39117,5
39117,1
39117,17
39117,13
39118,9
39119,3
39120,3
39121,3
39122,3
39123,3
39124,3
39125,3
39126,3
39127,9
39128,5
39128,1
39128,17
39128,13
39129,5
39129,1
39129,17
39129,13
39130,4
39130,11
39130,1
39131,9
39132,29
39132,1
39133,9
39133,13
39134,3
39134,5
39135,4
39135,11
39135,1
39136,29
39136,1
39137,5
39137,1
39137,17
39137,13
39138,5
39138,1
39138,17
39138,13
39139,1
39139,5
39140,4
39140,40
39140,1
39140,75
39141,3
39141,5
39142,3
39142,9
39142,1
39143,9
39144,166
39144,19
39145,9
39145,1
39146,4
39146,1
39146,6
39147,2
39147,1
39148,3
39149,29
39149,9
39150,5
39150,1
39150,17
39150,13
39151,4
39151,9
39151,1
39151,5
39152,3
39152,161
39153,1
39153,5
39154,29
39154,9
39154,1
39154,5
39155,9
39155,1
39156,3
39156,5
39157,9
39157,5
39158,3
39158,5
39159,9
39159,5
39160,9
39160,5
39161,3
39162,3
39162,5
39163,3
39163,161
39164,29
39164,13
39164,6
39165,2
39165,1
39166,3
39167,9
39167,5
39168,3
39168,5
39169,9
39169,5
39170,9
39170,5
39171,166
39171,19
39172,9
39172,5
39173,29
39173,1
39173,5
39174,3
39174,5
39175,3
39175,5
39176,9
39177,1
39177,5
39178,4
39178,1
39178,6
39179,3
39179,9
39179,5
39180,29
39180,1
39181,9
39181,1
39181,5
39181,13
39182,29
39182,9
39182,1
39182,13
39183,9
39183,5
39184,3
39185,9
39186,9
39186,5
39187,9
39187,5
39188,9
39188,5
39189,3
39190,166
39190,19
39191,13
39191,6
39192,3
39193,47
39193,29
39193,4
39193,3
39193,6
39194,9
39194,5
39195,3
39196,3
39196,5
39197,1
39197,5
39198,9
39198,5
39199,1
39199,5
39200,9
39201,29
39201,6
39201,17
39201,83
39202,29
39202,1
39202,5
39203,4
39203,9
39203,1
39203,5
39204,4
39204,1
39204,6
39205,29
39205,1
39205,5
39206,29
39206,1
39206,5
39207,3
39207,1
39207,5
39208,29
39208,1
39208,5
39209,29
39209,1
39209,5
39210,40
39210,9
39210,29
39210,1
39210,17
39210,6
39211,29
39211,9
39211,1
39212,40
39212,1
39212,5
39213,1
39213,5
39214,4
39214,9
39214,1
39214,5
39215,166
39215,19
39216,3
39216,5
39217,9
39217,5
39218,47
39218,29
39218,4
39218,3
39218,6
39219,9
39219,83
39219,2
39219,3
39219,17
39220,3
39221,9
39221,5
39222,3
39223,9
39224,29
39224,1
39224,5
39225,3
39225,5
39226,1
39226,5
39227,1
39227,5
39228,4
39228,9
39228,1
39228,5
39229,4
39229,1
39229,6
39230,3
39230,1
39230,5
39231,3
39231,1
39231,5
39232,3
39232,1
39232,5
39233,3
39233,1
39233,5
39234,3
39234,1
39234,5
39235,3
39235,1
39235,5
39236,29
39236,1
39236,5
39237,1
39237,5
39238,29
39238,9
39238,1
39239,4
39239,1
39239,6
39240,3
39241,9
39241,1
39242,9
39242,5
39243,29
39243,1
39243,5
39244,9
39244,83
39244,2
39244,3
39244,17
39245,9
39246,4
39246,9
39246,1
39246,5
39247,1
39247,5
39248,9
39248,1
39249,11
39249,3
39250,29
39250,1
39250,5
39251,9
39251,83
39251,3
39251,111
39251,13
39251,6
39252,29
39252,9
39252,1
39252,111
39253,29
39253,1
39253,5
39254,11
39254,3
39254,5
39255,3
39256,29
39256,13
39256,6
39257,3
39257,161
39258,9
39259,3
39259,5
39260,1
39260,5
39261,29
39261,1
39261,5
39262,1
39262,2
39262,3
39262,4
39262,5
39262,6
39263,3
39263,5
39264,3
39265,3
39265,5
39266,3
39266,161
39267,3
39267,161
39268,9
39268,5
39269,9
39269,5
39270,9
39270,5
39271,9
39271,5
39272,3
39273,9
39273,13
39274,9
39274,1
39274,5
39275,2
39275,29
39276,29
39276,1
39276,5
39277,3
39278,3
39278,5
39279,29
39279,1
39280,3
39281,12
39281,3
39281,56
39281,5
39281,74
39281,17
39282,3
39282,5
39283,9
39283,5
39284,5
39284,9
39284,1
39285,3
39285,161
39286,3
39287,9
39287,1
39287,5
39287,13
39288,9
39289,29
39289,9
39289,1
39290,3
39291,3
39291,5
39291,13
39292,3
39292,13
39293,3
39293,1
39293,5
39294,2
39294,1
39295,1
39295,5
39296,3
39297,3
39297,13
39298,9
39298,1
39298,5
39299,9
39299,1
39300,9
39301,1
39301,5
39302,5
39302,13
39303,29
39303,13
39303,6
39304,29
39304,13
39304,6
39305,2
39305,3
39305,9
39305,5
39306,29
39306,1
39307,19
39308,3
39309,29
39309,1
39310,3
39310,161
39311,3
39311,5
39312,3
39312,5
39312,13
39312,6
39313,2
39313,1
39314,1
39314,5
39315,3
39315,5
39316,29
39316,9
39316,1
39317,1
39317,5
39318,3
39319,5
39319,9
39319,1
39320,9
39320,1
39320,83
39320,5
39320,6
39321,3
39321,1
39321,5
39322,40
39322,9
39322,29
39322,1
39322,2
39322,4
39322,56
39322,13
39322,6
39323,1
39323,5
39324,40
39324,9
39324,29
39324,1
39324,17
39324,6
39325,3
39326,9
39326,1
39326,3
39326,5
39326,13
39326,17
39327,9
39327,5
39328,2
39328,1
39329,3
39330,11
39330,3
39330,5
39331,29
39331,9
39331,1
39331,111
39332,3
39333,3
39334,3
39334,9
39334,13
39335,11
39335,3
39335,5
39336,3
39337,3
39338,11
39338,3
39338,5
39339,3
39340,3
39340,1
39340,5
39341,11
39341,9
39341,12
39341,1
39341,2
39341,5
39341,13
39342,4
39342,1
39342,6
39343,9
39343,1
39344,3
39344,5
39345,1
39345,5
39346,4
39346,1
39346,6
39347,3
39348,3
39349,11
39349,3
39349,5
39350,3
39350,9
39350,5
39351,9
39351,5
39352,9
39353,3
39353,1
39354,3
39354,13
39355,9
39356,29
39356,1
39356,5
39356,13
39356,17
39357,29
39357,9
39357,1
39358,29
39358,9
39358,1
39359,29
39359,1
39359,5
39360,3
39361,9
39361,1
39361,5
39362,3
39362,5
39363,9
39363,1
39363,4
39363,56
39363,6
39364,9
39365,13
39366,9
39366,1
39366,83
39366,5
39366,13
39366,17
39367,29
39367,6
39367,17
39367,83
39368,29
39368,9
39368,1
39369,40
39369,5
39370,3
39370,5
39371,2
39371,29
39372,3
39372,5
39373,9
39373,1
39373,13
39373,83
39374,9
39374,83
39374,3
39374,111
39374,13
39374,6
39375,3
39375,5
39376,3
39376,5
39377,3
39377,5
39378,3
39378,161
39379,3
39380,2
39380,1
39381,3
39382,47
39382,1
39382,3
39382,56
39382,5
39383,2
39383,3
39383,1
39383,5
39384,3
39384,5
39385,40
39385,5
39386,2
39386,29
39387,3
39387,161
39388,9
39388,5
39389,4
39389,1
39389,6
39390,3
39390,5
39391,3
39391,5
39392,3
39392,5
39393,3
39393,5
39394,3
39394,5
39395,9
39395,1
39396,3
39396,1
39396,5
39397,3
39398,29
39398,9
39398,1
39399,3
39399,161
39400,4
39400,9
39400,1
39400,5
39401,9
39401,5
39402,40
39402,5
39403,3
39403,161
39404,2
39404,29
39405,3
39405,5
39406,3
39406,5
39407,3
39407,5
39408,3
39408,5
39409,3
39409,5
39410,3
39411,9
39411,1
39412,3
39412,161
39413,3
39414,29
39414,9
39414,1
39415,3
39415,161
39416,9
39416,83
39416,3
39416,111
39416,13
39416,6
39417,9
39417,5
39418,3
39418,1
39418,5
39419,40
39419,5
39420,3
39420,5
39421,3
39421,5
39422,4
39422,1
39422,6
39423,3
39423,5
39424,3
39424,1
39424,5
39425,2
39425,29
39426,3
39426,5
39427,3
39427,5
39428,9
39428,5
39429,3
39430,29
39430,9
39430,1
39431,9
39431,83
39431,2
39431,3
39431,17
39432,3
39432,161
39433,29
39433,9
39433,1
39434,9
39434,1
39434,83
39434,5
39434,13
39434,17
39435,29
39435,9
39435,1
39436,3
39436,5
39437,3
39437,161
39438,3
39438,5
39439,9
39439,1
39439,5
39440,9
39440,1
39440,5
39441,13
39442,13
39443,13
39444,9
39445,40
39445,1
39445,5
39446,3
39447,11
39447,3
39448,11
39448,3
39448,5
39449,3
39449,5
39449,13
39450,3
39451,3
39452,3
39452,5
39453,3
39453,1
39453,5
39454,2
39454,1
39455,29
39455,6
39455,17
39455,83
39456,29
39456,1
39456,5
39456,13
39456,17
39457,29
39457,9
39457,1
39457,111
39458,9
39458,1
39459,29
39459,1
39459,5
39460,3
39460,161
39461,29
39461,1
39461,5
39462,9
39462,5
39463,47
39463,29
39463,4
39463,3
39463,6
39464,1
39464,17
39465,317
39465,2
39465,5
39465,4
39466,3
39466,5
39466,6
39467,3
39467,5
39467,13
39468,29
39468,1
39469,1
39469,5
39470,9
39471,11
39471,3
39472,47
39472,83
39472,2
39472,13
39472,17
39472,6
39473,9
39473,5
39474,3
39474,5
39475,5
39475,1
39475,17
39475,13
39476,3
39477,2
39477,1
39478,9
39479,3
39479,5
39480,2
39480,1
39481,9
39481,83
39481,2
39481,3
39481,17
39482,9
39482,5
39483,3
39483,1
39483,5
39484,9
39484,1
39485,9
39485,5
39486,4
39486,1
39486,6
39487,3
39487,161
39488,9
39488,1
39488,5
39488,13
39489,3
39490,9
39491,29
39491,1
39491,5
39492,9
39492,83
39492,2
39492,3
39492,17
39493,3
39493,5
39494,1
39494,5
39495,2
39495,1
39496,9
39497,3
39497,5
39498,3
39499,3
39499,5
39500,3
39500,1
39500,5
39501,1
39501,5
39502,2
39502,11
39502,5
39502,13
39503,29
39503,9
39503,1
39504,9
39504,5
39505,29
39505,9
39505,1
39506,2
39506,1
39507,1
39507,5
39508,3
39508,5
39509,9
39509,5
39510,29
39510,9
39510,1
39511,29
39511,9
39511,1
39511,13
39512,1
39513,3
39514,3
39514,9
39514,5
39515,3
39515,9
39515,5
39516,2
39516,9
39516,1
39516,5
39517,3
39517,13
39518,9
39518,1
39518,5
39518,13
39519,3
39519,1
39519,5
39520,1
39521,29
39521,1
39521,5
39522,3
39522,9
39522,5
39522,13
39523,3
39523,5
39524,4
39524,9
39524,1
39524,5
39525,4
39525,9
39525,1
39525,5
39526,4
39526,9
39526,1
39526,5
39527,4
39527,9
39527,1
39527,5
39528,3
39528,5
39529,9
39530,19
39531,2
39531,1
39532,1
39532,5
39533,166
39533,19
39534,3
39534,13
39535,9
39535,5
39536,9
39536,5
39537,3
39538,1
39538,5
39539,3
39539,1
39539,5
39540,4
39540,9
39540,1
39540,5
39541,9
39541,1
39541,5
39542,4
39542,9
39542,1
39542,5
39543,4
39543,1
39543,6
39544,2
39544,1
39545,3
39545,5
39546,1
39546,5
39547,3
39548,3
39548,1
39548,5
39549,29
39549,1
39549,5
39550,4
39550,1
39550,6
39551,4
39551,9
39551,1
39551,5
39552,1
39552,5
39553,3
39553,5
39554,3
39554,5
39555,12
39555,3
39555,56
39555,5
39555,74
39555,17
39556,4
39556,1
39556,6
39557,40
39557,1
39557,3
39557,5
39557,6
39558,3
39558,9
39558,1
39559,2
39559,11
39559,5
39559,13
39560,9
39560,1
39560,5
39561,9
39561,1
39561,5
39562,4
39562,1
39562,6
39563,3
39564,9
39564,1
39564,5
39565,9
39565,1
39565,5
39566,9
39566,316
39566,1
39566,4
39566,3
39566,5
39566,17
39566,6
39567,40
39567,9
39567,316
39567,47
39567,29
39567,1
39567,83
39567,317
39567,56
39567,5
39567,74
39567,13
39567,17
39567,318
39567,6
39568,3
39569,3
39569,1
39570,29
39570,1
39570,5
39571,3
39571,11
39571,1
39571,5
39572,9
39573,9
39573,1
39573,5
39574,2
39574,29
39575,9
39575,5
39576,29
39576,1
39576,5
39577,11
39577,9
39577,2
39577,4
39577,5
39578,5
39579,5
39580,3
39581,9
39581,83
39581,2
39581,3
39581,17
39582,3
39583,29
39583,1
39583,5
39584,2
39584,3
39585,2
39585,3
39586,3
39587,29
39587,6
39587,17
39587,83
39588,2
39588,3
39589,2
39589,3
39590,2
39590,3
39591,9
39591,5
39591,13
39592,1
39592,5
39593,2
39593,1
39594,2
39594,1
39595,29
39595,13
39595,6
39596,9
39596,1
39597,3
39598,3
39598,1
39598,5
39599,1
39599,5
39599,13
39600,3
39601,3
39601,5
39602,1
39602,5
39603,1
39603,5
39604,9
39605,9
39605,29
39605,1
39605,56
39605,111
39605,17
39606,9
39607,1
39607,5
39608,5
39608,9
39608,1
39609,4
39609,1
39609,6
39610,3
39611,2
39611,1
39612,9
39612,1
39613,4
39613,9
39613,1
39613,5
39614,29
39614,9
39614,1
39615,17
39615,12
39615,9
39615,5
39616,1
39616,5
39617,9
39617,1
39618,3
39619,2
39619,1
39620,29
39620,9
39620,1
39621,17
39621,12
39621,9
39621,5
39622,9
39622,1
39623,1
39623,5
39624,3
39625,2
39625,1
39626,29
39626,9
39626,1
39627,17
39627,12
39627,9
39627,5
39628,3
39629,2
39629,1
39630,1
39630,5
39631,2
39631,3
39631,9
39631,5
39632,2
39632,3
39632,1
39632,5
39633,3
39633,1
39634,3
39634,9
39634,1
39634,5
39635,3
39635,1
39636,3
39636,5
39637,2
39637,1
39638,1
39638,5
39639,3
39640,5
39640,9
39640,1
39641,3
39641,1
39641,5
39642,2
39642,11
39642,5
39642,13
39643,1
39643,5
39644,9
39644,1
39645,2
39645,1
39646,3
39646,161
39646,5
39646,83
39647,2
39647,29
39648,3
39648,5
39649,3
39649,9
39649,1
39649,5
39650,56
39650,5
39650,13
39651,29
39651,1
39652,2
39652,1
39653,29
39653,1
39654,9
39655,9
39655,1
39656,2
39656,1
39657,3
39657,5
39658,1
39658,5
39659,3
39659,5
39660,3
39661,3
39661,1
39661,5
39662,9
39662,5
39663,1
39663,5
39664,9
39665,29
39665,9
39665,1
39666,9
39666,5
39667,47
39667,29
39667,4
39667,3
39667,6
39668,2
39668,29
39669,9
39669,5
39670,166
39670,19
39671,13
39671,6
39672,3
39673,9
39673,1
39674,1
39674,5
39675,4
39675,1
39675,6
39676,3
39676,5
39677,3
39677,161
39678,29
39678,9
39678,1
39679,3
39679,5
39680,1
39680,5
39681,9
39681,1
39682,3
39683,3
39683,161
39684,47
39684,83
39684,2
39684,13
39684,17
39684,6
39685,4
39685,9
39685,1
39685,5
39686,3
39686,5
39687,3
39688,29
39688,9
39688,1
39689,2
39689,1
39690,3
39691,3
39692,3
39692,5
39693,3
39693,5
39693,13
39694,3
39695,9
39695,1
39696,1
39696,5
39697,1
39697,5
39698,2
39698,1
39699,3
39699,5
39700,9
39700,5
39701,2
39701,1
39702,29
39702,5
39703,3
39704,2
39704,29
39705,1
39705,5
39706,29
39706,1
39706,5
39707,3
39707,5
39708,3
39709,11
39709,5
39710,3
39710,5
39711,5
39711,9
39711,1
39712,29
39712,1
39712,5
39713,29
39713,1
39713,5
39714,9
39714,5
39715,3
39716,3
39716,5
39717,1
39717,5
39718,9
39718,5
39719,1
39719,5
39720,1
39720,5
39721,1
39721,5
39722,1
39722,5
39723,9
39723,5
39724,9
39724,1
39725,9
39725,5
39726,3
39726,1
39726,5
39727,9
39727,5
39728,9
39728,5
39729,9
39729,5
39730,9
39730,5
39731,9
39731,5
39732,29
39732,1
39732,5
39733,9
39733,5
39734,166
39734,19
39735,166
39735,19
39736,166
39736,19
39737,9
39737,5
39738,3
39738,161
39739,3
39739,5
39740,3
39741,29
39741,9
39741,1
39742,2
39742,3
39742,5
39743,3
39743,5
39744,3
39744,5
39745,3
39745,5
39746,166
39746,19
39747,3
39747,9
39747,1
39748,47
39748,83
39748,2
39748,13
39748,17
39748,6
39749,2
39749,29
39750,3
39750,5
39751,9
39751,5
39752,3
39752,161
39753,3
39753,9
39753,1
39754,3
39754,5
39755,9
39755,1
39755,5
39756,2
39756,29
39757,3
39758,2
39758,1
39759,4
39759,1
39759,6
39760,3
39761,2
39761,1
39762,1
39762,5
39763,9
39763,5
39764,3
39764,1
39764,5
39765,3
39766,83
39766,3
39766,5
39766,74
39766,13
39767,3
39767,9
39767,1
39768,3
39768,9
39768,5
39769,3
39770,3
39770,9
39770,1
39771,4
39771,3
39771,1
39771,5
39772,3
39772,9
39772,1
39773,9
39773,1
39773,4
39773,56
39773,6
39774,3
39774,9
39774,5
39775,3
39775,9
39775,1
39776,29
39776,9
39776,1
39777,3
39777,9
39777,5
39778,29
39778,1
39778,5
39779,3
39779,9
39779,5
39780,3
39780,5
39781,3
39781,5
39782,3
39783,3
39783,1
39783,5
39784,3
39784,9
39784,1
39784,5
39785,11
39785,3
39785,5
39786,2
39786,1
39787,9
39787,5
39787,13
39788,29
39788,1
39789,29
39789,9
39789,1
39790,29
39790,9
39790,1
39791,3
39791,5
39791,13
39792,29
39792,9
39792,1
39793,1
39793,5
39794,3
39794,13
39794,6
39795,3
39795,5
39795,13
39796,1
39796,5
39797,3
39798,1
39798,5
39799,2
39799,1
39800,3
39800,1
39800,5
39801,4
39801,1
39801,6
39802,9
39802,1
39803,5
39804,2
39804,29
39805,3
39805,9
39805,1
39805,5
39806,11
39806,3
39806,5
39807,3
39807,5
39808,11
39808,3
39808,5
39809,40
39809,1
39809,3
39809,5
39809,6
39810,3
39810,5
39811,3
39811,5
39811,13
39812,3
39813,2
39813,1
39814,9
39814,1
39814,4
39814,56
39814,6
39815,9
39815,5
39816,29
39816,9
39816,1
39817,9
39817,1
39818,29
39818,1
39818,5
39819,4
39819,9
39819,1
39819,5
39820,9
39820,5
39821,4
39821,9
39821,1
39821,5
39822,4
39822,9
39822,1
39822,5
39823,4
39823,9
39823,1
39823,5
39824,9
39824,5
39824,13
39825,2
39825,1
39826,3
39826,1
39826,5
39827,3
39828,9
39828,1
39828,5
39829,1
39829,5
39830,2
39830,1
39831,3
39831,5
39832,3
39833,3
39833,9
39833,1
39834,11
39834,3
39834,5
39835,29
39835,9
39835,1
39836,3
39836,161
39837,9
39837,1
39837,5
39837,13
39838,9
39838,1
39838,5
39839,29
39839,1
39840,9
39840,1
39840,5
39841,9
39841,5
39842,11
39842,5
39843,3
39843,161
39844,9
39844,5
39845,11
39845,9
39845,1
39845,3
39845,5
39845,17
39845,6
39846,3
39846,1
39846,5
39847,9
39847,5
39848,3
39848,5
39849,29
39849,1
39849,5
39850,3
39850,5
39851,29
39851,9
39851,1
39852,9
39852,5
39853,1
39853,5
39854,9
39854,5
39855,3
39855,5
39856,29
39856,9
39856,1
39856,13
39857,9
39857,5
39858,9
39858,5
39859,2
39859,3
39859,1
39859,5
39860,4
39860,1
39860,6
39861,3
39861,9
39861,5
39862,4
39862,1
39862,6
39863,4
39863,9
39863,1
39863,5
39864,9
39864,5
39865,9
39866,29
39866,5
39867,3
39867,5
39868,2
39868,1
39869,3
39869,5
39870,4
39870,9
39870,1
39870,5
39871,9
39872,9
39872,1
39873,9
39873,5
39874,3
39874,19
39875,2
39875,1
39876,11
39876,3
39876,5
39877,3
39877,19
39878,3
39878,1
39878,5
39879,9
39879,83
39879,2
39879,3
39879,17
39880,3
39881,9
39881,1
39881,5
39882,9
39882,1
39882,83
39882,5
39882,13
39882,17
39883,29
39883,9
39883,1
39884,9
39884,83
39884,2
39884,3
39884,17
39885,9
39885,1
39885,5
39886,3
39886,1
39886,5
39887,9
39887,5
39888,3
39888,5
39889,40
39889,1
39889,5
39890,9
39891,29
39891,9
39892,3
39893,9
39894,9
39894,5
39895,9
39896,3
39896,5
39897,2
39897,1
39898,1
39898,5
39899,29
39899,1
39899,5
39899,13
39899,17
39900,11
39900,3
39901,40
39901,9
39901,29
39901,1
39901,2
39901,4
39901,56
39901,13
39901,6
39902,29
39902,1
39902,5
39902,13
39902,17
39903,5
39903,9
39903,1
39904,29
39904,1
39905,3
39906,29
39906,9
39906,1
39907,3
39907,5
39908,5
39908,17
39908,13
39909,3
39910,1
39910,5
39911,3
39911,1
39911,5
39912,3
39912,5
39913,3
39913,5
39914,9
39915,1
39915,5
39916,2
39916,1
39917,3
39918,29
39918,9
39918,1
39919,3
39919,1
39919,5
39920,9
39920,5
39921,9
39921,1
39922,3
39922,9
39922,5
39923,3
39924,9
39924,1
39924,5
39925,1
39925,5
39926,3
39926,1
39926,5
39927,3
39927,9
39927,5
39927,13
39928,2
39928,3
39929,3
39929,1
39929,5
39930,9
39930,1
39930,5
39931,3
39931,5
39932,3
39932,5
39933,3
39933,5
39934,3
39934,5
39935,2
39935,1
39936,2
39936,1
39937,3
39937,5
39938,2
39939,3
39939,5
39940,29
39940,1
39941,1
39941,2
39941,3
39941,4
39941,5
39941,6
39942,3
39943,1
39943,2
39943,3
39943,4
39943,5
39943,6
39944,3
39944,9
39944,1
39945,3
39945,161
39946,1
39946,4
39946,74
39946,75
39946,17
39947,1
39947,2
39947,3
39947,4
39947,5
39947,6
39948,9
39948,1
39948,5
39949,29
39949,1
39950,9
39950,1
39950,4
39950,56
39950,6
39951,3
39952,3
39953,1
39953,5
39954,29
39954,1
39954,5
39955,3
39955,5
39956,3
39956,5
39957,2
39957,1
39958,29
39958,9
39959,3
39959,5
39959,13
39960,3
39961,29
39961,13
39961,6
39962,1
39962,5
39963,9
39963,5
39964,3
39964,161
39965,3
39965,5
39966,9
39967,3
39967,9
39967,1
39967,5
39968,2
39968,1
39969,9
39969,5
39970,9
39970,5
39971,9
39971,5
39972,9
39972,83
39972,2
39972,3
39972,17
39973,19
39974,29
39974,1
39975,29
39975,1
39976,29
39976,9
39976,1
39977,40
39977,9
39977,29
39977,1
39977,2
39977,4
39977,56
39977,13
39977,6
39978,3
39978,5
39979,29
39979,9
39979,1
39980,3
39981,29
39981,1
39981,5
39982,11
39982,3
39982,5
39983,40
39983,9
39983,29
39983,1
39983,5
39983,13
39984,3
39985,3
39985,1
39985,5
39986,2
39986,1
39987,9
39987,1
39987,5
39987,13
39988,9
39989,29
39989,1
39989,5
39990,9
39990,1
39990,5
39991,2
39991,3
39991,5
39992,2
39992,29
39993,3
39994,5
39994,17
39994,13
39995,1
39995,5
39996,3
39996,1
39996,5
39997,3
39998,3
39998,5
39999,3
39999,5
40000,9
40000,1
40000,5
40001,9
40001,83
40001,3
40001,111
40001,13
40001,6
40002,1
40002,5
40003,4
40003,11
40003,1
40004,2
40004,1
40005,1
40005,5
40006,3
40007,3
40007,9
40007,1
40008,3
40008,9
40008,1
40009,11
40009,3
40010,1
40010,5
40011,29
40011,13
40011,6
40012,3
40012,5
40013,9
40014,3
40014,5
40015,40
40015,9
40015,316
40015,47
40015,29
40015,1
40015,83
40015,317
40015,56
40015,5
40015,74
40015,13
40015,17
40015,318
40015,6
40016,2
40016,29
40017,3
40017,19
40018,4
40018,9
40018,1
40018,5
40019,3
40020,2
40020,1
40021,3
40021,1
40021,5
40022,3
40022,5
40023,1
40023,5
40024,1
40024,2
40024,3
40024,4
40024,5
40024,6
40025,2
40025,29
40026,40
40026,9
40026,29
40026,1
40026,2
40026,4
40026,56
40026,13
40026,6
40027,40
40027,9
40027,29
40027,1
40027,2
40027,4
40027,56
40027,13
40027,6
40028,29
40028,6
40028,17
40028,83
40029,29
40029,1
40030,4
40030,1
40030,6
40031,9
40031,1
40031,4
40031,56
40031,6
40032,9
40032,1
40032,4
40032,56
40032,6
40033,3
40033,5
40034,3
40035,3
40035,5
40036,29
40036,1
40036,5
40037,1
40037,5
40038,3
40039,2
40039,1
40040,3
40040,5
40041,3
40041,1
40041,5
40042,1
40042,5
40043,9
40044,9
40044,1
40044,13
40044,83
40045,1
40045,5
40046,2
40046,29
40047,3
40048,3
40049,3
40050,3
40051,3
40052,2
40052,1
40053,9
40053,13
40054,9
40054,1
40054,5
40055,4
40055,1
40055,6
40056,3
40056,5
40057,1
40057,5
40058,9
40059,11
40059,3
40059,5
40060,5
40060,1
40060,17
40060,13
40061,9
40061,1
40061,4
40061,56
40061,6
40062,9
40063,4
40063,1
40063,6
40064,3
40065,29
40065,9
40066,29
40066,9
40067,9
40068,3
40068,5
40069,40
40069,5
40070,1
40070,5
40071,3
40071,5
40072,9
40072,83
40072,2
40072,3
40072,17
40073,1
40073,2
40073,3
40073,4
40073,5
40073,6
40074,9
40074,83
40074,2
40074,3
40074,17
40075,9
40075,83
40075,2
40075,3
40075,17
40076,1
40076,5
40077,9
40077,5
40078,5
40078,9
40078,1
40079,9
40079,5
40080,3
40080,5
40081,4
40081,1
40081,6
40082,9
40082,5
40083,9
40083,83
40083,2
40083,3
40083,17
40084,3
40084,5
40085,3
40085,161
40086,3
40087,9
40087,5
40088,29
40088,1
40088,5
40089,4
40089,9
40089,1
40089,5
40090,3
40090,9
40090,1
40090,5
40091,2
40091,1
40092,1
40092,5
40093,4
40093,1
40093,6
40094,3
40095,9
40095,1
40095,4
40095,56
40095,6
40096,3
40096,1
40096,5
40097,1
40097,5
40098,3
40098,9
40098,1
40099,11
40099,3
40100,9
40100,5
40101,9
40101,5
40102,1
40102,5
40103,9
40103,5
40104,4
40104,40
40104,1
40104,75
40105,3
40106,13
40107,2
40107,1
40108,9
40109,9
40110,3
40110,5
40111,1
40111,5
40112,29
40112,9
40113,3
40113,13
40113,6
40114,9
40114,1
40115,9
40116,3
40116,5
40117,3
40117,5
40118,9
40118,1
40118,5
40118,13
40119,9
40119,1
40120,9
40120,1
40120,83
40120,5
40120,6
40121,3
40121,5
40122,40
40122,9
40122,29
40122,1
40122,2
40122,4
40122,56
40122,13
40122,6
40123,40
40123,9
40123,29
40123,1
40123,2
40123,4
40123,56
40123,13
40123,6
40124,1
40125,9
40125,83
40125,2
40125,3
40125,17
40126,3
40126,5
40127,3
40127,5
40128,9
40129,3
40130,9
40130,83
40130,2
40130,3
40130,17
40131,4
40131,1
40131,6
40132,4
40132,9
40132,1
40132,5
40133,3
40133,161
40134,9
40134,1
40134,5
40135,13
40135,6
40136,2
40136,1
40137,1
40137,5
40138,9
40138,83
40138,2
40138,3
40138,17
40139,2
40139,3
40139,5
40140,3
40141,3
40141,1
40141,5
40142,3
40142,9
40142,1
40142,5
40143,9
40143,5
40144,1
40144,5
40145,29
40145,1
40145,5
40146,4
40146,9
40146,1
40146,5
40147,1
40147,4
40147,74
40147,75
40147,17
40148,1
40148,4
40148,74
40148,75
40148,17
40149,29
40149,9
40149,1
40149,5
40150,166
40150,19
40151,1
40151,5
40152,2
40152,1
40153,9
40153,5
40154,3
40155,9
40155,1
40155,4
40155,56
40155,6
40156,40
40156,9
40156,29
40156,1
40156,2
40156,4
40156,56
40156,13
40156,6
40157,3
40157,1
40157,5
40158,1
40158,5
40159,3
40159,1
40159,5
40160,3
40160,5
40161,1
40162,3
40163,2
40163,1
40164,9
40164,1
40165,9
40165,5
40166,3
40166,5
40167,9
40167,5
40168,9
40168,1
40169,2
40169,29
40170,9
40170,1
40171,9
40171,1
40171,83
40171,5
40171,13
40171,17
40172,3
40172,9
40172,1
40172,5
40173,29
40173,13
40173,6
40174,3
40174,5
40175,9
40175,1
40175,4
40175,56
40175,6
40176,3
40177,9
40177,1
40177,5
40177,13
40178,9
40178,5
40179,3
40179,5
40180,9
40180,5
40181,3
40182,29
40182,9
40182,1
40182,111
40183,2
40183,1
40184,9
40185,9
40185,5
40186,9
40186,1
40186,5
40187,9
40187,83
40187,3
40187,111
40187,13
40187,6
40188,3
40188,5
40189,1
40189,5
40190,4
40190,9
40190,1
40190,5
40191,29
40191,13
40191,6
40192,4
40192,1
40192,6
40193,9
40193,5
40194,3
40195,3
40195,5
40196,4
40196,9
40196,1
40196,5
40197,3
40198,3
40198,161
40199,3
40199,5
40200,3
40200,1
40200,5
40201,2
40201,1
40202,1
40202,5
40203,9
40203,1
40203,5
40204,9
40204,1
40204,5
40205,3
40205,1
40205,5
40206,4
40206,1
40206,6
40207,2
40207,1
40208,1
40208,5
40209,3
40210,3
40210,1
40210,5
40211,1
40211,5
40212,9
40212,1
40212,5
40213,9
40213,1
40213,5
40214,3
40214,1
40214,5
40215,29
40215,17
40216,9
40216,1
40216,5
40217,3
40217,1
40217,5
40218,13
40219,3
40219,5
40220,29
40220,9
40220,1
40221,9
40221,1
40221,83
40221,5
40221,13
40221,17
40222,9
40223,3
40224,47
40224,83
40224,2
40224,13
40224,17
40224,6
40225,3
40225,5
40226,2
40226,29
40227,3
40227,161
40228,29
40228,9
40228,1
40228,13
40229,4
40229,3
40230,29
40230,5
40231,1
40231,5
40232,9
40232,1
40232,5
40233,1
40233,5
40234,29
40234,1
40234,5
40235,3
40236,9
40236,1
40236,4
40236,56
40236,6
40237,9
40237,1
40237,5
40238,3
40238,161
40239,2
40239,29
40240,29
40240,1
40241,166
40241,19
40242,4
40242,9
40242,1
40242,5
40243,3
40243,161
40244,9
40245,9
40245,83
40245,2
40245,3
40245,17
40246,3
40246,5
40247,2
40247,1
40248,3
40248,5
40249,1
40249,5
40250,4
40250,1
40250,6
40251,3
40251,5
40251,13
40252,9
40252,83
40252,2
40252,3
40252,17
40253,3
40254,3
40254,1
40254,5
40255,3
40255,1
40255,5
40256,29
40256,1
40256,5
40257,47
40257,83
40257,2
40257,13
40257,17
40257,6
40258,3
40258,5
40259,1
40259,5
40260,4
40260,9
40260,1
40260,5
40261,5
40261,1
40261,17
40261,13
40262,9
40262,83
40262,2
40262,3
40262,17
40263,3
40264,47
40264,83
40264,2
40264,13
40264,17
40264,6
40265,3
40265,161
40266,3
40266,5
40267,166
40267,19
40268,2
40268,29
40269,9
40269,5
40270,3
40271,3
40272,9
40272,83
40272,2
40272,3
40272,17
40273,3
40273,9
40273,5
40274,29
40274,9
40274,1
40275,4
40275,9
40275,1
40275,5
40276,9
40276,5
40277,3
40277,161
40278,9
40279,2
40279,29
40280,9
40280,5
40281,3
40281,1
40281,5
40282,166
40282,19
40283,29
40283,1
40283,5
40284,9
40284,83
40284,2
40284,3
40284,17
40285,9
40285,5
40286,3
40287,3
40287,161
40288,4
40288,1
40288,6
40289,9
40289,1
40289,5
40290,2
40290,1
40291,1
40291,5
40292,3
40293,1
40293,5
40294,3
40294,1
40294,5
40295,9
40296,2
40296,1
40297,1
40297,5
40298,3
40298,5
40299,3
40299,5
40300,3
40301,3
40301,5
40302,3
40302,1
40302,5
40303,9
40303,5
40304,2
40304,11
40304,5
40305,3
40305,5
40306,29
40306,9
40306,1
40306,5
40307,3
40308,9
40309,4
40309,1
40309,6
40310,2
40310,1
40311,1
40311,5
40312,3
40313,29
40313,9
40313,1
40313,5
40314,3
40314,5
40315,29
40315,1
40315,5
40316,3
40316,1
40316,5
40317,3
40317,5
40318,9
40318,5
40319,3
40319,5
40320,4
40320,40
40320,1
40320,75
40321,29
40321,9
40321,1
40322,1
40322,17
40323,1
40323,5
40324,9
40324,1
40325,3
40326,5
40326,17
40326,13
40327,9
40327,5
40328,9
40328,5
40329,9
40329,1
40329,83
40329,5
40329,6
40330,47
40330,29
40330,4
40330,3
40330,6
40331,3
40331,5
40332,3
40332,1
40332,5
40333,29
40333,1
40333,5
40334,3
40335,3
40335,5
40336,3
40337,3
40337,1
40337,5
40338,9
40338,83
40338,2
40338,3
40338,17
40339,9
40339,1
40340,4
40340,1
40340,6
40341,4
40341,9
40341,1
40341,5
40342,9
40342,5
40343,4
40343,9
40343,1
40343,5
40344,2
40344,1
40345,3
40346,1
40346,5
40347,3
40347,1
40347,5
40348,4
40348,1
40348,6
40349,3
40349,9
40349,5
40350,3
40351,3
40351,5
40352,3
40352,9
40352,5
40353,29
40353,1
40353,5
40354,2
40354,1
40355,9
40356,9
40357,9
40357,1
40357,5
40358,3
40359,3
40360,2
40360,29
40361,3
40362,3
40363,3
40364,3
40365,3
40366,3
40367,3
40368,4
40368,1
40368,6
40369,4
40369,1
40369,6
40370,3
40371,3
40372,3
40373,3
40374,3
40375,3
40376,3
40377,3
40378,3
40378,9
40378,5
40378,13
40379,4
40379,1
40379,6
40380,5
40380,17
40380,13
40381,3
40381,161
40382,3
40382,9
40382,5
40382,13
40383,3
40384,3
40385,9
40386,3
40387,3
40388,4
40388,11
40388,1
40389,2
40389,1
40390,29
40390,9
40390,1
40391,29
40391,1
40392,3
40392,5
40393,2
40393,1
40394,3
40395,1
40395,2
40395,3
40395,4
40395,5
40395,6
40396,1
40396,5
40397,40
40397,5
40398,29
40398,1
40398,5
40399,3
40399,1
40399,5
40400,9
40400,1
40400,5
40401,1
40401,5
40402,4
40402,1
40402,6
40403,9
40403,5
40403,13
40404,4
40404,1
40404,6
40405,3
40405,5
40406,4
40406,11
40406,1
40407,3
40407,5
40408,9
40408,5
40409,3
40409,1
40410,9
40410,5
40411,3
40412,2
40412,11
40412,5
40412,13
40413,4
40413,1
40413,6
40414,3
40414,5
40415,1
40415,5
40416,12
40416,3
40416,56
40416,5
40416,74
40416,17
40417,5
40417,1
40417,17
40417,13
40418,3
40419,9
40419,83
40419,2
40419,3
40419,17
40420,3
40420,161
40421,29
40421,9
40421,1
40422,3
40422,5
40423,1
40423,5
40424,2
40424,1
40425,3
40426,29
40426,9
40426,1
40427,29
40427,5
40428,3
40428,1
40428,5
40429,1
40429,5
40430,9
40431,3
40431,5
40432,2
40432,29
40433,3
40433,1
40433,5
40434,9
40434,83
40434,2
40434,3
40434,17
40435,9
40435,5
40436,9
40436,1
40437,9
40437,5
40438,3
40438,5
40439,3
40440,29
40440,1
40441,29
40441,9
40442,3
40442,161
40443,3
40444,9
40444,5
40445,3
40445,5
40446,3
40446,1
40446,5
40447,2
40447,29
40448,9
40448,1
40449,9
40449,83
40449,2
40449,3
40449,17
40450,29
40450,9
40450,1
40451,9
40451,5
40452,3
40453,3
40453,1
40454,3
40454,161
40455,9
40456,1
40456,5
40457,4
40457,1
40457,6
40458,3
40459,2
40459,1
40460,9
40461,9
40462,17
40462,12
40462,9
40462,5
40463,3
40464,9
40464,1
40465,1
40465,5
40466,2
40466,1
40467,3
40467,5
40468,3
40468,5
40469,3
40470,2
40470,1
40471,1
40471,5
40472,3
40472,1
40472,5
40473,1
40473,5
40474,9
40474,1
40474,6
40475,3
40476,1
40476,5
40477,3
40477,5
40478,2
40478,1
40479,9
40479,1
40479,5
40480,2
40480,1
40481,3
40482,3
40483,1
40483,5
40484,1
40484,5
40485,3
40485,1
40485,5
40486,3
40486,9
40486,5
40487,4
40487,1
40487,6
40488,2
40488,1
40489,1
40489,5
40490,29
40490,9
40490,1
40490,5
40491,3
40491,9
40491,5
40492,9
40492,5
40493,9
40493,5
40494,1
40494,17
40495,3
40496,9
40496,5
40497,3
40497,5
40497,13
40498,9
40498,5
40499,3
40500,2
40500,3
40500,5
40501,3
40501,1
40501,5
40502,2
40502,3
40502,9
40502,5
40503,17
40503,12
40503,9
40503,5
40504,1
40504,5
40505,2
40505,1
40506,3
40507,3
40507,1
40507,5
40508,3
40508,1
40509,29
40509,1
40509,5
40510,17
40510,12
40510,9
40510,5
40511,2
40511,3
40511,9
40511,5
40512,2
40512,1
40513,5
40513,1
40513,17
40513,13
40514,1
40514,5
40515,3
40516,3
40516,1
40516,5
40517,17
40517,12
40517,9
40517,5
40518,2
40518,3
40518,9
40518,5
40519,3
40519,1
40520,2
40520,1
40521,1
40521,5
40522,29
40522,1
40522,5
40523,3
40524,3
40524,1
40524,5
40525,3
40525,1
40526,29
40526,1
40526,5
40527,9
40528,3
40529,2
40529,1
40530,1
40530,5
40531,3
40531,1
40531,5
40532,3
40532,5
40532,13
40533,3
40533,5
40533,13
40534,4
40534,1
40534,6
40535,29
40535,9
40536,9
40536,5
40537,29
40537,9
40537,1
40538,3
40538,5
40539,3
40539,13
40540,3
40540,13
40541,29
40541,1
40541,5
40542,3
40543,1
40543,5
40544,9
40544,5
40545,9
40546,29
40546,9
40546,1
40547,3
40547,5
40548,12
40548,3
40548,56
40548,5
40548,74
40548,17
40549,3
40549,9
40549,5
40550,9
40550,5
40551,3
40551,1
40552,2
40552,3
40553,11
40553,3
40553,5
40554,3
40555,3
40556,2
40556,1
40557,9
40558,3
40558,5
40559,40
40559,5
40560,2
40560,29
40561,3
40561,5
40562,9
40562,1
40562,6
40563,3
40563,5
40564,3
40564,5
40565,5
40565,9
40565,1
40566,9
40566,83
40566,2
40566,3
40566,17
40567,4
40567,1
40567,6
40568,3
40569,3
40569,161
40570,2
40570,1
40571,3
40571,1
40572,1
40572,2
40572,3
40572,4
40572,5
40572,6
40573,3
40574,3
40575,3
40575,1
40575,5
40576,2
40576,1
40577,9
40578,11
40578,9
40578,2
40578,4
40578,5
40579,4
40579,3
40579,1
40579,5
40580,9
40580,5
40581,3
40581,9
40581,5
40582,3
40582,9
40582,5
40583,1
40583,5
40584,4
40584,1
40584,6
40585,4
40585,1
40585,6
40586,3
40586,13
40587,9
40587,1
40588,9
40588,5
40589,9
40589,5
40590,3
40590,9
40590,5
40591,1
40592,9
40592,5
40593,3
40593,1
40593,5
40594,3
40594,5
40595,9
40595,5
40596,9
40596,5
40597,9
40597,1
40598,29
40598,1
40598,5
40599,40
40599,9
40599,316
40599,47
40599,29
40599,1
40599,83
40599,317
40599,56
40599,5
40599,74
40599,13
40599,17
40599,318
40599,6
40600,4
40600,1
40600,6
40601,9
40601,5
40602,3
40602,5
40603,9
40603,5
40604,3
40605,2
40605,1
40606,9
40606,5
40606,13
40607,3
40607,5
40608,2
40608,29
40609,2
40609,1
40610,3
40611,2
40611,1
40612,1
40612,5
40613,9
40613,1
40614,29
40614,9
40614,1
40614,5
40615,9
40615,5
40616,3
40616,13
40617,1
40617,5
40618,3
40618,1
40618,5
40619,9
40619,5
40620,2
40620,1
40621,1
40621,5
40622,9
40622,1
40623,3
40624,9
40624,83
40624,2
40624,3
40624,17
40625,3
40625,1
40625,5
40626,4
40626,1
40626,6
40627,9
40628,9
40628,1
40629,2
40629,1
40630,3
40631,1
40631,5
40632,4
40632,1
40632,6
40633,1
40633,5
40634,3
40634,1
40634,5
40635,29
40635,9
40635,1
40635,5
40636,1
40636,5
40637,4
40637,9
40637,1
40637,5
40638,3
40638,13
40638,6
40639,3
40639,5
40640,3
40640,161
40641,9
40641,1
40641,5
40642,9
40642,83
40642,2
40642,3
40642,17
40643,9
40643,1
40644,9
40644,83
40644,2
40644,3
40644,17
40645,9
40645,1
40646,9
40646,1
40647,47
40647,1
40647,3
40647,56
40647,5
40648,1
40648,5
40649,9
40649,1
40650,3
40651,9
40651,1
40652,9
40652,1
40652,4
40652,56
40652,6
40653,1
40653,5
40654,9
40654,1
40654,5
40655,4
40655,1
40655,6
40656,4
40656,1
40656,6
40657,5
40657,9
40657,1
40658,3
40659,3
40659,1
40659,5
40660,9
40660,83
40660,3
40660,111
40660,13
40660,6
40661,4
40661,9
40661,1
40661,5
40662,4
40662,9
40662,1
40662,5
40663,4
40663,9
40663,1
40663,5
40664,4
40664,9
40664,1
40664,5
40665,5
40665,9
40665,1
40666,2
40666,1
40667,9
40667,1
40668,1
40668,5
40669,29
40669,9
40669,1
40670,9
40670,5
40670,13
40671,3
40671,5
40672,3
40672,11
40672,1
40672,5
40673,4
40673,1
40673,6
40674,3
40674,5
40674,13
40675,3
40676,1
40676,5
40677,3
40677,1
40677,5
40678,5
40678,9
40678,1
40679,9
40679,5
40680,2
40680,1
40681,1
40681,5
40682,9
40682,12
40682,1
40682,5
40682,13
40683,1
40683,5
40684,1
40684,5
40685,13
40685,6
40686,3
40687,1
40687,5
40688,3
40688,1
40688,5
40689,3
40689,9
40689,5
40690,3
40690,5
40691,3
40692,9
40693,2
40693,29
40694,9
40695,3
40696,4
40696,1
40696,6
40697,3
40697,5
40698,29
40698,1
40699,3
40699,5
40700,3
40700,13
40701,3
40701,5
40702,3
40702,5
40703,3
40703,5
40704,3
40704,5
40705,2
40705,9
40705,5
40706,3
40706,13
40706,6
40707,3
40707,5
40708,3
40708,5
40709,3
40709,5
40710,3
40710,161
40711,29
40711,9
40711,1
40712,29
40712,6
40712,17
40712,83
40713,3
40714,3
40714,161
40715,3
40715,161
40716,3
40716,5
40716,13
40717,11
40717,3
40718,3
40718,13
40719,29
40719,9
40719,1
40720,3
40721,3
40721,5
40722,5
40723,3
40723,5
40724,3
40724,9
40724,5
40724,13
40725,11
40725,5
40726,29
40726,9
40726,1
40727,40
40727,9
40727,29
40727,1
40727,2
40727,4
40727,56
40727,13
40727,6
40728,3
40728,5
40729,3
40729,5
40730,3
40730,5
40731,2
40731,3
40731,1
40731,5
40732,29
40732,1
40732,5
40733,3
40734,3
40734,5
40734,13
40735,3
40735,5
40735,13
40736,3
40736,11
40736,1
40736,5
40737,3
40737,5
40737,13
40738,3
40739,3
40739,11
40739,1
40739,5
40740,4
40740,40
40740,1
40740,75
40741,2
40741,1
40742,2
40742,1
40743,1
40743,5
40744,47
40744,29
40744,4
40744,3
40744,6
40745,9
40746,1
40746,5
40747,3
40747,5
40748,3
40748,5
40749,3
40749,9
40749,1
40750,11
40750,5
40751,40
40751,9
40751,29
40751,1
40751,2
40751,4
40751,56
40751,13
40751,6
40752,2
40752,11
40752,5
40752,13
40753,9
40753,5
40754,3
40755,9
40755,5
40756,3
40757,9
40757,5
40758,9
40759,9
40759,5
40760,3
40760,161
40761,40
40761,9
40761,29
40761,1
40761,2
40761,4
40761,56
40761,13
40761,6
40762,1
40762,2
40762,3
40762,4
40762,5
40762,6
40763,9
40763,1
40763,5
40764,9
40764,5
40765,3
40765,5
40766,3
40767,3
40768,9
40769,3
40769,161
40770,1
40770,5
40771,47
40771,29
40771,4
40771,3
40771,6
40772,3
40772,5
40773,3
40773,5
40774,3
40775,9
40775,5
40776,40
40776,9
40776,29
40776,1
40776,2
40776,4
40776,56
40776,13
40776,6
40777,11
40777,9
40777,2
40777,4
40777,5
40778,3
40778,1
40778,5
40779,3
40779,9
40779,13
40780,9
40780,5
40781,3
40782,3
40783,3
40783,5
40784,1
40784,4
40784,74
40784,75
40784,17
40785,3
40785,161
40786,3
40786,1
40786,5
40787,2
40787,11
40787,5
40787,13
40788,3
40789,9
40789,5
40790,9
40790,5
40791,9
40791,5
40792,3
40793,1
40793,5
40794,3
40795,29
40795,1
40795,5
40796,3
40796,5
40797,40
40797,9
40797,316
40797,47
40797,29
40797,1
40797,83
40797,317
40797,56
40797,5
40797,74
40797,13
40797,17
40797,318
40797,6
40798,9
40799,9
40799,1
40800,3
40800,19
40801,3
40801,9
40801,5
40801,13
40802,9
40802,5
40803,29
40803,9
40804,29
40804,1
40805,29
40805,9
40806,29
40806,1
40806,5
40807,3
40807,161
40808,29
40808,1
40808,5
40809,4
40809,11
40809,1
40810,3
40811,2
40811,1
40812,40
40812,9
40812,29
40812,1
40812,5
40812,13
40813,9
40813,5
40814,9
40815,1
40815,5
40816,9
40817,3
40817,5
40818,3
40818,5
40819,9
40819,316
40819,1
40819,4
40819,3
40819,5
40819,17
40819,6
40820,19
40821,3
40821,1
40821,5
40822,29
40822,9
40822,1
40822,5
40823,5
40823,9
40823,1
40824,9
40824,83
40824,2
40824,3
40824,17
40825,47
40825,29
40825,4
40825,3
40825,6
40826,3
40826,5
40827,3
40827,5
40828,47
40828,29
40828,4
40828,3
40828,6
40829,3
40829,5
40830,29
40830,1
40830,5
40831,166
40831,19
40832,3
40832,161
40833,4
40833,1
40833,6
40834,3
40835,12
40835,3
40835,56
40835,5
40835,74
40835,17
40836,1
40836,2
40836,3
40836,4
40836,5
40836,6
40837,9
40837,1
40837,5
40838,1
40838,5
40839,3
40839,161
40840,29
40840,1
40840,5
40841,83
40841,3
40841,5
40841,74
40841,13
40842,4
40842,1
40842,6
40843,9
40843,83
40843,2
40843,3
40843,17
40844,3
40845,9
40845,5
40846,11
40846,3
40847,3
40848,3
40848,161
40849,3
40849,5
40850,1
40850,4
40850,74
40850,75
40850,17
40851,9
40852,1
40852,5
40853,3
40853,5
40854,3
40854,5
40855,9
40855,29
40855,1
40855,56
40855,111
40855,17
40856,3
40857,47
40857,29
40857,4
40857,3
40857,6
40858,47
40858,29
40858,4
40858,3
40858,6
40859,9
40859,5
40860,47
40860,29
40860,4
40860,3
40860,6
40861,3
40861,1
40861,5
40862,4
40862,3
40862,1
40862,5
40863,9
40863,1
40864,12
40864,3
40864,56
40864,5
40864,74
40864,17
40865,3
40865,1
40865,5
40866,47
40866,29
40866,4
40866,3
40866,6
40867,2
40867,3
40867,9
40868,3
40868,5
40869,3
40869,5
40870,3
40871,3
40871,5
40872,3
40872,5
40873,3
40874,3
40874,5
40875,9
40875,5
40876,3
40876,13
40877,3
40877,5
40878,3
40878,1
40878,5
40879,3
40879,5
40880,3
40880,5
40881,3
40881,5
40882,3
40882,5
40883,3
40884,3
40884,1
40885,9
40885,5
40886,9
40886,5
40887,5
40887,9
40887,1
40888,4
40888,1
40888,6
40889,3
40889,9
40889,5
40890,1
40890,4
40890,2
40890,56
40890,5
40890,17
40890,6
40891,4
40891,1
40891,6
40892,9
40892,5
40893,9
40893,5
40894,3
40894,13
40895,9
40895,5
40896,4
40896,1
40896,6
40897,9
40897,83
40897,2
40897,3
40897,17
40898,29
40898,1
40898,5
40899,9
40899,5
40900,5
40900,9
40900,1
40901,9
40901,5
40902,3
40903,12
40903,3
40903,56
40903,5
40903,74
40903,17
40904,12
40904,3
40904,56
40904,5
40904,74
40904,17
40905,9
40905,5
40906,3
40907,4
40907,11
40907,1
40908,166
40908,19
40909,9
40909,1
40909,6
40910,3
40910,13
40911,9
40911,83
40911,2
40911,3
40911,17
40912,29
40912,1
40913,3
40913,13
40914,3
40915,3
40915,13
40916,40
40916,9
40916,29
40916,1
40916,2
40916,4
40916,56
40916,13
40916,6
40917,9
40918,29
40918,1
40918,5
40919,3
40919,5
40920,1
40920,4
40920,74
40920,75
40920,17
40921,2
40921,1
40922,3
40922,5
40923,4
40923,1
40923,6
40924,4
40924,1
40924,6
40925,166
40925,19
40926,9
40926,5
40927,4
40927,1
40927,6
40928,3
40928,1
40929,166
40929,19
40930,4
40930,1
40930,6
40931,9
40931,1
40932,9
40932,83
40932,2
40932,3
40932,17
40933,166
40933,19
40934,3
40935,3
40935,1
40935,5
40936,3
40936,161
40937,29
40937,9
40937,1
40938,3
40938,5
40939,1
40939,5
40940,166
40940,19
40941,1
40941,4
40941,74
40941,75
40941,17
40942,166
40942,19
40943,9
40943,5
40944,9
40944,83
40944,2
40944,3
40944,17
40945,29
40945,1
40945,5
40946,9
40946,5
40947,3
40947,161
40948,9
40948,5
40949,9
40949,83
40949,2
40949,3
40949,17
40950,3
40951,3
40951,5
40952,9
40952,83
40952,2
40952,3
40952,17
40953,9
40953,5
40954,9
40954,1
40954,5
40955,9
40956,1
40956,5
40957,3
40957,5
40958,3
40959,29
40959,1
40959,5
40960,9
40960,5
40961,3
40961,5
40962,3
40962,5
40963,56
40963,5
40963,13
40964,56
40964,5
40964,13
40965,2
40965,3
40965,9
40966,11
40966,3
40966,5
40967,3
40968,3
40969,9
40969,1
40969,5
40969,13
40970,2
40970,1
40970,75
40970,6
40971,9
40971,1
40971,4
40971,56
40971,6
40972,3
40973,3
40973,9
40973,5
40973,13
40974,9
40974,5
40975,29
40975,1
40976,11
40976,9
40976,2
40976,4
40976,5
40977,9
40977,5
40978,3
40978,161
40979,40
40979,1
40979,17
40979,13
40980,3
40980,5
40981,3
40981,9
40981,5
40981,13
40982,9
40982,1
40983,4
40983,1
40983,6
40984,3
40984,5
40985,3
40986,9
40986,5
40987,3
40987,161
40988,1
40988,4
40988,2
40988,56
40988,5
40988,17
40988,6
40989,3
40989,5
40990,29
40990,9
40990,1
40991,2
40991,9
40991,1
40991,5
40992,2
40992,9
40992,1
40992,5
40993,9
40993,5
40994,1
40994,5
40995,9
40995,5
40996,29
40996,9
40996,1
40997,9
40997,5
40998,40
40998,1
40998,3
40998,5
40998,6
40999,9
40999,5
41000,9
41000,5
41001,9
41001,1
41001,5
41002,9
41002,83
41002,2
41002,3
41002,17
41003,3
41004,29
41004,9
41004,1
41005,3
41005,5
41006,3
41006,5
41007,47
41007,316
41007,1
41007,83
41007,6
41008,11
41008,3
41008,5
41009,3
41009,1
41009,5
41010,3
41010,5
41011,9
41012,29
41012,1
41012,5
41013,1
41013,5
41014,3
41014,5
41015,40
41015,9
41015,29
41015,1
41015,5
41015,13
41016,2
41016,29
41017,4
41017,1
41017,6
41018,29
41018,9
41018,1
41019,3
41019,5
41019,13
41020,3
41021,4
41021,9
41021,1
41021,5
41022,3
41022,161
41023,3
41023,5
41024,4
41024,9
41024,1
41024,5
41025,4
41025,9
41025,1
41025,5
41026,1
41026,4
41026,74
41026,75
41026,17
41027,9
41028,3
41028,5
41029,1
41029,4
41029,74
41029,75
41029,17
41030,2
41030,1
41031,3
41031,5
41032,1
41032,4
41032,74
41032,75
41032,17
41033,40
41033,9
41033,29
41033,1
41033,2
41033,4
41033,56
41033,13
41033,6
41034,9
41034,5
41035,9
41035,5
41036,9
41036,1
41037,3
41037,9
41037,5
41038,166
41038,19
41039,4
41039,1
41039,6
41040,3
41040,9
41040,1
41041,3
41042,1
41042,5
41043,9
41043,1
41043,5
41044,2
41044,1
41045,29
41045,1
41045,5
41046,29
41046,9
41046,1
41047,9
41048,3
41048,5
41049,3
41049,5
41050,47
41050,29
41050,4
41050,3
41050,6
41051,3
41051,5
41052,9
41052,5
41053,3
41054,3
41055,3
41056,3
41057,3
41058,3
41059,1
41059,4
41059,74
41059,75
41059,17
41060,9
41060,5
41061,3
41062,29
41062,9
41062,1
41062,5
41063,9
41063,1
41063,5
41064,9
41064,5
41065,29
41065,9
41065,1
41066,29
41066,1
41067,9
41067,5
41068,3
41068,5
41069,3
41069,9
41069,5
41070,5
41070,9
41070,1
41071,9
41071,5
41072,29
41072,9
41072,1
41072,5
41073,9
41073,5
41074,9
41074,83
41074,2
41074,3
41074,17
41075,9
41075,83
41075,2
41075,3
41075,17
41076,3
41076,5
41077,3
41077,5
41078,9
41078,5
41079,40
41079,9
41079,29
41079,1
41079,2
41079,4
41079,56
41079,13
41079,6
41080,9
41080,83
41080,2
41080,3
41080,17
41081,4
41081,1
41081,6
41082,3
41082,13
41083,3
41084,29
41084,9
41084,1
41085,1
41085,5
41086,9
41087,29
41087,1
41087,5
41088,3
41088,9
41088,1
41088,5
41089,9
41089,5
41090,40
41090,9
41090,29
41090,1
41090,2
41090,4
41090,56
41090,13
41090,6
41091,9
41091,5
41092,3
41093,3
41094,3
41095,3
41096,3
41097,3
41098,3
41098,5
41099,3
41099,9
41099,5
41100,9
41100,1
41100,5
41101,3
41101,13
41102,3
41102,9
41102,5
41103,9
41103,5
41104,3
41104,9
41104,5
41105,3
41105,13
41106,3
41106,9
41106,5
41107,3
41108,9
41108,5
41109,9
41109,5
41110,5
41110,1
41110,17
41110,13
41111,3
41112,9
41112,1
41112,13
41112,83
41113,9
41113,83
41113,2
41113,3
41113,17
41114,3
41114,9
41114,5
41115,9
41115,5
41116,9
41116,83
41116,2
41116,3
41116,17
41117,9
41117,5
41118,29
41118,9
41118,1
41119,3
41120,3
41121,9
41121,5
41122,9
41122,5
41123,9
41124,29
41124,1
41124,5
41125,9
41125,1
41125,5
41126,1
41126,5
41127,3
41127,9
41127,1
41128,9
41128,1
41129,40
41129,9
41129,29
41129,1
41129,2
41129,4
41129,56
41129,13
41129,6
41130,3
41131,9
41131,1
41131,5
41132,1
41132,2
41132,3
41132,4
41132,5
41132,6
41133,9
41133,1
41134,3
41134,161
41135,29
41135,9
41135,1
41135,111
41136,29
41136,1
41136,5
41137,2
41137,1
41138,29
41138,9
41138,1
41138,111
41139,2
41139,1
41140,1
41140,5
41141,2
41141,1
41142,3
41142,9
41142,1
41142,5
41143,9
41143,5
41144,9
41144,1
41145,3
41146,3
41146,5
41147,4
41147,1
41147,6
41148,9
41148,1
41149,9
41149,1
41149,5
41149,13
41150,9
41150,1
41151,3
41151,5
41152,29
41152,9
41152,1
41152,5
41153,29
41153,9
41153,1
41154,9
41154,1
41155,3
41155,5
41156,3
41156,5
41157,5
41158,5
41159,9
41159,1
41159,5
41159,13
41160,19
41161,3
41161,1
41161,5
41162,9
41162,1
41163,3
41164,3
41164,5
41165,3
41166,3
41166,1
41166,5
41167,3
41167,1
41168,9
41168,5
41169,3
41169,13
41170,1
41170,5
41171,40
41171,9
41171,29
41171,1
41171,17
41171,6
41172,3
41173,2
41173,1
41174,1
41174,5
41175,29
41175,6
41175,17
41175,83
41176,3
41176,13
41177,3
41177,9
41177,1
41178,9
41178,1
41178,5
41178,13
41179,9
41179,1
41179,5
41179,13
41180,9
41180,5
41181,9
41181,5
41182,9
41182,1
41182,5
41182,13
41183,13
41183,6
41184,9
41184,1
41184,5
41184,13
41185,11
41185,9
41185,12
41185,1
41185,2
41185,5
41185,13
41186,29
41186,1
41186,5
41187,9
41187,1
41188,29
41188,1
41189,29
41189,1
41190,3
41190,9
41190,1
41191,4
41191,1
41191,6
41192,40
41192,9
41192,29
41192,1
41192,2
41192,4
41192,56
41192,13
41192,6
41193,9
41193,5
41194,29
41194,1
41194,5
41195,3
41195,9
41195,1
41196,9
41196,5
41197,3
41197,5
41198,9
41198,83
41198,2
41198,3
41198,17
41199,3
41200,3
41200,5
41201,29
41201,9
41201,1
41202,29
41202,9
41202,1
41203,3
41204,40
41204,9
41204,29
41204,1
41204,2
41204,4
41204,56
41204,13
41204,6
41205,9
41205,5
41206,3
41206,5
41206,13
41207,3
41207,5
41207,13
41208,3
41209,3
41209,9
41209,1
41210,3
41210,9
41210,1
41211,9
41211,5
41212,9
41212,1
41212,4
41212,56
41212,6
41213,2
41213,9
41213,1
41213,5
41214,3
41214,5
41215,3
41215,1
41215,5
41216,3
41216,5
41217,1
41217,5
41218,9
41218,5
41219,29
41219,9
41219,1
41220,4
41220,1
41220,6
41221,1
41221,17
41222,29
41222,1
41223,4
41223,1
41223,6
41224,3
41224,161
41225,3
41225,5
41226,3
41226,5
41227,5
41227,9
41227,1
41228,3
41228,5
41228,13
41229,3
41230,3
41230,161
41231,3
41231,5
41232,2
41232,9
41232,1
41232,5
41233,3
41233,5
41234,3
41234,5
41235,9
41235,1
41235,4
41235,56
41235,6
41236,9
41236,12
41236,1
41236,5
41236,13
41237,11
41237,5
41238,9
41239,3
41239,161
41240,40
41240,5
41241,3
41241,5
41242,3
41242,5
41243,2
41243,1
41244,1
41244,5
41245,4
41245,1
41245,6
41246,29
41246,9
41246,1
41247,3
41247,1
41247,5
41248,5
41248,1
41248,17
41248,13
41249,1
41249,2
41249,3
41249,4
41249,5
41249,6
41250,3
41250,5
41251,3
41251,5
41252,3
41252,5
41253,3
41253,9
41253,1
41254,3
41254,161
41255,3
41256,1
41256,5
41257,3
41257,1
41257,5
41258,3
41258,5
41259,2
41259,3
41259,9
41259,5
41260,2
41260,1
41261,1
41261,5
41262,4
41262,1
41262,6
41263,9
41263,1
41264,9
41265,3
41265,5
41266,3
41266,1
41266,5
41267,3
41267,5
41268,4
41268,1
41268,6
41269,3
41269,9
41269,5
41270,13
41270,6
41271,4
41271,1
41271,6
41272,4
41272,1
41272,6
41273,9
41274,3
41275,3
41276,3
41277,3
41277,1
41277,5
41278,3
41278,5
41279,9
41279,5
41280,3
41280,5
41281,9
41281,83
41281,2
41281,3
41281,17
41282,1
41282,5
41283,9
41284,4
41284,9
41284,1
41284,5
41285,3
41285,5
41286,2
41286,1
41287,1
41287,5
41288,5
41288,9
41288,1
41289,3
41290,29
41290,1
41291,9
41291,83
41291,2
41291,3
41291,17
41292,3
41292,1
41292,5
41293,9
41293,83
41293,2
41293,3
41293,17
41294,1
41294,5
41295,3
41295,5
41296,3
41296,9
41296,1
41297,5
41298,5
41299,9
41299,1
41299,5
41299,13
41300,3
41300,5
41301,9
41302,3
41302,5
41303,1
41303,5
41304,3
41305,4
41305,1
41305,6
41306,4
41306,9
41306,1
41306,5
41307,3
41307,161
41308,9
41309,3
41309,5
41310,2
41310,1
41311,1
41311,5
41312,3
41312,5
41313,3
41314,9
41314,5
41315,4
41315,1
41315,6
41316,3
41316,9
41316,1
41317,3
41317,1
41317,5
41318,5
41318,1
41318,17
41318,13
41319,3
41319,5
41320,3
41320,5
41321,1
41321,5
41322,3
41322,5
41323,3
41324,3
41325,3
41326,9
41326,1
41326,5
41327,3
41328,3
41328,1
41328,5
41329,3
41329,161
41330,3
41330,161
41331,3
41331,5
41332,1
41332,5
41333,4
41333,9
41333,1
41333,5
41334,2
41334,1
41335,3
41336,1
41336,5
41337,3
41338,47
41338,1
41338,3
41338,56
41338,5
41339,3
41339,1
41339,5
41340,3
41340,5
41341,9
41341,1
41341,5
41342,4
41342,1
41342,6
41343,3
41344,1
41344,5
41345,2
41345,1
41346,3
41346,1
41346,5
41347,1
41347,5
41348,3
41348,5
41349,1
41349,5
41350,9
41351,3
41352,2
41352,1
41353,1
41353,5
41354,3
41354,1
41354,5
41355,3
41355,5
41355,13
41356,1
41356,5
41357,29
41357,1
41357,5
41358,3
41359,2
41359,1
41360,9
41360,1
41360,13
41360,83
41361,1
41361,5
41362,2
41362,29
41363,3
41364,3
41365,3
41366,3
41367,3
41368,2
41368,1
41369,4
41369,1
41369,6
41370,3
41370,5
41371,3
41372,9
41372,1
41372,5
41372,13
41373,9
41374,1
41374,5
41375,3
41375,5
41376,29
41376,9
41376,1
41377,29
41377,9
41377,1
41378,3
41378,5
41379,29
41379,9
41379,1
41380,40
41380,9
41380,29
41380,1
41380,2
41380,4
41380,56
41380,13
41380,6
41381,3
41382,3
41383,3
41383,5
41384,40
41384,9
41384,29
41384,1
41384,2
41384,4
41384,56
41384,13
41384,6
41385,3
41385,5
41386,3
41387,29
41387,1
41387,5
41388,4
41388,9
41388,1
41388,5
41389,40
41389,5
41390,3
41390,5
41391,3
41391,5
41392,2
41392,29
41393,3
41393,5
41394,29
41394,9
41395,29
41395,13
41395,6
41396,47
41396,29
41396,4
41396,3
41396,6
41397,3
41397,5
41398,3
41398,5
41399,3
41399,161
41400,3
41401,2
41401,1
41402,9
41402,83
41402,2
41402,3
41402,17
41403,9
41404,3
41405,9
41405,1
41405,5
41406,1
41406,5
41407,2
41407,1
41408,3
41408,1
41408,5
41409,1
41409,5
41410,3
41411,2
41411,1
41412,47
41412,83
41412,2
41412,13
41412,17
41412,6
41413,9
41413,1
41413,4
41413,56
41413,6
41414,3
41414,5
41415,9
41415,5
41416,1
41416,5
41417,2
41417,1
41418,3
41419,3
41419,9
41419,5
41420,3
41420,1
41420,5
41421,1
41421,5
41422,1
41422,5
41423,3
41424,2
41424,1
41425,9
41425,5
41426,9
41426,5
41427,3
41427,5
41428,29
41428,1
41428,5
41428,13
41428,17
41429,3
41430,9
41430,5
41430,13
41431,9
41431,5
41431,13
41432,2
41432,29
41433,3
41433,5
41434,1
41434,5
41435,9
41435,1
41436,9
41436,1
41437,3
41437,5
41438,3
41438,161
41439,5
41439,1
41439,17
41439,13
41440,3
41441,1
41441,5
41442,2
41442,1
41443,2
41443,3
41443,9
41443,5
41444,17
41444,12
41444,9
41444,5
41445,9
41445,1
41446,2
41446,1
41447,29
41447,1
41447,5
41448,1
41448,5
41449,3
41450,3
41450,1
41451,3
41451,1
41451,5
41452,3
41452,5
41453,3
41454,29
41454,9
41454,1
41455,9
41455,1
41456,3
41456,1
41456,5
41457,1
41457,5
41458,29
41458,1
41458,5
41459,9
41460,3
41460,161
41461,47
41461,29
41461,4
41461,3
41461,6
41462,29
41462,9
41462,1
41463,2
41463,29
41464,1
41464,5
41465,1
41465,5
41466,3
41466,9
41466,5
41467,47
41467,29
41467,4
41467,3
41467,6
41468,9
41468,5
41469,3
41470,9
41471,9
41471,5
41472,3
41472,161
41473,9
41473,83
41473,2
41473,3
41473,17
41474,40
41474,5
41475,3
41475,5
41476,3
41476,5
41477,2
41477,29
41478,4
41478,1
41478,6
41479,3
41479,5
41480,3
41480,5
41481,3
41481,5
41482,3
41482,5
41483,1
41483,2
41483,3
41483,4
41483,5
41483,6
41484,13
41484,6
41485,3
41485,161
41486,3
41487,4
41487,9
41487,1
41487,5
41488,3
41488,161
41489,47
41489,83
41489,2
41489,13
41489,17
41489,6
41490,29
41490,1
41490,5
41491,5
41491,9
41491,1
41492,3
41493,2
41493,1
41494,9
41495,3
41495,9
41495,5
41496,3
41497,4
41497,1
41497,6
41498,2
41498,1
41499,1
41499,5
41500,3
41500,1
41500,5
41501,9
41501,83
41501,2
41501,3
41501,17
41502,9
41502,83
41502,2
41502,3
41502,17
41503,9
41503,5
41504,29
41504,6
41504,17
41504,83
41505,9
41505,5
41506,1
41506,5
41507,4
41507,1
41507,6
41508,9
41508,1
41509,29
41509,9
41509,1
41510,3
41511,3
41512,9
41512,1
41513,4
41513,1
41513,6
41514,1
41514,5
41515,9
41516,2
41516,29
41517,9
41518,9
41518,5
41518,13
41519,19
41520,9
41520,1
41520,83
41520,5
41520,6
41521,11
41521,3
41521,5
41522,3
41523,29
41523,9
41524,3
41524,161
41525,5
41525,9
41525,1
41526,9
41526,5
41527,3
41527,5
41528,9
41528,1
41528,5
41529,1
41529,5
41530,1
41530,5
41531,3
41531,13
41531,6
41532,3
41533,3
41534,3
41534,161
41535,11
41535,3
41535,5
41536,2
41536,1
41537,3
41538,3
41538,9
41538,5
41539,29
41539,9
41539,1
41539,111
41540,3
41540,9
41540,13
41541,3
41542,3
41543,3
41544,11
41544,3
41544,5
41545,11
41545,3
41545,5
41546,3
41547,19
41548,4
41548,1
41548,6
41549,4
41549,1
41549,6
41550,3
41550,9
41550,5
41551,40
41551,9
41551,29
41551,1
41551,2
41551,4
41551,56
41551,13
41551,6
41552,3
41553,3
41553,5
41554,3
41555,9
41555,5
41556,3
41556,1
41556,5
41557,3
41557,1
41558,9
41559,1
41559,5
41560,4
41560,11
41560,1
41561,11
41561,3
41561,5
41562,13
41562,6
41563,40
41563,9
41563,29
41563,1
41563,2
41563,4
41563,56
41563,13
41563,6
41564,3
41564,5
41565,9
41565,1
41566,29
41566,1
41566,5
41567,1
41567,5
41568,3
41568,5
41569,3
41569,5
41570,166
41570,19
41571,3
41572,3
41572,161
41573,3
41573,13
41574,2
41574,1
41575,3
41575,5
41576,9
41576,1
41577,1
41577,5
41578,3
41578,5
41579,3
41579,5
41580,3
41580,13
41581,3
41582,166
41582,19
41583,3
41583,161
41584,3
41584,13
41585,2
41585,1
41586,3
41586,13
41587,29
41587,1
41588,1
41588,5
41589,2
41589,1
41590,3
41590,1
41590,5
41591,9
41591,5
41592,3
41593,29
41593,1
41593,5
41594,9
41594,5
41595,1
41595,5
41596,9
41596,1
41597,2
41597,1
41598,9
41599,9
41600,3
41601,1
41601,5
41602,3
41602,5
41603,3
41603,1
41603,5
41604,11
41604,3
41604,5
41605,3
41605,161
41606,3
41607,1
41607,5
41608,1
41608,5
41609,4
41609,9
41609,1
41609,5
41610,2
41610,1
41611,29
41611,1
41612,1
41612,5
41613,29
41613,1
41613,5
41614,2
41614,1
41615,2
41615,3
41616,9
41616,5
41617,9
41617,5
41618,9
41618,5
41619,2
41619,1
41620,3
41620,9
41620,5
41621,1
41621,5
41622,3
41622,5
41623,9
41623,5
41624,9
41624,1
41624,5
41625,3
41625,1
41625,5
41626,2
41626,1
41627,1
41627,5
41628,3
41629,3
41629,13
41630,2
41630,1
41631,3
41631,9
41631,5
41632,1
41632,5
41633,1
41633,5
41634,3
41634,5
41635,3
41635,9
41635,5
41636,2
41636,1
41637,1
41637,5
41638,29
41638,9
41638,1
41638,5
41639,3
41640,3
41640,9
41640,5
41641,2
41641,1
41642,1
41642,5
41643,1
41643,5
41644,3
41644,9
41644,5
41645,3
41645,5
41646,2
41646,1
41647,1
41647,5
41648,3
41649,9
41649,5
41650,4
41650,11
41650,1
41651,2
41651,1
41652,3
41652,9
41652,5
41653,1
41653,5
41654,9
41655,3
41656,2
41656,1
41657,1
41657,5
41658,3
41658,1
41658,5
41659,1
41659,2
41659,3
41659,4
41659,5
41659,6
41660,9
41660,1
41661,29
41661,13
41661,6
41662,4
41662,1
41662,6
41663,4
41663,1
41663,6
41664,9
41664,5
41665,4
41665,1
41665,6
41666,1
41666,5
41667,5
41667,3
41667,9
41667,1
41668,9
41668,1
41668,5
41669,9
41669,1
41670,2
41670,1
41671,9
41671,1
41672,3
41673,1
41673,5
41674,11
41674,5
41675,3
41675,1
41675,5
41676,9
41676,83
41676,3
41676,111
41676,13
41676,6
41677,4
41677,1
41677,6
41678,9
41678,5
41679,9
41679,1
41680,9
41680,1
41681,3
41681,9
41681,1
41682,3
41682,5
41682,13
41683,9
41684,3
41684,161
41685,1
41685,5
41686,11
41686,3
41686,5
41687,2
41687,1
41688,3
41689,29
41689,1
41689,5
41690,3
41690,5
41691,3
41692,13
41692,6
41693,3
41693,5
41694,9
41694,5
41694,13
41695,1
41695,5
41696,3
41696,9
41696,5
41697,13
41697,6
41698,13
41698,6
41699,13
41699,6
41700,2
41700,1
41701,13
41701,6
41702,3
41702,13
41703,9
41703,1
41704,3
41704,161
41705,3
41705,5
41706,3
41707,3
41708,2
41708,1
41709,1
41709,5
41710,40
41710,9
41710,29
41710,1
41710,17
41710,6
41711,3
41711,5
41712,1
41712,5
41713,1
41713,5
41714,9
41714,29
41714,1
41714,56
41714,111
41714,17
41715,2
41715,3
41715,1
41715,5
41716,2
41716,3
41716,5
41717,2
41717,1
41718,1
41718,5
41719,1
41719,2
41719,3
41719,4
41719,5
41719,6
41720,29
41720,9
41720,1
41720,13
41721,29
41721,9
41721,1
41721,13
41722,11
41722,3
41723,3
41724,3
41724,1
41724,5
41725,29
41725,1
41725,5
41726,29
41726,17
41727,3
41728,29
41728,9
41728,1
41728,13
41729,2
41729,9
41729,1
41729,5
41730,3
41730,5
41731,3
41731,5
41732,3
41732,11
41732,1
41732,5
41733,2
41733,1
41734,3
41734,5
41735,317
41735,2
41735,5
41735,4
41736,9
41736,5
41737,1
41737,5
41738,17
41738,12
41738,9
41738,5
41739,2
41739,3
41739,1
41739,5
41740,2
41740,3
41740,1
41740,5
41741,1
41741,17
41742,9
41742,1
41743,2
41743,9
41743,5
41744,3
41745,9
41746,3
41747,11
41747,3
41748,40
41748,1
41748,5
41749,9
41749,1
41749,5
41750,1
41750,5
41751,9
41752,3
41752,5
41753,3
41753,5
41754,2
41754,1
41755,9
41755,1
41755,83
41755,5
41755,13
41755,17
41756,29
41756,9
41757,9
41758,29
41758,6
41758,17
41758,83
41759,3
41759,5
41760,1
41760,5
41761,9
41762,29
41762,13
41762,6
41763,3
41763,5
41764,47
41764,316
41764,1
41764,83
41764,6
41765,29
41765,5
41766,9
41767,12
41767,3
41767,56
41767,5
41767,74
41767,17
41768,9
41769,5
41769,9
41769,1
41770,9
41770,1
41770,5
41770,13
41771,9
41771,5
41772,3
41773,3
41773,161
41774,9
41774,1
41775,9
41776,2
41776,1
41777,9
41777,1
41778,9
41778,83
41778,2
41778,3
41778,17
41779,9
41779,5
41780,9
41780,5
41781,3
41781,5
41782,29
41782,1
41782,5
41783,9
41783,5
41784,29
41784,9
41784,1
41785,9
41785,5
41786,9
41786,5
41787,9
41787,5
41788,4
41788,1
41788,6
41789,9
41789,1
41790,3
41791,9
41791,5
41792,9
41793,29
41793,1
41794,9
41794,1
41795,3
41795,161
41796,3
41796,5
41797,3
41797,5
41798,3
41798,5
41799,3
41799,5
41800,9
41801,9
41801,1
41802,2
41802,11
41802,5
41802,13
41803,13
41803,6
41804,2
41804,29
41805,3
41806,2
41806,1
41807,9
41807,1
41807,5
41808,9
41809,3
41809,9
41809,1
41810,3
41810,9
41810,1
41811,2
41811,1
41812,3
41812,9
41812,1
41813,1
41813,5
41814,9
41814,5
41815,4
41815,1
41815,6
41816,29
41816,9
41816,1
41817,4
41817,1
41817,6
41818,3
41819,9
41819,5
41820,3
41820,161
41821,3
41822,40
41822,9
41822,316
41822,47
41822,29
41822,1
41822,83
41822,317
41822,56
41822,5
41822,74
41822,13
41822,17
41822,318
41822,6
41823,2
41823,3
41823,5
41824,9
41824,5
41825,40
41825,1
41825,5
41826,9
41826,5
41827,9
41827,5
41828,9
41828,5
41829,9
41829,5
41830,3
41831,2
41831,1
41832,9
41833,9
41834,9
41834,1
41834,5
41835,2
41835,29
41836,3
41837,3
41838,3
41839,3
41840,9
41840,5
41841,9
41842,4
41842,11
41842,1
41843,3
41844,3
41845,3
41846,3
41847,2
41847,1
41848,9
41848,1
41848,13
41848,83
41849,1
41849,5
41850,3
41851,3
41852,29
41852,1
41853,2
41853,29
41854,9
41854,5
41855,3
41856,2
41856,1
41857,29
41857,9
41857,1
41858,13
41859,3
41859,5
41860,9
41860,1
41860,5
41861,9
41861,1
41861,83
41861,5
41861,13
41861,17
41862,29
41862,6
41862,17
41862,83
41863,9
41864,1
41864,5
41865,3
41865,5
41866,2
41866,1
41867,1
41867,5
41868,40
41868,1
41868,5
41869,3
41870,3
41871,1
41871,5
41872,3
41872,5
41873,40
41873,9
41873,29
41873,1
41873,17
41873,6
41874,3
41874,1
41874,5
41875,4
41875,9
41875,1
41875,5
41876,3
41876,5
41877,3
41877,5
41878,1
41878,5
41879,9
41879,1
41880,3
41881,9
41881,1
41881,5
41882,4
41882,1
41882,6
41883,29
41883,9
41883,1
41884,13
41885,9
41885,1
41885,5
41886,9
41886,1
41886,4
41886,56
41886,6
41887,3
41887,161
41888,3
41888,5
41889,40
41889,1
41889,5
41890,29
41890,9
41890,1
41891,3
41891,5
41892,5
41892,1
41892,17
41892,13
41893,3
41893,9
41893,1
41894,2
41894,1
41895,1
41895,5
41896,3
41897,1
41897,5
41898,3
41898,1
41898,5
41899,29
41899,1
41899,5
41900,4
41900,11
41900,1
41901,9
41901,1
41901,83
41901,5
41901,13
41901,17
41902,29
41902,9
41902,1
41903,9
41903,1
41903,5
41904,3
41904,5
41905,9
41905,1
41905,5
41906,9
41906,1
41906,5
41907,29
41907,9
41908,3
41908,1
41908,5
41909,9
41909,83
41909,3
41909,111
41909,13
41909,6
41910,166
41910,19
41911,1
41911,5
41912,3
41912,5
41912,13
41913,9
41913,1
41913,4
41913,56
41913,6
41914,4
41914,40
41914,1
41914,75
41915,9
41915,1
41916,9
41917,3
41917,9
41917,5
41918,3
41919,4
41919,1
41919,6
41920,9
41920,5
41920,13
41921,11
41921,3
41921,5
41922,3
41923,3
41923,1
41923,5
41924,29
41924,1
41924,5
41925,9
41926,9
41926,5
41927,3
41927,5
41928,1
41928,5
41929,1
41929,5
41930,3
41931,2
41931,29
41932,3
41933,3
41934,3
41934,5
41935,3
41936,3
41936,161
41937,29
41937,9
41937,1
41938,9
41938,1
41938,5
41939,1
41939,5
41940,3
41940,5
41941,9
41941,1
41941,83
41941,5
41941,13
41941,17
41942,13
41943,9
41943,5
41944,9
41945,3
41946,4
41946,11
41946,1
41947,40
41947,1
41947,5
41948,1
41948,5
41949,1
41949,5
41950,3
41951,1
41951,5
41952,40
41952,9
41952,29
41952,1
41952,17
41952,6
41953,3
41953,5
41954,9
41954,29
41954,1
41954,56
41954,111
41954,17
41955,9
41956,3
41956,5
41957,1
41957,5
41958,1
41958,4
41958,74
41958,75
41958,17
41959,3
41959,5
41960,3
41960,5
41961,9
41962,3
41962,9
41962,1
41963,3
41963,5
41964,3
41964,13
41965,3
41965,9
41965,1
41966,29
41966,1
41966,5
41967,3
41967,13
41968,3
41968,9
41968,1
41968,5
41969,29
41969,9
41970,3
41971,29
41971,9
41971,1
41971,111
41972,29
41972,9
41972,1
41972,111
41973,3
41973,5
41974,3
41974,1
41974,5
41975,9
41975,5
41976,29
41976,9
41976,1
41977,3
41977,5
41978,3
41978,5
41979,3
41979,13
41980,3
41980,5
41981,9
41981,5
41982,3
41982,5
41983,1
41983,4
41983,2
41983,56
41983,5
41983,17
41983,6
41984,3
41984,5
41985,9
41985,5
41986,9
41986,5
41987,3
41987,5
41988,9
41988,5
41989,9
41989,5
41990,47
41990,29
41990,4
41990,3
41990,6
41991,3
41991,9
41991,5
41992,3
41992,5
41993,9
41993,5
41994,9
41994,1
41995,9
41995,5
41996,9
41996,5
41997,3
41998,29
41998,9
41998,1
41999,9
41999,5
42000,11
42000,5
42001,5
42001,17
42001,13
42002,9
42002,5
42003,29
42003,1
42003,5
42004,17
42004,12
42004,9
42004,5
42005,29
42005,9
42005,1
42006,2
42006,29
42007,9
42007,1
42008,9
42008,5
42009,4
42009,3
42009,1
42009,5
42010,3
42010,5
42011,9
42011,5
42012,9
42012,5
42013,9
42013,5
42014,9
42014,5
42015,3
42016,29
42016,9
42016,1
42017,9
42018,9
42018,5
42019,29
42019,1
42019,5
42020,9
42020,5
42021,1
42021,5
42022,9
42022,5
42023,29
42023,9
42023,1
42024,29
42024,9
42024,1
42024,5
42025,9
42025,83
42025,2
42025,3
42025,17
42026,3
42026,5
42027,9
42027,1
42028,9
42028,5
42029,9
42029,5
42030,2
42030,1
42031,3
42032,5
42032,3
42032,9
42032,1
42033,3
42033,161
42034,29
42034,9
42034,1
42034,5
42035,3
42035,161
42036,3
42036,5
42037,3
42037,5
42038,3
42039,1
42039,5
42040,2
42040,1
42041,3
42041,1
42041,5
42042,3
42042,5
42043,9
42043,1
42044,2
42044,1
42045,9
42045,5
42046,3
42046,9
42046,1
42047,9
42047,83
42047,2
42047,3
42047,17
42048,3
42048,5
42049,9
42049,5
42049,13
42050,3
42050,5
42051,3
42052,9
42052,5
42053,9
42053,5
42054,3
42054,161
42055,29
42055,9
42055,1
42056,3
42056,5
42057,29
42057,9
42057,1
42057,13
42058,29
42058,9
42058,1
42058,5
42059,9
42059,1
42059,83
42059,5
42059,6
42060,3
42060,5
42061,9
42061,5
42062,3
42063,3
42064,9
42065,3
42065,5
42066,9
42066,5
42067,9
42067,83
42067,2
42067,3
42067,17
42068,3
42068,161
42069,2
42069,1
42070,9
42070,1
42071,29
42071,5
42072,3
42073,29
42073,5
42074,5
42074,13
42075,3
42075,5
42076,3
42077,11
42077,3
42077,5
42078,3
42078,161
42079,4
42079,1
42079,6
42080,3
42081,9
42081,5
42082,4
42082,1
42082,6
42083,2
42083,1
42084,3
42084,1
42084,5
42085,1
42085,17
42086,1
42086,17
42087,3
42087,5
42088,29
42088,1
42088,5
42089,1
42089,5
42090,3
42090,5
42091,3
42091,5
42092,3
42092,5
42093,3
42093,5
42094,29
42094,9
42094,1
42095,3
42096,3
42096,5
42097,3
42097,5
42098,4
42098,11
42098,1
42099,29
42099,9
42099,1
42100,3
42100,19
42101,3
42102,3
42102,5
42103,3
42103,5
42104,3
42104,161
42105,9
42105,5
42106,3
42107,9
42107,83
42107,2
42107,3
42107,17
42108,3
42108,9
42108,5
42108,13
42109,9
42109,5
42110,3
42110,5
42111,3
42112,2
42112,1
42113,29
42113,1
42113,5
42114,3
42115,3
42115,5
42116,3
42116,5
42117,3
42118,29
42118,9
42118,1
42119,2
42119,3
42120,40
42120,9
42120,29
42120,1
42120,2
42120,4
42120,56
42120,13
42120,6
42121,9
42121,5
42122,9
42122,5
42123,9
42123,5
42124,29
42124,9
42124,1
42125,2
42125,3
42126,5
42126,9
42126,1
42127,9
42127,83
42127,2
42127,3
42127,17
42128,3
42128,5
42129,29
42129,6
42129,17
42129,83
42130,9
42130,5
42131,166
42131,19
42132,9
42132,1
42133,3
42133,13
42134,9
42134,1
42135,9
42135,1
42136,2
42136,1
42137,3
42137,9
42137,5
42138,3
42138,1
42138,5
42139,9
42139,83
42139,2
42139,3
42139,17
42140,9
42140,1
42140,13
42140,83
42141,1
42141,5
42142,3
42142,9
42142,5
42143,29
42143,1
42143,5
42144,2
42144,29
42145,3
42145,161
42146,5
42146,17
42146,13
42147,3
42147,161
42148,2
42148,1
42149,47
42149,1
42149,3
42149,56
42149,5
42150,12
42150,3
42150,56
42150,5
42150,74
42150,17
42151,3
42152,3
42152,5
42153,3
42153,5
42154,9
42154,1
42155,2
42155,29
42156,9
42156,1
42157,29
42157,9
42157,1
42158,4
42158,9
42158,1
42158,5
42159,4
42159,9
42159,1
42159,5
42160,3
42161,29
42161,9
42162,2
42162,1
42163,3
42163,13
42164,9
42164,1
42164,5
42165,9
42166,1
42166,5
42167,3
42167,5
42168,9
42168,5
42169,29
42169,1
42170,3
42170,9
42170,5
42171,3
42171,5
42172,3
42172,5
42173,29
42173,1
42174,3
42174,1
42175,4
42175,1
42175,6
42176,3
42176,1
42177,3
42177,5
42178,3
42178,5
42179,4
42179,1
42179,6
42180,3
42181,2
42181,1
42182,9
42183,9
42183,1
42183,5
42184,3
42184,9
42184,5
42185,9
42185,5
42186,1
42186,5
42187,4
42187,1
42187,6
42188,9
42188,5
42189,3
42190,29
42190,9
42190,1
42190,5
42191,9
42191,5
42192,9
42192,5
42193,3
42193,5
42194,1
42195,29
42195,1
42196,3
42196,1
42197,3
42197,1
42198,9
42198,1
42199,4
42199,1
42199,6
42200,4
42200,1
42200,6
42201,4
42201,11
42201,1
42202,3
42202,9
42202,1
42203,9
42203,5
42204,3
42205,2
42205,1
42206,9
42206,1
42207,29
42207,9
42207,1
42208,3
42208,5
42209,9
42209,1
42209,5
42210,4
42210,9
42210,1
42210,5
42211,9
42212,1
42212,5
42213,4
42213,3
42213,1
42213,5
42214,3
42215,3
42215,5
42216,2
42216,3
42216,1
42216,5
42217,29
42217,9
42217,1
42217,111
42218,9
42219,11
42219,3
42219,5
42220,3
42221,11
42221,3
42221,5
42222,3
42222,161
42223,3
42224,11
42224,3
42224,5
42225,3
42226,5
42226,3
42226,9
42226,1
42227,3
42228,9
42228,1
42228,83
42228,5
42228,6
42229,3
42230,9
42230,5
42231,4
42231,1
42231,6
42232,29
42232,13
42232,6
42233,3
42233,5
42234,3
42234,5
42235,29
42235,1
42235,5
42236,3
42237,3
42238,2
42238,1
42239,11
42239,3
42239,5
42240,3
42240,5
42241,1
42241,5
42242,2
42242,1
42243,3
42244,4
42244,40
42244,1
42244,75
42245,3
42245,1
42245,5
42246,9
42246,5
42247,9
42247,83
42247,2
42247,3
42247,17
42248,9
42248,5
42249,4
42249,1
42249,6
42250,29
42250,6
42250,17
42250,83
42251,29
42251,1
42252,3
42253,9
42253,1
42254,3
42254,1
42254,5
42255,29
42255,9
42255,1
42256,9
42256,5
42257,9
42257,83
42257,2
42257,3
42257,17
42258,3
42259,4
42259,1
42259,6
42260,1
42260,5
42261,9
42262,9
42262,5
42262,13
42263,2
42263,29
42264,4
42264,3
42264,1
42264,5
42265,9
42265,1
42266,3
42266,5
42266,13
42267,3
42267,1
42267,5
42268,4
42268,1
42268,6
42269,3
42270,29
42270,9
42271,3
42271,161
42272,1
42272,5
42273,29
42273,9
42273,1
42273,5
42274,1
42274,4
42274,2
42274,56
42274,5
42274,17
42274,6
42275,29
42275,6
42275,17
42275,83
42276,9
42276,83
42276,2
42276,3
42276,17
42277,29
42277,1
42278,3
42279,9
42279,1
42279,5
42280,3
42280,161
42281,4
42281,11
42281,1
42282,9
42282,5
42283,3
42284,2
42284,1
42285,1
42285,5
42286,3
42286,1
42286,5
42287,11
42287,5
42288,1
42288,2
42288,3
42288,4
42288,5
42288,6
42289,3
42289,9
42289,1
42290,3
42290,5
42291,1
42291,5
42292,3
42292,9
42292,5
42293,9
42293,1
42294,3
42294,5
42295,2
42295,1
42296,1
42296,5
42297,3
42297,5
42298,3
42299,3
42299,1
42299,5
42300,1
42300,5
42301,9
42301,5
42302,3
42302,9
42302,1
42302,5
42303,9
42303,5
42304,3
42304,9
42304,1
42305,2
42305,1
42306,1
42306,5
42307,4
42307,9
42307,1
42307,5
42308,3
42309,2
42309,3
42310,4
42310,1
42310,6
42311,3
42311,1
42311,5
42312,11
42312,3
42312,5
42313,3
42314,40
42314,9
42314,29
42314,1
42314,2
42314,4
42314,56
42314,13
42314,6
42315,4
42315,9
42315,1
42315,5
42316,9
42316,5
42317,9
42317,5
42318,9
42318,5
42319,3
42319,5
42320,40
42320,9
42320,29
42320,1
42320,2
42320,4
42320,56
42320,13
42320,6
42321,3
42322,2
42322,1
42323,11
42323,3
42323,5
42324,3
42324,5
42325,4
42325,1
42325,6
42326,3
42326,13
42326,6
42327,29
42327,9
42328,29
42328,9
42329,3
42329,5
42330,9
42330,5
42331,9
42331,1
42332,9
42332,5
42333,2
42333,1
42334,3
42334,5
42335,3
42336,2
42336,1
42337,3
42337,5
42338,2
42338,29
42339,9
42340,3
42340,5
42341,2
42341,29
42342,2
42342,3
42343,3
42343,1
42343,5
42344,3
42344,5
42345,4
42345,40
42345,1
42345,75
42346,3
42347,4
42347,40
42347,1
42347,75
42348,2
42348,1
42349,9
42349,1
42349,83
42349,5
42349,6
42350,9
42350,1
42350,5
42351,3
42352,2
42352,1
42353,1
42353,5
42354,9
42354,1
42355,3
42355,1
42355,5
42356,11
42356,5
42357,9
42357,1
42358,1
42358,2
42358,3
42358,4
42358,5
42358,6
42359,4
42359,1
42359,6
42360,9
42360,5
42361,1
42361,5
42362,3
42362,1
42362,5
42363,9
42363,5
42364,3
42364,5
42365,11
42365,5
42366,1
42366,5
42367,2
42367,1
42368,9
42368,29
42368,1
42368,56
42368,111
42368,17
42369,9
42369,5
42370,9
42370,5
42370,13
42371,9
42371,5
42371,13
42372,3
42373,2
42373,1
42374,3
42374,1
42374,5
42375,3
42376,3
42377,2
42377,11
42377,5
42378,9
42378,5
42379,3
42380,3
42381,9
42381,5
42382,3
42382,5
42383,9
42383,5
42384,3
42385,3
42386,1
42386,5
42387,3
42387,5
42388,1
42388,5
42389,1
42389,5
42390,1
42390,5
42391,5
42391,9
42391,1
42392,3
42392,11
42392,1
42392,5
42393,2
42393,1
42394,9
42395,9
42395,1
42395,83
42395,5
42395,13
42395,17
42396,3
42396,5
42397,13
42398,40
42398,5
42399,9
42399,1
42399,5
42400,2
42400,3
42401,3
42401,1
42401,5
42402,9
42403,1
42403,5
42404,9
42404,1
42404,5
42405,9
42405,1
42405,5
42406,3
42406,161
42407,9
42407,1
42408,3
42408,5
42409,29
42409,9
42409,1
42410,9
42410,5
42411,29
42411,9
42411,1
42412,3
42413,9
42414,1
42414,5
42415,2
42415,1
42416,3
42416,1
42416,5
42417,9
42417,1
42418,1
42418,2
42418,3
42418,4
42418,5
42418,6
42419,4
42419,9
42419,1
42419,5
42420,9
42420,1
42421,9
42421,1
42422,9
42422,1
42423,9
42423,1
42424,166
42424,19
42425,3
42426,9
42426,1
42426,5
42427,4
42427,9
42427,1
42427,5
42428,2
42428,1
42429,1
42429,5
42430,3
42430,1
42430,5
42431,3
42431,13
42431,6
42432,12
42432,3
42432,56
42432,5
42432,74
42432,17
42433,4
42433,9
42433,1
42433,5
42434,9
42434,1
42434,5
42435,9
42435,1
42436,9
42436,1
42437,9
42437,1
42437,5
42438,2
42438,1
42439,11
42439,3
42439,5
42440,9
42441,2
42441,1
42442,2
42442,1
42443,9
42443,5
42444,3
42445,3
42445,1
42445,5
42446,9
42446,1
42447,4
42447,9
42447,1
42447,5
42448,9
42448,1
42449,4
42449,1
42449,6
42450,3
42450,5
42450,13
42450,6
42451,3
42451,5
42451,13
42451,6
42452,166
42452,19
42453,2
42453,1
42454,9
42454,1
42455,3
42455,5
42456,4
42456,1
42456,6
42457,4
42457,9
42457,1
42457,5
42458,2
42458,3
42458,9
42458,5
42459,1
42459,17
42460,9
42460,1
42461,2
42461,3
42461,5
42462,11
42462,5
42463,5
42463,17
42463,13
42464,2
42464,9
42464,1
42464,5
42465,3
42465,9
42465,5
42466,3
42466,5
42467,3
42467,5
42468,29
42468,1
42468,5
42469,3
42469,9
42469,5
42470,3
42470,5
42471,3
42472,3
42472,9
42472,5
42473,2
42473,1
42474,1
42474,5
42475,1
42475,5
42476,5
42476,9
42476,1
42477,11
42477,3
42477,5
42478,166
42478,19
42479,4
42479,9
42479,1
42479,5
42480,9
42481,9
42481,1
42481,5
42482,9
42483,3
42484,3
42485,2
42485,29
42486,3
42487,3
42488,4
42488,1
42488,6
42489,3
42490,2
42490,1
42491,5
42491,1
42491,17
42491,13
42492,9
42492,1
42492,5
42493,9
42494,9
42495,3
42496,3
42497,2
42497,29
42498,3
42499,5
42499,1
42499,17
42499,13
42500,3
42501,3
42502,3
42503,2
42503,1
42504,9
42504,5
42504,13
42505,9
42505,1
42505,5
42506,29
42506,13
42506,6
42507,3
42507,1
42507,5
42508,9
42509,2
42509,1
42510,1
42510,5
42511,3
42511,1
42511,5
42512,3
42513,3
42513,1
42513,5
42514,9
42514,1
42515,9
42515,1
42516,9
42516,1
42517,1
42517,17
42518,9
42518,1
42519,4
42519,11
42519,1
42520,9
42520,1
42521,1
42521,5
42521,13
42522,9
42522,83
42522,2
42522,3
42522,17
42523,3
42523,1
42523,5
42524,1
42524,5
42525,29
42525,5
42526,3
42526,5
42527,3
42528,29
42528,1
42529,29
42529,17
42530,9
42530,1
42530,4
42530,56
42530,6
42531,5
42531,1
42531,17
42531,13
42532,3
42533,9
42534,4
42534,9
42534,1
42534,5
42535,29
42535,1
42535,5
42536,9
42536,1
42537,1
42537,5
42538,2
42538,1
42539,4
42539,1
42539,6
42540,3
42540,5
42541,29
42541,6
42541,17
42541,83
42542,3
42543,4
42543,1
42543,6
42544,5
42544,9
42544,1
42545,9
42545,83
42545,2
42545,3
42545,17
42546,3
42546,5
42547,9
42547,5
42548,3
42548,161
42549,3
42549,161
42550,3
42550,5
42551,3
42552,9
42552,83
42552,2
42552,3
42552,17
42553,3
42553,1
42553,5
42554,1
42554,5
42555,4
42555,1
42555,6
42556,9
42556,1
42556,5
42557,3
42558,3
42558,1
42558,5
42559,3
42560,3
42560,5
42561,3
42561,9
42561,5
42562,3
42562,9
42562,5
42563,1
42563,2
42563,3
42563,4
42563,5
42563,6
42564,1
42564,5
42565,2
42565,1
42566,3
42567,3
42568,3
42568,1
42568,5
42569,9
42569,5
42570,9
42570,5
42571,4
42571,5
42572,3
42573,2
42573,1
42574,3
42574,5
42575,29
42575,1
42575,5
42576,2
42576,1
42577,9
42578,1
42578,5
42579,9
42579,1
42580,1
42580,2
42580,3
42580,4
42580,5
42580,6
42581,3
42582,19
42583,9
42583,5
42584,3
42584,1
42584,5
42585,1
42585,5
42586,9
42586,1
42586,5
42587,3
42587,1
42587,5
42588,19
42589,3
42589,9
42589,1
42590,9
42590,5
42590,13
42591,9
42591,1
42591,13
42591,83
42592,3
42593,2
42593,29
42594,3
42594,13
42595,29
42595,1
42596,3
42596,5
42597,2
42597,1
42598,2
42598,1
42599,3
42599,5
42600,3
42600,5
42601,2
42601,1
42602,2
42602,1
42603,11
42603,3
42604,9
42605,3
42605,9
42605,1
42606,1
42606,5
42607,29
42607,9
42607,1
42608,40
42608,9
42608,29
42608,1
42608,17
42608,6
42609,3
42609,5
42610,4
42610,1
42611,1
42611,5
42612,3
42612,5
42612,6
42613,4
42613,3
42613,1
42613,5
42614,3
42614,5
42614,6
42615,3
42615,5
42616,3
42616,9
42616,5
42617,3
42617,9
42617,5
42618,9
42618,1
42619,3
42620,29
42620,13
42620,6
42621,29
42621,9
42622,3
42622,161
42623,4
42623,1
42623,6
42624,4
42624,1
42624,6
42625,3
42625,13
42626,3
42627,40
42627,1
42627,17
42627,13
42628,9
42628,83
42628,2
42628,3
42628,17
42629,9
42629,5
42630,1
42630,5
42631,29
42631,1
42632,1
42632,5
42633,3
42633,5
42634,9
42635,9
42635,5
42636,2
42636,1
42637,9
42637,29
42637,1
42637,56
42637,111
42637,17
42638,3
42638,1
42638,5
42639,4
42639,1
42639,6
42640,4
42640,1
42640,6
42641,12
42641,3
42641,56
42641,5
42641,74
42641,17
42642,3
42642,13
42643,4
42643,1
42643,6
42644,40
42644,9
42644,29
42644,1
42644,2
42644,4
42644,56
42644,13
42644,6
42645,9
42645,5
42646,3
42646,5
42647,9
42647,5
42648,3
42649,29
42649,9
42649,1
42650,9
42650,5
42651,11
42651,3
42651,5
42652,11
42652,5
42653,3
42653,5
42654,4
42654,11
42654,1
42655,40
42655,5
42656,4
42656,3
42656,1
42656,5
42657,2
42657,1
42658,29
42658,1
42658,5
42659,9
42659,1
42659,5
42660,3
42660,5
42661,1
42661,5
42662,9
42662,5
42663,3
42664,47
42664,83
42664,2
42664,13
42664,17
42664,6
42665,4
42665,40
42665,1
42665,75
42666,2
42666,1
42667,3
42667,5
42668,3
42668,9
42668,1
42669,3
42669,5
42670,9
42670,5
42671,9
42672,1
42672,5
42673,3
42674,3
42674,5
42675,2
42675,1
42676,9
42677,3
42677,161
42678,29
42678,6
42678,17
42678,83
42679,9
42679,1
42680,3
42680,5
42681,3
42682,2
42682,1
42683,3
42683,1
42683,5
42684,1
42684,5
42685,29
42685,5
42686,1
42686,5
42687,29
42687,9
42687,1
42687,13
42688,11
42688,3
42688,5
42689,13
42689,6
42690,3
42690,5
42691,166
42691,19
42692,3
42692,11
42692,1
42692,5
42693,2
42693,3
42693,5
42694,29
42694,1
42694,5
42695,2
42695,9
42695,1
42695,5
42696,3
42697,2
42697,1
42698,3
42698,5
42699,3
42699,5
42700,9
42700,5
42701,1
42701,5
42702,9
42703,3
42704,3
42704,5
42705,2
42705,1
42706,3
42707,29
42707,6
42707,17
42707,83
42708,11
42708,3
42708,5
42709,9
42709,1
42710,3
42710,5
42711,3
42711,5
42712,3
42712,5
42713,3
42713,5
42714,3
42714,5
42715,1
42715,5
42716,2
42716,1
42717,3
42717,1
42717,5
42718,9
42718,5
42719,9
42719,5
42720,11
42720,3
42720,5
42721,2
42721,3
42721,1
42721,5
42722,11
42722,3
42722,5
42723,3
42724,9
42724,5
42725,2
42725,1
42726,3
42726,1
42726,5
42727,1
42727,5
42728,9
42728,1
42729,29
42729,9
42729,1
42729,5
42730,3
42731,2
42731,1
42732,1
42732,5
42733,1
42733,5
42734,3
42734,1
42734,5
42735,9
42735,5
42736,2
42736,1
42737,1
42737,5
42738,9
42738,1
42739,3
42740,9
42740,83
42740,2
42740,3
42740,17
42741,3
42741,1
42741,5
42742,1
42742,5
42743,9
42743,1
42744,9
42744,1
42745,2
42745,1
42746,1
42746,5
42747,29
42747,9
42747,1
42747,5
42748,9
42748,1
42748,5
42748,13
42749,3
42750,1
42750,5
42751,3
42751,1
42751,5
42752,9
42752,1
42753,3
42753,5
42754,3
42755,1
42755,5
42756,3
42756,5
42757,3
42757,161
42758,11
42758,3
42758,5
42759,1
42759,17
42760,3
42760,161
42761,9
42761,83
42761,2
42761,3
42761,17
42762,9
42762,1
42763,9
42763,316
42763,1
42763,4
42763,3
42763,5
42763,17
42763,6
42764,29
42764,9
42764,1
42764,13
42765,9
42765,316
42765,1
42765,4
42765,3
42765,5
42765,17
42765,6
42766,3
42767,2
42767,1
42768,29
42768,1
42768,5
42769,4
42769,9
42769,1
42769,5
42770,2
42770,1
42771,3
42771,9
42771,1
42771,5
42772,1
42772,5
42773,3
42774,3
42774,5
42775,3
42775,1
42775,5
42776,4
42776,1
42776,6
42777,1
42777,5
42778,3
42779,29
42779,9
42779,1
42779,5
42780,2
42780,1
42781,3
42781,1
42781,5
42782,9
42782,1
42783,4
42783,1
42783,6
42784,4
42784,1
42784,6
42785,4
42785,1
42785,6
42786,3
42786,5
42787,5
42787,9
42787,1
42788,5
42788,9
42788,1
42789,2
42789,1
42790,3
42791,9
42791,1
42792,9
42792,1
42793,9
42793,1
42793,5
42794,9
42795,9
42795,1
42795,13
42795,83
42796,3
42796,5
42797,1
42797,5
42798,2
42798,29
42799,3
42800,3
42801,3
42801,161
42802,5
42802,17
42802,13
42803,3
42803,9
42803,5
42803,13
42804,2
42804,1
42805,3
42805,9
42805,5
42805,13
42806,9
42807,9
42808,9
42808,1
42808,5
42809,5
42809,17
42809,13
42810,3
42811,3
42812,2
42812,1
42813,9
42814,2
42814,29
42815,3
42816,1
42816,5
42817,40
42817,9
42817,29
42817,1
42817,17
42817,6
42818,40
42818,9
42818,29
42818,1
42818,17
42818,6
42819,3
42819,5
42820,9
42821,2
42821,1
42822,9
42823,3
42823,5
42824,29
42824,9
42825,1
42825,5
42826,3
42826,5
42826,13
42827,3
42828,9
42828,1
42829,1
42829,5
42830,2
42830,1
42831,1
42831,5
42832,9
42832,29
42832,1
42832,56
42832,111
42832,17
42833,1
42833,5
42834,1
42834,5
42835,9
42835,29
42835,1
42835,56
42835,111
42835,17
42836,3
42836,5
42837,1
42837,5
42838,2
42838,1
42839,1
42839,5
42840,9
42840,29
42840,1
42840,56
42840,111
42840,17
42841,9
42842,9
42842,1
42842,5
42843,9
42844,2
42844,29
42845,9
42846,3
42847,9
42847,1
42847,13
42847,83
42848,5
42848,1
42848,17
42848,13
42849,1
42849,5
42850,3
42851,3
42852,2
42852,29
42853,2
42853,1
42854,3
42854,5
42854,13
42854,6
42855,1
42855,5
42856,1
42856,2
42856,3
42856,4
42856,5
42856,6
42857,3
42858,11
42858,3
42858,5
42859,29
42859,9
42859,1
42860,11
42860,3
42860,5
42861,2
42861,1
42862,9
42862,1
42862,5
42863,3
42863,5
42864,2
42864,1
42865,4
42865,9
42865,1
42865,5
42866,2
42866,1
42867,9
42867,1
42867,5
42868,2
42868,1
42869,1
42869,5
42870,3
42870,9
42870,5
42871,3
42872,1
42872,5
42873,11
42873,5
42874,4
42874,9
42874,1
42874,5
42875,3
42875,1
42875,5
42876,1
42876,2
42876,3
42876,4
42876,5
42876,6
42877,9
42877,83
42877,3
42877,111
42877,13
42877,6
42878,9
42878,83
42878,3
42878,111
42878,13
42878,6
42879,2
42879,1
42880,3
42880,5
42881,9
42881,1
42882,9
42882,1
42883,9
42884,1
42884,5
42885,2
42885,1
42886,3
42887,3
42887,1
42887,5
42888,1
42888,2
42888,3
42888,4
42888,5
42888,6
42889,4
42889,9
42889,1
42889,5
42890,9
42890,1
42891,4
42891,1
42891,6
42892,166
42892,19
42893,9
42893,1
42894,2
42894,1
42895,9
42895,1
42896,9
42896,1
42897,3
42897,5
42898,2
42898,1
42899,3
42899,5
42900,3
42900,5
42901,9
42901,1
42901,13
42901,83
42902,2
42902,1
42903,1
42903,5
42904,2
42904,29
42905,3
42906,3
42907,3
42908,3
42909,3
42910,4
42910,1
42910,6
42911,3
42912,2
42912,1
42913,1
42913,5
42914,2
42914,1
42915,3
42915,5
42916,40
42916,9
42916,29
42916,1
42916,17
42916,6
42917,3
42917,5
42918,9
42918,1
42918,5
42919,2
42919,1